id,cut,visualCutId,visualCutTitle,visualCutIndex,start,end,speaker,dialogue,reading,visualLabel,progressLabel,image,plannedImage,fallbackImage,imagePrompt,log
ep01_v001,ep01_001,vc01,深夜コンビニ外観,1,0.0,2.063,ナレーション,午前二時三分。,ごぜんにじさんぷん。,01/20　深夜コンビニ外観,01/82　ナレーション,assets/scenes/planned/ep01_vc01_store_exterior.jpg,assets/scenes/planned/ep01_vc01_store_exterior.jpg,assets/scenes/scene_01_opening.jpg,午前二時三分、国道沿いの日本のコンビニ外観。冷たい青い照明、誰もいない駐車場、静かなSFコメディの始まり。,発話ログ　01/82 / 担当　ナレーション / 深夜帯　進行中
ep01_v002,ep01_002,vc01,深夜コンビニ外観,1,2.563,8.388,ナレーション,国道沿いのコンビニは、冷蔵ケースの低い音だけでできているみたいに静かだった。,こくどうぞいのこんびにワ、れいぞうけーすのひくいおとだけでできているみたいにしずかだった。,01/20　深夜コンビニ外観,02/82　ナレーション,assets/scenes/planned/ep01_vc01_store_exterior.jpg,assets/scenes/planned/ep01_vc01_store_exterior.jpg,assets/scenes/scene_01_opening.jpg,午前二時三分、国道沿いの日本のコンビニ外観。冷たい青い照明、誰もいない駐車場、静かなSFコメディの始まり。,発話ログ　02/82 / 担当　ナレーション / 深夜帯　進行中
ep01_v003,ep01_004,vc02,おにぎり棚の前のタクミ,2,9.188,15.302,ナレーション,新人夜勤バイトのタクミは、おにぎり棚の前で廃棄時間のシールを見比べていた。,しんじんやきんばいとのたくみワ、おにぎりだなのまえで、はいきじかんのしーるをみくらべていた。,02/20　おにぎり棚の前のタクミ,03/82　ナレーション,assets/scenes/planned/ep01_vc02_takumi_onigiri_shelf.jpg,assets/scenes/planned/ep01_vc02_takumi_onigiri_shelf.jpg,assets/scenes/scene_02_onigiri_shelf.jpg,おにぎり棚の前で廃棄シールを見比べるタクミ。横に冷静なミナ。 タクミは全カットで同一人物として固定。キャラID: takumi。20歳前後の若い日本人男性、細身で少し猫背、短い黒髪で軽い寝癖、丸めの目、驚きや困惑が表情に出やすい普通の新人夜勤バイト。制服は全カットで同じ、濃紺ベースに深緑の前身頃、白い横ライン、緑の襟、左胸に名札「タクミ」。顔をクールな主人公顔にしない。髪型、顔立ち、制服配色、名札位置を変えない。ミナの制服と同じ店舗制服にするが、女性用に見せない。 ミナは全カットで同一人物として固定。キャラID: mina。20代前半の日本人女性、黒髪の低いひとつ結び、前髪は自然に下ろしすぎず整える、落ち着いた目、無表情に近い淡々とした顔、背筋がまっすぐ。制服はタクミと同じ店舗制服で、濃紺ベースに深緑の前身頃、白い横ライン、緑の襟、左胸に名札「ミナ」。華美にしない。髪型、顔立ち、制服配色、名札位置を変えない。ボブやロングヘアへ変更しない。 2Dアニメイラスト、ビジュアルノベル風、ゲーム立ち絵風、アニメ塗り、セルルック、線画がはっきりしたキャラクターデザイン、非写実的。人物をフォトリアルにしない。,発話ログ　03/82 / 担当　ナレーション / 深夜帯　進行中
ep01_v004,ep01_005,vc02,おにぎり棚の前のタクミ,2,15.802,20.412,タクミ,ミナさん。廃棄のおにぎりって、何分前から食べていいんですか。,みなさん。はいきのおにぎりって、なんぷんまえからたべていいんですか。,02/20　おにぎり棚の前のタクミ,04/82　タクミ,assets/scenes/planned/ep01_vc02_takumi_onigiri_shelf.jpg,assets/scenes/planned/ep01_vc02_takumi_onigiri_shelf.jpg,assets/scenes/scene_02_onigiri_shelf.jpg,おにぎり棚の前で廃棄シールを見比べるタクミ。横に冷静なミナ。 タクミは全カットで同一人物として固定。キャラID: takumi。20歳前後の若い日本人男性、細身で少し猫背、短い黒髪で軽い寝癖、丸めの目、驚きや困惑が表情に出やすい普通の新人夜勤バイト。制服は全カットで同じ、濃紺ベースに深緑の前身頃、白い横ライン、緑の襟、左胸に名札「タクミ」。顔をクールな主人公顔にしない。髪型、顔立ち、制服配色、名札位置を変えない。ミナの制服と同じ店舗制服にするが、女性用に見せない。 ミナは全カットで同一人物として固定。キャラID: mina。20代前半の日本人女性、黒髪の低いひとつ結び、前髪は自然に下ろしすぎず整える、落ち着いた目、無表情に近い淡々とした顔、背筋がまっすぐ。制服はタクミと同じ店舗制服で、濃紺ベースに深緑の前身頃、白い横ライン、緑の襟、左胸に名札「ミナ」。華美にしない。髪型、顔立ち、制服配色、名札位置を変えない。ボブやロングヘアへ変更しない。 2Dアニメイラスト、ビジュアルノベル風、ゲーム立ち絵風、アニメ塗り、セルルック、線画がはっきりしたキャラクターデザイン、非写実的。人物をフォトリアルにしない。,発話ログ　04/82 / 担当　タクミ / 本日の営業　継続中
ep01_v005,ep01_006,vc03,廃棄おにぎり問答,3,20.712,22.914,ミナ,食べていいとは言ってない。,たべていいとワいってない。,03/20　廃棄おにぎり問答,05/82　ミナ,assets/scenes/planned/ep01_vc03_onigiri_banter.jpg,assets/scenes/planned/ep01_vc03_onigiri_banter.jpg,assets/scenes/scene_02_onigiri_shelf.jpg,ミナが淡々と注意し、タクミがツッコむ。おにぎり棚、値札、廃棄時間シール。静かな会話コメディ。 タクミは全カットで同一人物として固定。キャラID: takumi。20歳前後の若い日本人男性、細身で少し猫背、短い黒髪で軽い寝癖、丸めの目、驚きや困惑が表情に出やすい普通の新人夜勤バイト。制服は全カットで同じ、濃紺ベースに深緑の前身頃、白い横ライン、緑の襟、左胸に名札「タクミ」。顔をクールな主人公顔にしない。髪型、顔立ち、制服配色、名札位置を変えない。ミナの制服と同じ店舗制服にするが、女性用に見せない。 ミナは全カットで同一人物として固定。キャラID: mina。20代前半の日本人女性、黒髪の低いひとつ結び、前髪は自然に下ろしすぎず整える、落ち着いた目、無表情に近い淡々とした顔、背筋がまっすぐ。制服はタクミと同じ店舗制服で、濃紺ベースに深緑の前身頃、白い横ライン、緑の襟、左胸に名札「ミナ」。華美にしない。髪型、顔立ち、制服配色、名札位置を変えない。ボブやロングヘアへ変更しない。 2Dアニメイラスト、ビジュアルノベル風、ゲーム立ち絵風、アニメ塗り、セルルック、線画がはっきりしたキャラクターデザイン、非写実的。人物をフォトリアルにしない。,発話ログ　05/82 / 担当　ミナ / 声　中2 / ノーマル
ep01_v006,ep01_007,vc03,廃棄おにぎり問答,3,23.264,25.182,タクミ,でも捨てるんですよね。,でもすてるんですよね。,03/20　廃棄おにぎり問答,06/82　タクミ,assets/scenes/planned/ep01_vc03_onigiri_banter.jpg,assets/scenes/planned/ep01_vc03_onigiri_banter.jpg,assets/scenes/scene_02_onigiri_shelf.jpg,ミナが淡々と注意し、タクミがツッコむ。おにぎり棚、値札、廃棄時間シール。静かな会話コメディ。 タクミは全カットで同一人物として固定。キャラID: takumi。20歳前後の若い日本人男性、細身で少し猫背、短い黒髪で軽い寝癖、丸めの目、驚きや困惑が表情に出やすい普通の新人夜勤バイト。制服は全カットで同じ、濃紺ベースに深緑の前身頃、白い横ライン、緑の襟、左胸に名札「タクミ」。顔をクールな主人公顔にしない。髪型、顔立ち、制服配色、名札位置を変えない。ミナの制服と同じ店舗制服にするが、女性用に見せない。 ミナは全カットで同一人物として固定。キャラID: mina。20代前半の日本人女性、黒髪の低いひとつ結び、前髪は自然に下ろしすぎず整える、落ち着いた目、無表情に近い淡々とした顔、背筋がまっすぐ。制服はタクミと同じ店舗制服で、濃紺ベースに深緑の前身頃、白い横ライン、緑の襟、左胸に名札「ミナ」。華美にしない。髪型、顔立ち、制服配色、名札位置を変えない。ボブやロングヘアへ変更しない。 2Dアニメイラスト、ビジュアルノベル風、ゲーム立ち絵風、アニメ塗り、セルルック、線画がはっきりしたキャラクターデザイン、非写実的。人物をフォトリアルにしない。,発話ログ　06/82 / 担当　タクミ / 本日の営業　継続中
ep01_v007,ep01_008,vc03,廃棄おにぎり問答,3,25.432,31.288,ミナ,捨てるものと食べていいものの間には、店長という深い谷がある。,すてるものとたべていいもののあいだにワ、てんちょうというふかいたにがある。,03/20　廃棄おにぎり問答,07/82　ミナ,assets/scenes/planned/ep01_vc03_onigiri_banter.jpg,assets/scenes/planned/ep01_vc03_onigiri_banter.jpg,assets/scenes/scene_02_onigiri_shelf.jpg,ミナが淡々と注意し、タクミがツッコむ。おにぎり棚、値札、廃棄時間シール。静かな会話コメディ。 タクミは全カットで同一人物として固定。キャラID: takumi。20歳前後の若い日本人男性、細身で少し猫背、短い黒髪で軽い寝癖、丸めの目、驚きや困惑が表情に出やすい普通の新人夜勤バイト。制服は全カットで同じ、濃紺ベースに深緑の前身頃、白い横ライン、緑の襟、左胸に名札「タクミ」。顔をクールな主人公顔にしない。髪型、顔立ち、制服配色、名札位置を変えない。ミナの制服と同じ店舗制服にするが、女性用に見せない。 ミナは全カットで同一人物として固定。キャラID: mina。20代前半の日本人女性、黒髪の低いひとつ結び、前髪は自然に下ろしすぎず整える、落ち着いた目、無表情に近い淡々とした顔、背筋がまっすぐ。制服はタクミと同じ店舗制服で、濃紺ベースに深緑の前身頃、白い横ライン、緑の襟、左胸に名札「ミナ」。華美にしない。髪型、顔立ち、制服配色、名札位置を変えない。ボブやロングヘアへ変更しない。 2Dアニメイラスト、ビジュアルノベル風、ゲーム立ち絵風、アニメ塗り、セルルック、線画がはっきりしたキャラクターデザイン、非写実的。人物をフォトリアルにしない。,発話ログ　07/82 / 担当　ミナ / 声　中2 / ノーマル
ep01_v008,ep01_009,vc03,廃棄おにぎり問答,3,31.588,33.605,タクミ,現実的に深いですね。,げんじつてきにふかいですね。,03/20　廃棄おにぎり問答,08/82　タクミ,assets/scenes/planned/ep01_vc03_onigiri_banter.jpg,assets/scenes/planned/ep01_vc03_onigiri_banter.jpg,assets/scenes/scene_02_onigiri_shelf.jpg,ミナが淡々と注意し、タクミがツッコむ。おにぎり棚、値札、廃棄時間シール。静かな会話コメディ。 タクミは全カットで同一人物として固定。キャラID: takumi。20歳前後の若い日本人男性、細身で少し猫背、短い黒髪で軽い寝癖、丸めの目、驚きや困惑が表情に出やすい普通の新人夜勤バイト。制服は全カットで同じ、濃紺ベースに深緑の前身頃、白い横ライン、緑の襟、左胸に名札「タクミ」。顔をクールな主人公顔にしない。髪型、顔立ち、制服配色、名札位置を変えない。ミナの制服と同じ店舗制服にするが、女性用に見せない。 ミナは全カットで同一人物として固定。キャラID: mina。20代前半の日本人女性、黒髪の低いひとつ結び、前髪は自然に下ろしすぎず整える、落ち着いた目、無表情に近い淡々とした顔、背筋がまっすぐ。制服はタクミと同じ店舗制服で、濃紺ベースに深緑の前身頃、白い横ライン、緑の襟、左胸に名札「ミナ」。華美にしない。髪型、顔立ち、制服配色、名札位置を変えない。ボブやロングヘアへ変更しない。 2Dアニメイラスト、ビジュアルノベル風、ゲーム立ち絵風、アニメ塗り、セルルック、線画がはっきりしたキャラクターデザイン、非写実的。人物をフォトリアルにしない。,発話ログ　08/82 / 担当　タクミ / 本日の営業　継続中
ep01_v009,ep01_008,vc03,廃棄おにぎり問答,3,33.855,35.817,ミナ,落ちるとシフトが減る。,おちるとしふとがへる。,03/20　廃棄おにぎり問答,09/82　ミナ,assets/scenes/planned/ep01_vc03_onigiri_banter.jpg,assets/scenes/planned/ep01_vc03_onigiri_banter.jpg,assets/scenes/scene_02_onigiri_shelf.jpg,ミナが淡々と注意し、タクミがツッコむ。おにぎり棚、値札、廃棄時間シール。静かな会話コメディ。 タクミは全カットで同一人物として固定。キャラID: takumi。20歳前後の若い日本人男性、細身で少し猫背、短い黒髪で軽い寝癖、丸めの目、驚きや困惑が表情に出やすい普通の新人夜勤バイト。制服は全カットで同じ、濃紺ベースに深緑の前身頃、白い横ライン、緑の襟、左胸に名札「タクミ」。顔をクールな主人公顔にしない。髪型、顔立ち、制服配色、名札位置を変えない。ミナの制服と同じ店舗制服にするが、女性用に見せない。 ミナは全カットで同一人物として固定。キャラID: mina。20代前半の日本人女性、黒髪の低いひとつ結び、前髪は自然に下ろしすぎず整える、落ち着いた目、無表情に近い淡々とした顔、背筋がまっすぐ。制服はタクミと同じ店舗制服で、濃紺ベースに深緑の前身頃、白い横ライン、緑の襟、左胸に名札「ミナ」。華美にしない。髪型、顔立ち、制服配色、名札位置を変えない。ボブやロングヘアへ変更しない。 2Dアニメイラスト、ビジュアルノベル風、ゲーム立ち絵風、アニメ塗り、セルルック、線画がはっきりしたキャラクターデザイン、非写実的。人物をフォトリアルにしない。,発話ログ　09/82 / 担当　ミナ / 声　中2 / ノーマル
ep01_v010,ep01_009,vc03,廃棄おにぎり問答,3,36.117,38.436,タクミ,シフト減るのが一番効くやつだ。,しふとへるのがいちばんきくやつだ。,03/20　廃棄おにぎり問答,10/82　タクミ,assets/scenes/planned/ep01_vc03_onigiri_banter.jpg,assets/scenes/planned/ep01_vc03_onigiri_banter.jpg,assets/scenes/scene_02_onigiri_shelf.jpg,ミナが淡々と注意し、タクミがツッコむ。おにぎり棚、値札、廃棄時間シール。静かな会話コメディ。 タクミは全カットで同一人物として固定。キャラID: takumi。20歳前後の若い日本人男性、細身で少し猫背、短い黒髪で軽い寝癖、丸めの目、驚きや困惑が表情に出やすい普通の新人夜勤バイト。制服は全カットで同じ、濃紺ベースに深緑の前身頃、白い横ライン、緑の襟、左胸に名札「タクミ」。顔をクールな主人公顔にしない。髪型、顔立ち、制服配色、名札位置を変えない。ミナの制服と同じ店舗制服にするが、女性用に見せない。 ミナは全カットで同一人物として固定。キャラID: mina。20代前半の日本人女性、黒髪の低いひとつ結び、前髪は自然に下ろしすぎず整える、落ち着いた目、無表情に近い淡々とした顔、背筋がまっすぐ。制服はタクミと同じ店舗制服で、濃紺ベースに深緑の前身頃、白い横ライン、緑の襟、左胸に名札「ミナ」。華美にしない。髪型、顔立ち、制服配色、名札位置を変えない。ボブやロングヘアへ変更しない。 2Dアニメイラスト、ビジュアルノベル風、ゲーム立ち絵風、アニメ塗り、セルルック、線画がはっきりしたキャラクターデザイン、非写実的。人物をフォトリアルにしない。,発話ログ　10/82 / 担当　タクミ / 本日の営業　継続中
ep01_v011,ep01_010,vc04,第十三レジ出現前兆,4,39.036,45.069,ミナ,二時十五分、雑誌返品。二時十七分、第十三レジ。,にじじゅうごふん、ざっしへんぴん。にじじゅうななふん、だいじゅうさんれじ。,04/20　第十三レジ出現前兆,11/82　ミナ,assets/scenes/planned/ep01_vc04_register_appears.jpg,assets/scenes/planned/ep01_vc04_register_appears.jpg,assets/scenes/scene_03_register.jpg,雑誌棚とコピー機の間に第十三レジが現れる瞬間。空間が少し歪み、タクミが固まる。第十三レジの顔つきは、黒く重いセルフレジ端末の斜めスクリーンに、ネオンシアンの短い水平な目が二本、小さな水平の口が一つだけ光る無表情フェイス。かわいくしすぎず、眠そうで機械的、でも妙に意思がある。本体は黒い金属とガラス、角ばった筐体、カード端末とスキャナー付き。 タクミは全カットで同一人物として固定。キャラID: takumi。20歳前後の若い日本人男性、細身で少し猫背、短い黒髪で軽い寝癖、丸めの目、驚きや困惑が表情に出やすい普通の新人夜勤バイト。制服は全カットで同じ、濃紺ベースに深緑の前身頃、白い横ライン、緑の襟、左胸に名札「タクミ」。顔をクールな主人公顔にしない。髪型、顔立ち、制服配色、名札位置を変えない。ミナの制服と同じ店舗制服にするが、女性用に見せない。 2Dアニメイラスト、ビジュアルノベル風、ゲーム立ち絵風、アニメ塗り、セルルック、線画がはっきりしたキャラクターデザイン、非写実的。人物をフォトリアルにしない。,発話ログ　11/82 / 担当　ミナ / 声　中2 / ノーマル
ep01_v012,ep01_011,vc04,第十三レジ出現前兆,4,45.419,46.819,タクミ,はい。……はい？,はい。はい？,04/20　第十三レジ出現前兆,12/82　タクミ,assets/scenes/planned/ep01_vc04_register_appears.jpg,assets/scenes/planned/ep01_vc04_register_appears.jpg,assets/scenes/scene_03_register.jpg,雑誌棚とコピー機の間に第十三レジが現れる瞬間。空間が少し歪み、タクミが固まる。第十三レジの顔つきは、黒く重いセルフレジ端末の斜めスクリーンに、ネオンシアンの短い水平な目が二本、小さな水平の口が一つだけ光る無表情フェイス。かわいくしすぎず、眠そうで機械的、でも妙に意思がある。本体は黒い金属とガラス、角ばった筐体、カード端末とスキャナー付き。 タクミは全カットで同一人物として固定。キャラID: takumi。20歳前後の若い日本人男性、細身で少し猫背、短い黒髪で軽い寝癖、丸めの目、驚きや困惑が表情に出やすい普通の新人夜勤バイト。制服は全カットで同じ、濃紺ベースに深緑の前身頃、白い横ライン、緑の襟、左胸に名札「タクミ」。顔をクールな主人公顔にしない。髪型、顔立ち、制服配色、名札位置を変えない。ミナの制服と同じ店舗制服にするが、女性用に見せない。 2Dアニメイラスト、ビジュアルノベル風、ゲーム立ち絵風、アニメ塗り、セルルック、線画がはっきりしたキャラクターデザイン、非写実的。人物をフォトリアルにしない。,発話ログ　12/82 / 担当　タクミ / 本日の営業　継続中
ep01_v014,ep01_014,vc04,第十三レジ出現前兆,4,47.219,53.359,ナレーション,タクミが聞き返した瞬間、雑誌棚とコピー機の間に、銀色の古いレジが現れた。,たくみがききかえしたしゅんかん、ざっしだなとこぴーきのあいだに、ぎんいろのふるいれじがあらわれた。,04/20　第十三レジ出現前兆,13/82　ナレーション,assets/scenes/planned/ep01_vc04_register_appears.jpg,assets/scenes/planned/ep01_vc04_register_appears.jpg,assets/scenes/scene_03_register.jpg,雑誌棚とコピー機の間に第十三レジが現れる瞬間。空間が少し歪み、タクミが固まる。第十三レジの顔つきは、黒く重いセルフレジ端末の斜めスクリーンに、ネオンシアンの短い水平な目が二本、小さな水平の口が一つだけ光る無表情フェイス。かわいくしすぎず、眠そうで機械的、でも妙に意思がある。本体は黒い金属とガラス、角ばった筐体、カード端末とスキャナー付き。 タクミは全カットで同一人物として固定。キャラID: takumi。20歳前後の若い日本人男性、細身で少し猫背、短い黒髪で軽い寝癖、丸めの目、驚きや困惑が表情に出やすい普通の新人夜勤バイト。制服は全カットで同じ、濃紺ベースに深緑の前身頃、白い横ライン、緑の襟、左胸に名札「タクミ」。顔をクールな主人公顔にしない。髪型、顔立ち、制服配色、名札位置を変えない。ミナの制服と同じ店舗制服にするが、女性用に見せない。 2Dアニメイラスト、ビジュアルノベル風、ゲーム立ち絵風、アニメ塗り、セルルック、線画がはっきりしたキャラクターデザイン、非写実的。人物をフォトリアルにしない。,発話ログ　13/82 / 担当　ナレーション / 深夜帯　進行中
ep01_v015,ep01_015,vc05,営業中の第十三レジ,5,53.859,57.018,第十三レジ,第十三レジ。ただいま営業中。,だいじゅうさんれじ。ただいまえいぎょうちゅう。,05/20　営業中の第十三レジ,14/82　第十三レジ,assets/scenes/planned/ep01_vc05_register_talks.jpg,assets/scenes/planned/ep01_vc05_register_talks.jpg,assets/scenes/scene_03_register.jpg,第十三レジが営業中表示を出す。タクミは驚き、ミナは当然のように無表情。第十三レジの顔つきは、黒く重いセルフレジ端末の斜めスクリーンに、ネオンシアンの短い水平な目が二本、小さな水平の口が一つだけ光る無表情フェイス。かわいくしすぎず、眠そうで機械的、でも妙に意思がある。本体は黒い金属とガラス、角ばった筐体、カード端末とスキャナー付き。 タクミは全カットで同一人物として固定。キャラID: takumi。20歳前後の若い日本人男性、細身で少し猫背、短い黒髪で軽い寝癖、丸めの目、驚きや困惑が表情に出やすい普通の新人夜勤バイト。制服は全カットで同じ、濃紺ベースに深緑の前身頃、白い横ライン、緑の襟、左胸に名札「タクミ」。顔をクールな主人公顔にしない。髪型、顔立ち、制服配色、名札位置を変えない。ミナの制服と同じ店舗制服にするが、女性用に見せない。 ミナは全カットで同一人物として固定。キャラID: mina。20代前半の日本人女性、黒髪の低いひとつ結び、前髪は自然に下ろしすぎず整える、落ち着いた目、無表情に近い淡々とした顔、背筋がまっすぐ。制服はタクミと同じ店舗制服で、濃紺ベースに深緑の前身頃、白い横ライン、緑の襟、左胸に名札「ミナ」。華美にしない。髪型、顔立ち、制服配色、名札位置を変えない。ボブやロングヘアへ変更しない。 2Dアニメイラスト、ビジュアルノベル風、ゲーム立ち絵風、アニメ塗り、セルルック、線画がはっきりしたキャラクターデザイン、非写実的。人物をフォトリアルにしない。,発話ログ　14/82 / 担当　第十三レジ / 第十三レジ　応答中
ep01_v016,ep01_016,vc05,営業中の第十三レジ,5,57.518,58.52,タクミ,増えた……。,ふえた。,05/20　営業中の第十三レジ,15/82　タクミ,assets/scenes/planned/ep01_vc05_register_talks.jpg,assets/scenes/planned/ep01_vc05_register_talks.jpg,assets/scenes/scene_03_register.jpg,第十三レジが営業中表示を出す。タクミは驚き、ミナは当然のように無表情。第十三レジの顔つきは、黒く重いセルフレジ端末の斜めスクリーンに、ネオンシアンの短い水平な目が二本、小さな水平の口が一つだけ光る無表情フェイス。かわいくしすぎず、眠そうで機械的、でも妙に意思がある。本体は黒い金属とガラス、角ばった筐体、カード端末とスキャナー付き。 タクミは全カットで同一人物として固定。キャラID: takumi。20歳前後の若い日本人男性、細身で少し猫背、短い黒髪で軽い寝癖、丸めの目、驚きや困惑が表情に出やすい普通の新人夜勤バイト。制服は全カットで同じ、濃紺ベースに深緑の前身頃、白い横ライン、緑の襟、左胸に名札「タクミ」。顔をクールな主人公顔にしない。髪型、顔立ち、制服配色、名札位置を変えない。ミナの制服と同じ店舗制服にするが、女性用に見せない。 ミナは全カットで同一人物として固定。キャラID: mina。20代前半の日本人女性、黒髪の低いひとつ結び、前髪は自然に下ろしすぎず整える、落ち着いた目、無表情に近い淡々とした顔、背筋がまっすぐ。制服はタクミと同じ店舗制服で、濃紺ベースに深緑の前身頃、白い横ライン、緑の襟、左胸に名札「ミナ」。華美にしない。髪型、顔立ち、制服配色、名札位置を変えない。ボブやロングヘアへ変更しない。 2Dアニメイラスト、ビジュアルノベル風、ゲーム立ち絵風、アニメ塗り、セルルック、線画がはっきりしたキャラクターデザイン、非写実的。人物をフォトリアルにしない。,発話ログ　15/82 / 担当　タクミ / 本日の営業　継続中
ep01_v017,ep01_017,vc05,営業中の第十三レジ,5,58.87,60.276,ミナ,増えるよ。,ふえるよ。,05/20　営業中の第十三レジ,16/82　ミナ,assets/scenes/planned/ep01_vc05_register_talks.jpg,assets/scenes/planned/ep01_vc05_register_talks.jpg,assets/scenes/scene_03_register.jpg,第十三レジが営業中表示を出す。タクミは驚き、ミナは当然のように無表情。第十三レジの顔つきは、黒く重いセルフレジ端末の斜めスクリーンに、ネオンシアンの短い水平な目が二本、小さな水平の口が一つだけ光る無表情フェイス。かわいくしすぎず、眠そうで機械的、でも妙に意思がある。本体は黒い金属とガラス、角ばった筐体、カード端末とスキャナー付き。 タクミは全カットで同一人物として固定。キャラID: takumi。20歳前後の若い日本人男性、細身で少し猫背、短い黒髪で軽い寝癖、丸めの目、驚きや困惑が表情に出やすい普通の新人夜勤バイト。制服は全カットで同じ、濃紺ベースに深緑の前身頃、白い横ライン、緑の襟、左胸に名札「タクミ」。顔をクールな主人公顔にしない。髪型、顔立ち、制服配色、名札位置を変えない。ミナの制服と同じ店舗制服にするが、女性用に見せない。 ミナは全カットで同一人物として固定。キャラID: mina。20代前半の日本人女性、黒髪の低いひとつ結び、前髪は自然に下ろしすぎず整える、落ち着いた目、無表情に近い淡々とした顔、背筋がまっすぐ。制服はタクミと同じ店舗制服で、濃紺ベースに深緑の前身頃、白い横ライン、緑の襟、左胸に名札「ミナ」。華美にしない。髪型、顔立ち、制服配色、名札位置を変えない。ボブやロングヘアへ変更しない。 2Dアニメイラスト、ビジュアルノベル風、ゲーム立ち絵風、アニメ塗り、セルルック、線画がはっきりしたキャラクターデザイン、非写実的。人物をフォトリアルにしない。,発話ログ　16/82 / 担当　ミナ / 声　中2 / ノーマル
ep01_v018,ep01_018,vc05,営業中の第十三レジ,5,60.576,63.498,タクミ,コンビニって夜になるとレジが増えるんですか。,こんびにってよるになるとれじがふえるんですか。,05/20　営業中の第十三レジ,17/82　タクミ,assets/scenes/planned/ep01_vc05_register_talks.jpg,assets/scenes/planned/ep01_vc05_register_talks.jpg,assets/scenes/scene_03_register.jpg,第十三レジが営業中表示を出す。タクミは驚き、ミナは当然のように無表情。第十三レジの顔つきは、黒く重いセルフレジ端末の斜めスクリーンに、ネオンシアンの短い水平な目が二本、小さな水平の口が一つだけ光る無表情フェイス。かわいくしすぎず、眠そうで機械的、でも妙に意思がある。本体は黒い金属とガラス、角ばった筐体、カード端末とスキャナー付き。 タクミは全カットで同一人物として固定。キャラID: takumi。20歳前後の若い日本人男性、細身で少し猫背、短い黒髪で軽い寝癖、丸めの目、驚きや困惑が表情に出やすい普通の新人夜勤バイト。制服は全カットで同じ、濃紺ベースに深緑の前身頃、白い横ライン、緑の襟、左胸に名札「タクミ」。顔をクールな主人公顔にしない。髪型、顔立ち、制服配色、名札位置を変えない。ミナの制服と同じ店舗制服にするが、女性用に見せない。 ミナは全カットで同一人物として固定。キャラID: mina。20代前半の日本人女性、黒髪の低いひとつ結び、前髪は自然に下ろしすぎず整える、落ち着いた目、無表情に近い淡々とした顔、背筋がまっすぐ。制服はタクミと同じ店舗制服で、濃紺ベースに深緑の前身頃、白い横ライン、緑の襟、左胸に名札「ミナ」。華美にしない。髪型、顔立ち、制服配色、名札位置を変えない。ボブやロングヘアへ変更しない。 2Dアニメイラスト、ビジュアルノベル風、ゲーム立ち絵風、アニメ塗り、セルルック、線画がはっきりしたキャラクターデザイン、非写実的。人物をフォトリアルにしない。,発話ログ　17/82 / 担当　タクミ / 本日の営業　継続中
ep01_v019,ep01_019,vc05,営業中の第十三レジ,5,63.748,65.731,ミナ,夜勤はだいたいそう。,やきんワだいたいそう。,05/20　営業中の第十三レジ,18/82　ミナ,assets/scenes/planned/ep01_vc05_register_talks.jpg,assets/scenes/planned/ep01_vc05_register_talks.jpg,assets/scenes/scene_03_register.jpg,第十三レジが営業中表示を出す。タクミは驚き、ミナは当然のように無表情。第十三レジの顔つきは、黒く重いセルフレジ端末の斜めスクリーンに、ネオンシアンの短い水平な目が二本、小さな水平の口が一つだけ光る無表情フェイス。かわいくしすぎず、眠そうで機械的、でも妙に意思がある。本体は黒い金属とガラス、角ばった筐体、カード端末とスキャナー付き。 タクミは全カットで同一人物として固定。キャラID: takumi。20歳前後の若い日本人男性、細身で少し猫背、短い黒髪で軽い寝癖、丸めの目、驚きや困惑が表情に出やすい普通の新人夜勤バイト。制服は全カットで同じ、濃紺ベースに深緑の前身頃、白い横ライン、緑の襟、左胸に名札「タクミ」。顔をクールな主人公顔にしない。髪型、顔立ち、制服配色、名札位置を変えない。ミナの制服と同じ店舗制服にするが、女性用に見せない。 ミナは全カットで同一人物として固定。キャラID: mina。20代前半の日本人女性、黒髪の低いひとつ結び、前髪は自然に下ろしすぎず整える、落ち着いた目、無表情に近い淡々とした顔、背筋がまっすぐ。制服はタクミと同じ店舗制服で、濃紺ベースに深緑の前身頃、白い横ライン、緑の襟、左胸に名札「ミナ」。華美にしない。髪型、顔立ち、制服配色、名札位置を変えない。ボブやロングヘアへ変更しない。 2Dアニメイラスト、ビジュアルノベル風、ゲーム立ち絵風、アニメ塗り、セルルック、線画がはっきりしたキャラクターデザイン、非写実的。人物をフォトリアルにしない。,発話ログ　18/82 / 担当　ミナ / 声　中2 / ノーマル
ep01_v020,ep01_018,vc05,営業中の第十三レジ,5,65.981,67.393,タクミ,絶対違う。,ぜったいちがう。,05/20　営業中の第十三レジ,19/82　タクミ,assets/scenes/planned/ep01_vc05_register_talks.jpg,assets/scenes/planned/ep01_vc05_register_talks.jpg,assets/scenes/scene_03_register.jpg,第十三レジが営業中表示を出す。タクミは驚き、ミナは当然のように無表情。第十三レジの顔つきは、黒く重いセルフレジ端末の斜めスクリーンに、ネオンシアンの短い水平な目が二本、小さな水平の口が一つだけ光る無表情フェイス。かわいくしすぎず、眠そうで機械的、でも妙に意思がある。本体は黒い金属とガラス、角ばった筐体、カード端末とスキャナー付き。 タクミは全カットで同一人物として固定。キャラID: takumi。20歳前後の若い日本人男性、細身で少し猫背、短い黒髪で軽い寝癖、丸めの目、驚きや困惑が表情に出やすい普通の新人夜勤バイト。制服は全カットで同じ、濃紺ベースに深緑の前身頃、白い横ライン、緑の襟、左胸に名札「タクミ」。顔をクールな主人公顔にしない。髪型、顔立ち、制服配色、名札位置を変えない。ミナの制服と同じ店舗制服にするが、女性用に見せない。 ミナは全カットで同一人物として固定。キャラID: mina。20代前半の日本人女性、黒髪の低いひとつ結び、前髪は自然に下ろしすぎず整える、落ち着いた目、無表情に近い淡々とした顔、背筋がまっすぐ。制服はタクミと同じ店舗制服で、濃紺ベースに深緑の前身頃、白い横ライン、緑の襟、左胸に名札「ミナ」。華美にしない。髪型、顔立ち、制服配色、名札位置を変えない。ボブやロングヘアへ変更しない。 2Dアニメイラスト、ビジュアルノベル風、ゲーム立ち絵風、アニメ塗り、セルルック、線画がはっきりしたキャラクターデザイン、非写実的。人物をフォトリアルにしない。,発話ログ　19/82 / 担当　タクミ / 本日の営業　継続中
ep01_v022,ep01_021,vc06,未来の会社員来店,6,68.043,72.102,ナレーション,入ってきたのは、くたびれたスーツ姿の男だった。,はいってきたのワ、くたびれたすーつすがたのおとこだった。,06/20　未来の会社員来店,20/82　ナレーション,assets/scenes/planned/ep01_vc06_future_worker_enters.jpg,assets/scenes/planned/ep01_vc06_future_worker_enters.jpg,assets/scenes/scene_04_future_worker_enters.jpg,自動ドアから未来青年 / 未来の会社員が入店する。深夜コンビニ店内、タクミとミナが迎える。 未来青年 / 未来の会社員は全カットで同一人物として固定。キャラID: future_worker_ep01。2074年の食品流通管理課の若い男性会社員、実年齢27歳だが過労で40代手前に見える。細身で肩が落ちた体型、短く乱れた黒髪、疲れた目、目の下の薄いクマ、弱った困り顔、薄い無精髭、くたびれた濃紺スーツ、緩んだネクタイ、白シャツ。首元に透明な記憶返品タグ/絆創膏状パッチがあり、中の銀色回路が淡く光る。顔立ち、髪型、体格、スーツ、首元タグを毎カットで変えない。肩表示は一種類だけに固定。小さなシアン発光の角丸液晶バッジを、本人の左胸寄りの左肩ストラップ上、心臓側に一つだけ置く。正面向きの構図では見る側の右寄りに出る位置。文字は短く「残業」「2074」程度。本人の右肩、見る側の左肩、両腕、前腕、胸中央、首タグ上には残業表示を置かない。右肩表示は禁止。両肩表示は禁止。小道具は未来おにぎり、未来レシート、ホットコーヒー。別人化禁止。眼鏡禁止。長髪禁止。濃い髭禁止。スポーツサングラス禁止。バイクジャケット禁止。座木山辰哉や汗田竜司に似せない。未来警察やサイバー戦士にしない。 タクミは全カットで同一人物として固定。キャラID: takumi。20歳前後の若い日本人男性、細身で少し猫背、短い黒髪で軽い寝癖、丸めの目、驚きや困惑が表情に出やすい普通の新人夜勤バイト。制服は全カットで同じ、濃紺ベースに深緑の前身頃、白い横ライン、緑の襟、左胸に名札「タクミ」。顔をクールな主人公顔にしない。髪型、顔立ち、制服配色、名札位置を変えない。ミナの制服と同じ店舗制服にするが、女性用に見せない。 ミナは全カットで同一人物として固定。キャラID: mina。20代前半の日本人女性、黒髪の低いひとつ結び、前髪は自然に下ろしすぎず整える、落ち着いた目、無表情に近い淡々とした顔、背筋がまっすぐ。制服はタクミと同じ店舗制服で、濃紺ベースに深緑の前身頃、白い横ライン、緑の襟、左胸に名札「ミナ」。華美にしない。髪型、顔立ち、制服配色、名札位置を変えない。ボブやロングヘアへ変更しない。 2Dアニメイラスト、ビジュアルノベル風、ゲーム立ち絵風、アニメ塗り、セルルック、線画がはっきりしたキャラクターデザイン、非写実的。人物をフォトリアルにしない。,発話ログ　20/82 / 担当　ナレーション / 深夜帯　進行中
ep01_v023,ep01_021,vc06,未来の会社員来店,6,72.352,78.212,ナレーション,肩の小さな液晶には、残業時間二百七十六時間、と表示されている。,かたのちいさなえきしょうにワ、ざんぎょうじかんにひゃくななじゅうろくじかん、とひょうじされている。,06/20　未来の会社員来店,21/82　ナレーション,assets/scenes/planned/ep01_vc06_future_worker_enters.jpg,assets/scenes/planned/ep01_vc06_future_worker_enters.jpg,assets/scenes/scene_04_future_worker_enters.jpg,自動ドアから未来青年 / 未来の会社員が入店する。深夜コンビニ店内、タクミとミナが迎える。 未来青年 / 未来の会社員は全カットで同一人物として固定。キャラID: future_worker_ep01。2074年の食品流通管理課の若い男性会社員、実年齢27歳だが過労で40代手前に見える。細身で肩が落ちた体型、短く乱れた黒髪、疲れた目、目の下の薄いクマ、弱った困り顔、薄い無精髭、くたびれた濃紺スーツ、緩んだネクタイ、白シャツ。首元に透明な記憶返品タグ/絆創膏状パッチがあり、中の銀色回路が淡く光る。顔立ち、髪型、体格、スーツ、首元タグを毎カットで変えない。肩表示は一種類だけに固定。小さなシアン発光の角丸液晶バッジを、本人の左胸寄りの左肩ストラップ上、心臓側に一つだけ置く。正面向きの構図では見る側の右寄りに出る位置。文字は短く「残業」「2074」程度。本人の右肩、見る側の左肩、両腕、前腕、胸中央、首タグ上には残業表示を置かない。右肩表示は禁止。両肩表示は禁止。小道具は未来おにぎり、未来レシート、ホットコーヒー。別人化禁止。眼鏡禁止。長髪禁止。濃い髭禁止。スポーツサングラス禁止。バイクジャケット禁止。座木山辰哉や汗田竜司に似せない。未来警察やサイバー戦士にしない。 タクミは全カットで同一人物として固定。キャラID: takumi。20歳前後の若い日本人男性、細身で少し猫背、短い黒髪で軽い寝癖、丸めの目、驚きや困惑が表情に出やすい普通の新人夜勤バイト。制服は全カットで同じ、濃紺ベースに深緑の前身頃、白い横ライン、緑の襟、左胸に名札「タクミ」。顔をクールな主人公顔にしない。髪型、顔立ち、制服配色、名札位置を変えない。ミナの制服と同じ店舗制服にするが、女性用に見せない。 ミナは全カットで同一人物として固定。キャラID: mina。20代前半の日本人女性、黒髪の低いひとつ結び、前髪は自然に下ろしすぎず整える、落ち着いた目、無表情に近い淡々とした顔、背筋がまっすぐ。制服はタクミと同じ店舗制服で、濃紺ベースに深緑の前身頃、白い横ライン、緑の襟、左胸に名札「ミナ」。華美にしない。髪型、顔立ち、制服配色、名札位置を変えない。ボブやロングヘアへ変更しない。 2Dアニメイラスト、ビジュアルノベル風、ゲーム立ち絵風、アニメ塗り、セルルック、線画がはっきりしたキャラクターデザイン、非写実的。人物をフォトリアルにしない。,発話ログ　21/82 / 担当　ナレーション / 深夜帯　進行中
ep01_v024,ep01_021,vc06,未来の会社員来店,6,78.462,84.102,ナレーション,首元の透明なパッチが、レジの電子音に合わせて一度だけ銀色に光った。,くびもとのとうめいなぱっちが、れじのでんしおんにあわせていちどだけぎんいろにひかった。,06/20　未来の会社員来店,22/82　ナレーション,assets/scenes/planned/ep01_vc06_future_worker_enters.jpg,assets/scenes/planned/ep01_vc06_future_worker_enters.jpg,assets/scenes/scene_04_future_worker_enters.jpg,自動ドアから未来青年 / 未来の会社員が入店する。深夜コンビニ店内、タクミとミナが迎える。 未来青年 / 未来の会社員は全カットで同一人物として固定。キャラID: future_worker_ep01。2074年の食品流通管理課の若い男性会社員、実年齢27歳だが過労で40代手前に見える。細身で肩が落ちた体型、短く乱れた黒髪、疲れた目、目の下の薄いクマ、弱った困り顔、薄い無精髭、くたびれた濃紺スーツ、緩んだネクタイ、白シャツ。首元に透明な記憶返品タグ/絆創膏状パッチがあり、中の銀色回路が淡く光る。顔立ち、髪型、体格、スーツ、首元タグを毎カットで変えない。肩表示は一種類だけに固定。小さなシアン発光の角丸液晶バッジを、本人の左胸寄りの左肩ストラップ上、心臓側に一つだけ置く。正面向きの構図では見る側の右寄りに出る位置。文字は短く「残業」「2074」程度。本人の右肩、見る側の左肩、両腕、前腕、胸中央、首タグ上には残業表示を置かない。右肩表示は禁止。両肩表示は禁止。小道具は未来おにぎり、未来レシート、ホットコーヒー。別人化禁止。眼鏡禁止。長髪禁止。濃い髭禁止。スポーツサングラス禁止。バイクジャケット禁止。座木山辰哉や汗田竜司に似せない。未来警察やサイバー戦士にしない。 タクミは全カットで同一人物として固定。キャラID: takumi。20歳前後の若い日本人男性、細身で少し猫背、短い黒髪で軽い寝癖、丸めの目、驚きや困惑が表情に出やすい普通の新人夜勤バイト。制服は全カットで同じ、濃紺ベースに深緑の前身頃、白い横ライン、緑の襟、左胸に名札「タクミ」。顔をクールな主人公顔にしない。髪型、顔立ち、制服配色、名札位置を変えない。ミナの制服と同じ店舗制服にするが、女性用に見せない。 ミナは全カットで同一人物として固定。キャラID: mina。20代前半の日本人女性、黒髪の低いひとつ結び、前髪は自然に下ろしすぎず整える、落ち着いた目、無表情に近い淡々とした顔、背筋がまっすぐ。制服はタクミと同じ店舗制服で、濃紺ベースに深緑の前身頃、白い横ライン、緑の襟、左胸に名札「ミナ」。華美にしない。髪型、顔立ち、制服配色、名札位置を変えない。ボブやロングヘアへ変更しない。 2Dアニメイラスト、ビジュアルノベル風、ゲーム立ち絵風、アニメ塗り、セルルック、線画がはっきりしたキャラクターデザイン、非写実的。人物をフォトリアルにしない。,発話ログ　22/82 / 担当　ナレーション / 深夜帯　進行中
ep01_v025,ep01_022,vc07,五十年後の返品相談,7,84.602,86.663,未来の会社員,返品、お願いします。,へんぴん、おねがいします。,07/20　五十年後の返品相談,23/82　未来の会社員,assets/scenes/planned/ep01_vc07_future_return_counter.jpg,assets/scenes/planned/ep01_vc07_future_return_counter.jpg,assets/scenes/scene_04_future_worker_enters.jpg,レジ前で未来青年 / 未来の会社員が返品を頼む。ミナは通常接客、タクミは対応マニュアルを探す。 未来青年 / 未来の会社員は全カットで同一人物として固定。キャラID: future_worker_ep01。2074年の食品流通管理課の若い男性会社員、実年齢27歳だが過労で40代手前に見える。細身で肩が落ちた体型、短く乱れた黒髪、疲れた目、目の下の薄いクマ、弱った困り顔、薄い無精髭、くたびれた濃紺スーツ、緩んだネクタイ、白シャツ。首元に透明な記憶返品タグ/絆創膏状パッチがあり、中の銀色回路が淡く光る。顔立ち、髪型、体格、スーツ、首元タグを毎カットで変えない。肩表示は一種類だけに固定。小さなシアン発光の角丸液晶バッジを、本人の左胸寄りの左肩ストラップ上、心臓側に一つだけ置く。正面向きの構図では見る側の右寄りに出る位置。文字は短く「残業」「2074」程度。本人の右肩、見る側の左肩、両腕、前腕、胸中央、首タグ上には残業表示を置かない。右肩表示は禁止。両肩表示は禁止。小道具は未来おにぎり、未来レシート、ホットコーヒー。別人化禁止。眼鏡禁止。長髪禁止。濃い髭禁止。スポーツサングラス禁止。バイクジャケット禁止。座木山辰哉や汗田竜司に似せない。未来警察やサイバー戦士にしない。 タクミは全カットで同一人物として固定。キャラID: takumi。20歳前後の若い日本人男性、細身で少し猫背、短い黒髪で軽い寝癖、丸めの目、驚きや困惑が表情に出やすい普通の新人夜勤バイト。制服は全カットで同じ、濃紺ベースに深緑の前身頃、白い横ライン、緑の襟、左胸に名札「タクミ」。顔をクールな主人公顔にしない。髪型、顔立ち、制服配色、名札位置を変えない。ミナの制服と同じ店舗制服にするが、女性用に見せない。 ミナは全カットで同一人物として固定。キャラID: mina。20代前半の日本人女性、黒髪の低いひとつ結び、前髪は自然に下ろしすぎず整える、落ち着いた目、無表情に近い淡々とした顔、背筋がまっすぐ。制服はタクミと同じ店舗制服で、濃紺ベースに深緑の前身頃、白い横ライン、緑の襟、左胸に名札「ミナ」。華美にしない。髪型、顔立ち、制服配色、名札位置を変えない。ボブやロングヘアへ変更しない。 2Dアニメイラスト、ビジュアルノベル風、ゲーム立ち絵風、アニメ塗り、セルルック、線画がはっきりしたキャラクターデザイン、非写実的。人物をフォトリアルにしない。,発話ログ　23/82 / 担当　未来の会社員 / 未来案件　処理中
ep01_v026,ep01_023,vc07,五十年後の返品相談,7,87.013,89.352,ミナ,レシートはお持ちですか。,れしーとワおもちですか。,07/20　五十年後の返品相談,24/82　ミナ,assets/scenes/planned/ep01_vc07_future_return_counter.jpg,assets/scenes/planned/ep01_vc07_future_return_counter.jpg,assets/scenes/scene_04_future_worker_enters.jpg,レジ前で未来青年 / 未来の会社員が返品を頼む。ミナは通常接客、タクミは対応マニュアルを探す。 未来青年 / 未来の会社員は全カットで同一人物として固定。キャラID: future_worker_ep01。2074年の食品流通管理課の若い男性会社員、実年齢27歳だが過労で40代手前に見える。細身で肩が落ちた体型、短く乱れた黒髪、疲れた目、目の下の薄いクマ、弱った困り顔、薄い無精髭、くたびれた濃紺スーツ、緩んだネクタイ、白シャツ。首元に透明な記憶返品タグ/絆創膏状パッチがあり、中の銀色回路が淡く光る。顔立ち、髪型、体格、スーツ、首元タグを毎カットで変えない。肩表示は一種類だけに固定。小さなシアン発光の角丸液晶バッジを、本人の左胸寄りの左肩ストラップ上、心臓側に一つだけ置く。正面向きの構図では見る側の右寄りに出る位置。文字は短く「残業」「2074」程度。本人の右肩、見る側の左肩、両腕、前腕、胸中央、首タグ上には残業表示を置かない。右肩表示は禁止。両肩表示は禁止。小道具は未来おにぎり、未来レシート、ホットコーヒー。別人化禁止。眼鏡禁止。長髪禁止。濃い髭禁止。スポーツサングラス禁止。バイクジャケット禁止。座木山辰哉や汗田竜司に似せない。未来警察やサイバー戦士にしない。 タクミは全カットで同一人物として固定。キャラID: takumi。20歳前後の若い日本人男性、細身で少し猫背、短い黒髪で軽い寝癖、丸めの目、驚きや困惑が表情に出やすい普通の新人夜勤バイト。制服は全カットで同じ、濃紺ベースに深緑の前身頃、白い横ライン、緑の襟、左胸に名札「タクミ」。顔をクールな主人公顔にしない。髪型、顔立ち、制服配色、名札位置を変えない。ミナの制服と同じ店舗制服にするが、女性用に見せない。 ミナは全カットで同一人物として固定。キャラID: mina。20代前半の日本人女性、黒髪の低いひとつ結び、前髪は自然に下ろしすぎず整える、落ち着いた目、無表情に近い淡々とした顔、背筋がまっすぐ。制服はタクミと同じ店舗制服で、濃紺ベースに深緑の前身頃、白い横ライン、緑の襟、左胸に名札「ミナ」。華美にしない。髪型、顔立ち、制服配色、名札位置を変えない。ボブやロングヘアへ変更しない。 2Dアニメイラスト、ビジュアルノベル風、ゲーム立ち絵風、アニメ塗り、セルルック、線画がはっきりしたキャラクターデザイン、非写実的。人物をフォトリアルにしない。,発話ログ　24/82 / 担当　ミナ / 声　中2 / ノーマル
ep01_v027,ep01_024,vc07,五十年後の返品相談,7,89.602,92.126,未来の会社員,五十年後に発行されます。,ごじゅうねんごに、はっこうされます。,07/20　五十年後の返品相談,25/82　未来の会社員,assets/scenes/planned/ep01_vc07_future_return_counter.jpg,assets/scenes/planned/ep01_vc07_future_return_counter.jpg,assets/scenes/scene_04_future_worker_enters.jpg,レジ前で未来青年 / 未来の会社員が返品を頼む。ミナは通常接客、タクミは対応マニュアルを探す。 未来青年 / 未来の会社員は全カットで同一人物として固定。キャラID: future_worker_ep01。2074年の食品流通管理課の若い男性会社員、実年齢27歳だが過労で40代手前に見える。細身で肩が落ちた体型、短く乱れた黒髪、疲れた目、目の下の薄いクマ、弱った困り顔、薄い無精髭、くたびれた濃紺スーツ、緩んだネクタイ、白シャツ。首元に透明な記憶返品タグ/絆創膏状パッチがあり、中の銀色回路が淡く光る。顔立ち、髪型、体格、スーツ、首元タグを毎カットで変えない。肩表示は一種類だけに固定。小さなシアン発光の角丸液晶バッジを、本人の左胸寄りの左肩ストラップ上、心臓側に一つだけ置く。正面向きの構図では見る側の右寄りに出る位置。文字は短く「残業」「2074」程度。本人の右肩、見る側の左肩、両腕、前腕、胸中央、首タグ上には残業表示を置かない。右肩表示は禁止。両肩表示は禁止。小道具は未来おにぎり、未来レシート、ホットコーヒー。別人化禁止。眼鏡禁止。長髪禁止。濃い髭禁止。スポーツサングラス禁止。バイクジャケット禁止。座木山辰哉や汗田竜司に似せない。未来警察やサイバー戦士にしない。 タクミは全カットで同一人物として固定。キャラID: takumi。20歳前後の若い日本人男性、細身で少し猫背、短い黒髪で軽い寝癖、丸めの目、驚きや困惑が表情に出やすい普通の新人夜勤バイト。制服は全カットで同じ、濃紺ベースに深緑の前身頃、白い横ライン、緑の襟、左胸に名札「タクミ」。顔をクールな主人公顔にしない。髪型、顔立ち、制服配色、名札位置を変えない。ミナの制服と同じ店舗制服にするが、女性用に見せない。 ミナは全カットで同一人物として固定。キャラID: mina。20代前半の日本人女性、黒髪の低いひとつ結び、前髪は自然に下ろしすぎず整える、落ち着いた目、無表情に近い淡々とした顔、背筋がまっすぐ。制服はタクミと同じ店舗制服で、濃紺ベースに深緑の前身頃、白い横ライン、緑の襟、左胸に名札「ミナ」。華美にしない。髪型、顔立ち、制服配色、名札位置を変えない。ボブやロングヘアへ変更しない。 2Dアニメイラスト、ビジュアルノベル風、ゲーム立ち絵風、アニメ塗り、セルルック、線画がはっきりしたキャラクターデザイン、非写実的。人物をフォトリアルにしない。,発話ログ　25/82 / 担当　未来の会社員 / 未来案件　処理中
ep01_v028,ep01_025,vc07,五十年後の返品相談,7,92.576,95.367,タクミ,ミナさん。対応マニュアルあります？,みなさん。たいおうまにゅあるあります？,07/20　五十年後の返品相談,26/82　タクミ,assets/scenes/planned/ep01_vc07_future_return_counter.jpg,assets/scenes/planned/ep01_vc07_future_return_counter.jpg,assets/scenes/scene_04_future_worker_enters.jpg,レジ前で未来青年 / 未来の会社員が返品を頼む。ミナは通常接客、タクミは対応マニュアルを探す。 未来青年 / 未来の会社員は全カットで同一人物として固定。キャラID: future_worker_ep01。2074年の食品流通管理課の若い男性会社員、実年齢27歳だが過労で40代手前に見える。細身で肩が落ちた体型、短く乱れた黒髪、疲れた目、目の下の薄いクマ、弱った困り顔、薄い無精髭、くたびれた濃紺スーツ、緩んだネクタイ、白シャツ。首元に透明な記憶返品タグ/絆創膏状パッチがあり、中の銀色回路が淡く光る。顔立ち、髪型、体格、スーツ、首元タグを毎カットで変えない。肩表示は一種類だけに固定。小さなシアン発光の角丸液晶バッジを、本人の左胸寄りの左肩ストラップ上、心臓側に一つだけ置く。正面向きの構図では見る側の右寄りに出る位置。文字は短く「残業」「2074」程度。本人の右肩、見る側の左肩、両腕、前腕、胸中央、首タグ上には残業表示を置かない。右肩表示は禁止。両肩表示は禁止。小道具は未来おにぎり、未来レシート、ホットコーヒー。別人化禁止。眼鏡禁止。長髪禁止。濃い髭禁止。スポーツサングラス禁止。バイクジャケット禁止。座木山辰哉や汗田竜司に似せない。未来警察やサイバー戦士にしない。 タクミは全カットで同一人物として固定。キャラID: takumi。20歳前後の若い日本人男性、細身で少し猫背、短い黒髪で軽い寝癖、丸めの目、驚きや困惑が表情に出やすい普通の新人夜勤バイト。制服は全カットで同じ、濃紺ベースに深緑の前身頃、白い横ライン、緑の襟、左胸に名札「タクミ」。顔をクールな主人公顔にしない。髪型、顔立ち、制服配色、名札位置を変えない。ミナの制服と同じ店舗制服にするが、女性用に見せない。 ミナは全カットで同一人物として固定。キャラID: mina。20代前半の日本人女性、黒髪の低いひとつ結び、前髪は自然に下ろしすぎず整える、落ち着いた目、無表情に近い淡々とした顔、背筋がまっすぐ。制服はタクミと同じ店舗制服で、濃紺ベースに深緑の前身頃、白い横ライン、緑の襟、左胸に名札「ミナ」。華美にしない。髪型、顔立ち、制服配色、名札位置を変えない。ボブやロングヘアへ変更しない。 2Dアニメイラスト、ビジュアルノベル風、ゲーム立ち絵風、アニメ塗り、セルルック、線画がはっきりしたキャラクターデザイン、非写実的。人物をフォトリアルにしない。,発話ログ　26/82 / 担当　タクミ / 本日の営業　継続中
ep01_v029,ep01_026,vc07,五十年後の返品相談,7,95.617,97.85,ミナ,まず、いらっしゃいませ。,まず、いらっしゃいませ。,07/20　五十年後の返品相談,27/82　ミナ,assets/scenes/planned/ep01_vc07_future_return_counter.jpg,assets/scenes/planned/ep01_vc07_future_return_counter.jpg,assets/scenes/scene_04_future_worker_enters.jpg,レジ前で未来青年 / 未来の会社員が返品を頼む。ミナは通常接客、タクミは対応マニュアルを探す。 未来青年 / 未来の会社員は全カットで同一人物として固定。キャラID: future_worker_ep01。2074年の食品流通管理課の若い男性会社員、実年齢27歳だが過労で40代手前に見える。細身で肩が落ちた体型、短く乱れた黒髪、疲れた目、目の下の薄いクマ、弱った困り顔、薄い無精髭、くたびれた濃紺スーツ、緩んだネクタイ、白シャツ。首元に透明な記憶返品タグ/絆創膏状パッチがあり、中の銀色回路が淡く光る。顔立ち、髪型、体格、スーツ、首元タグを毎カットで変えない。肩表示は一種類だけに固定。小さなシアン発光の角丸液晶バッジを、本人の左胸寄りの左肩ストラップ上、心臓側に一つだけ置く。正面向きの構図では見る側の右寄りに出る位置。文字は短く「残業」「2074」程度。本人の右肩、見る側の左肩、両腕、前腕、胸中央、首タグ上には残業表示を置かない。右肩表示は禁止。両肩表示は禁止。小道具は未来おにぎり、未来レシート、ホットコーヒー。別人化禁止。眼鏡禁止。長髪禁止。濃い髭禁止。スポーツサングラス禁止。バイクジャケット禁止。座木山辰哉や汗田竜司に似せない。未来警察やサイバー戦士にしない。 タクミは全カットで同一人物として固定。キャラID: takumi。20歳前後の若い日本人男性、細身で少し猫背、短い黒髪で軽い寝癖、丸めの目、驚きや困惑が表情に出やすい普通の新人夜勤バイト。制服は全カットで同じ、濃紺ベースに深緑の前身頃、白い横ライン、緑の襟、左胸に名札「タクミ」。顔をクールな主人公顔にしない。髪型、顔立ち、制服配色、名札位置を変えない。ミナの制服と同じ店舗制服にするが、女性用に見せない。 ミナは全カットで同一人物として固定。キャラID: mina。20代前半の日本人女性、黒髪の低いひとつ結び、前髪は自然に下ろしすぎず整える、落ち着いた目、無表情に近い淡々とした顔、背筋がまっすぐ。制服はタクミと同じ店舗制服で、濃紺ベースに深緑の前身頃、白い横ライン、緑の襟、左胸に名札「ミナ」。華美にしない。髪型、顔立ち、制服配色、名札位置を変えない。ボブやロングヘアへ変更しない。 2Dアニメイラスト、ビジュアルノベル風、ゲーム立ち絵風、アニメ塗り、セルルック、線画がはっきりしたキャラクターデザイン、非写実的。人物をフォトリアルにしない。,発話ログ　27/82 / 担当　ミナ / 声　中2 / ノーマル
ep01_v030,ep01_025,vc07,五十年後の返品相談,7,98.1,99.829,タクミ,そこからなんですね。,そこからなんですね。,07/20　五十年後の返品相談,28/82　タクミ,assets/scenes/planned/ep01_vc07_future_return_counter.jpg,assets/scenes/planned/ep01_vc07_future_return_counter.jpg,assets/scenes/scene_04_future_worker_enters.jpg,レジ前で未来青年 / 未来の会社員が返品を頼む。ミナは通常接客、タクミは対応マニュアルを探す。 未来青年 / 未来の会社員は全カットで同一人物として固定。キャラID: future_worker_ep01。2074年の食品流通管理課の若い男性会社員、実年齢27歳だが過労で40代手前に見える。細身で肩が落ちた体型、短く乱れた黒髪、疲れた目、目の下の薄いクマ、弱った困り顔、薄い無精髭、くたびれた濃紺スーツ、緩んだネクタイ、白シャツ。首元に透明な記憶返品タグ/絆創膏状パッチがあり、中の銀色回路が淡く光る。顔立ち、髪型、体格、スーツ、首元タグを毎カットで変えない。肩表示は一種類だけに固定。小さなシアン発光の角丸液晶バッジを、本人の左胸寄りの左肩ストラップ上、心臓側に一つだけ置く。正面向きの構図では見る側の右寄りに出る位置。文字は短く「残業」「2074」程度。本人の右肩、見る側の左肩、両腕、前腕、胸中央、首タグ上には残業表示を置かない。右肩表示は禁止。両肩表示は禁止。小道具は未来おにぎり、未来レシート、ホットコーヒー。別人化禁止。眼鏡禁止。長髪禁止。濃い髭禁止。スポーツサングラス禁止。バイクジャケット禁止。座木山辰哉や汗田竜司に似せない。未来警察やサイバー戦士にしない。 タクミは全カットで同一人物として固定。キャラID: takumi。20歳前後の若い日本人男性、細身で少し猫背、短い黒髪で軽い寝癖、丸めの目、驚きや困惑が表情に出やすい普通の新人夜勤バイト。制服は全カットで同じ、濃紺ベースに深緑の前身頃、白い横ライン、緑の襟、左胸に名札「タクミ」。顔をクールな主人公顔にしない。髪型、顔立ち、制服配色、名札位置を変えない。ミナの制服と同じ店舗制服にするが、女性用に見せない。 ミナは全カットで同一人物として固定。キャラID: mina。20代前半の日本人女性、黒髪の低いひとつ結び、前髪は自然に下ろしすぎず整える、落ち着いた目、無表情に近い淡々とした顔、背筋がまっすぐ。制服はタクミと同じ店舗制服で、濃紺ベースに深緑の前身頃、白い横ライン、緑の襟、左胸に名札「ミナ」。華美にしない。髪型、顔立ち、制服配色、名札位置を変えない。ボブやロングヘアへ変更しない。 2Dアニメイラスト、ビジュアルノベル風、ゲーム立ち絵風、アニメ塗り、セルルック、線画がはっきりしたキャラクターデザイン、非写実的。人物をフォトリアルにしない。,発話ログ　28/82 / 担当　タクミ / 本日の営業　継続中
ep01_v031,ep01_027,vc08,未来おにぎりスキャン,8,100.329,103.179,ナレーション,男は袋からおにぎりを出した。,おとこワふくろからおにぎりをだした。,08/20　未来おにぎりスキャン,29/82　ナレーション,assets/scenes/planned/ep01_vc08_future_onigiri_scan.jpg,assets/scenes/planned/ep01_vc08_future_onigiri_scan.jpg,assets/scenes/scene_05_future_onigiri_scan.jpg,未来青年 / 未来の会社員が持参した完全栄養おにぎり・思い出の鮭を第十三レジでスキャン。警告表示、人類生存率、タクミの焦り。第十三レジの顔つきは、黒く重いセルフレジ端末の斜めスクリーンに、ネオンシアンの短い水平な目が二本、小さな水平の口が一つだけ光る無表情フェイス。かわいくしすぎず、眠そうで機械的、でも妙に意思がある。本体は黒い金属とガラス、角ばった筐体、カード端末とスキャナー付き。 未来青年 / 未来の会社員は全カットで同一人物として固定。キャラID: future_worker_ep01。2074年の食品流通管理課の若い男性会社員、実年齢27歳だが過労で40代手前に見える。細身で肩が落ちた体型、短く乱れた黒髪、疲れた目、目の下の薄いクマ、弱った困り顔、薄い無精髭、くたびれた濃紺スーツ、緩んだネクタイ、白シャツ。首元に透明な記憶返品タグ/絆創膏状パッチがあり、中の銀色回路が淡く光る。顔立ち、髪型、体格、スーツ、首元タグを毎カットで変えない。肩表示は一種類だけに固定。小さなシアン発光の角丸液晶バッジを、本人の左胸寄りの左肩ストラップ上、心臓側に一つだけ置く。正面向きの構図では見る側の右寄りに出る位置。文字は短く「残業」「2074」程度。本人の右肩、見る側の左肩、両腕、前腕、胸中央、首タグ上には残業表示を置かない。右肩表示は禁止。両肩表示は禁止。小道具は未来おにぎり、未来レシート、ホットコーヒー。別人化禁止。眼鏡禁止。長髪禁止。濃い髭禁止。スポーツサングラス禁止。バイクジャケット禁止。座木山辰哉や汗田竜司に似せない。未来警察やサイバー戦士にしない。 タクミは全カットで同一人物として固定。キャラID: takumi。20歳前後の若い日本人男性、細身で少し猫背、短い黒髪で軽い寝癖、丸めの目、驚きや困惑が表情に出やすい普通の新人夜勤バイト。制服は全カットで同じ、濃紺ベースに深緑の前身頃、白い横ライン、緑の襟、左胸に名札「タクミ」。顔をクールな主人公顔にしない。髪型、顔立ち、制服配色、名札位置を変えない。ミナの制服と同じ店舗制服にするが、女性用に見せない。 ミナは全カットで同一人物として固定。キャラID: mina。20代前半の日本人女性、黒髪の低いひとつ結び、前髪は自然に下ろしすぎず整える、落ち着いた目、無表情に近い淡々とした顔、背筋がまっすぐ。制服はタクミと同じ店舗制服で、濃紺ベースに深緑の前身頃、白い横ライン、緑の襟、左胸に名札「ミナ」。華美にしない。髪型、顔立ち、制服配色、名札位置を変えない。ボブやロングヘアへ変更しない。 2Dアニメイラスト、ビジュアルノベル風、ゲーム立ち絵風、アニメ塗り、セルルック、線画がはっきりしたキャラクターデザイン、非写実的。人物をフォトリアルにしない。,発話ログ　29/82 / 担当　ナレーション / 深夜帯　進行中
ep01_v032,ep01_028,vc08,未来おにぎりスキャン,8,103.379,107.54,ナレーション,パッケージには、完全栄養おにぎり・思い出の鮭。,ぱっけーじにワ、かんぜんえいようおにぎり、おもいでのしゃけ。,08/20　未来おにぎりスキャン,30/82　ナレーション,assets/scenes/planned/ep01_vc08_future_onigiri_scan.jpg,assets/scenes/planned/ep01_vc08_future_onigiri_scan.jpg,assets/scenes/scene_05_future_onigiri_scan.jpg,未来青年 / 未来の会社員が持参した完全栄養おにぎり・思い出の鮭を第十三レジでスキャン。警告表示、人類生存率、タクミの焦り。第十三レジの顔つきは、黒く重いセルフレジ端末の斜めスクリーンに、ネオンシアンの短い水平な目が二本、小さな水平の口が一つだけ光る無表情フェイス。かわいくしすぎず、眠そうで機械的、でも妙に意思がある。本体は黒い金属とガラス、角ばった筐体、カード端末とスキャナー付き。 未来青年 / 未来の会社員は全カットで同一人物として固定。キャラID: future_worker_ep01。2074年の食品流通管理課の若い男性会社員、実年齢27歳だが過労で40代手前に見える。細身で肩が落ちた体型、短く乱れた黒髪、疲れた目、目の下の薄いクマ、弱った困り顔、薄い無精髭、くたびれた濃紺スーツ、緩んだネクタイ、白シャツ。首元に透明な記憶返品タグ/絆創膏状パッチがあり、中の銀色回路が淡く光る。顔立ち、髪型、体格、スーツ、首元タグを毎カットで変えない。肩表示は一種類だけに固定。小さなシアン発光の角丸液晶バッジを、本人の左胸寄りの左肩ストラップ上、心臓側に一つだけ置く。正面向きの構図では見る側の右寄りに出る位置。文字は短く「残業」「2074」程度。本人の右肩、見る側の左肩、両腕、前腕、胸中央、首タグ上には残業表示を置かない。右肩表示は禁止。両肩表示は禁止。小道具は未来おにぎり、未来レシート、ホットコーヒー。別人化禁止。眼鏡禁止。長髪禁止。濃い髭禁止。スポーツサングラス禁止。バイクジャケット禁止。座木山辰哉や汗田竜司に似せない。未来警察やサイバー戦士にしない。 タクミは全カットで同一人物として固定。キャラID: takumi。20歳前後の若い日本人男性、細身で少し猫背、短い黒髪で軽い寝癖、丸めの目、驚きや困惑が表情に出やすい普通の新人夜勤バイト。制服は全カットで同じ、濃紺ベースに深緑の前身頃、白い横ライン、緑の襟、左胸に名札「タクミ」。顔をクールな主人公顔にしない。髪型、顔立ち、制服配色、名札位置を変えない。ミナの制服と同じ店舗制服にするが、女性用に見せない。 ミナは全カットで同一人物として固定。キャラID: mina。20代前半の日本人女性、黒髪の低いひとつ結び、前髪は自然に下ろしすぎず整える、落ち着いた目、無表情に近い淡々とした顔、背筋がまっすぐ。制服はタクミと同じ店舗制服で、濃紺ベースに深緑の前身頃、白い横ライン、緑の襟、左胸に名札「ミナ」。華美にしない。髪型、顔立ち、制服配色、名札位置を変えない。ボブやロングヘアへ変更しない。 2Dアニメイラスト、ビジュアルノベル風、ゲーム立ち絵風、アニメ塗り、セルルック、線画がはっきりしたキャラクターデザイン、非写実的。人物をフォトリアルにしない。,発話ログ　30/82 / 担当　ナレーション / 深夜帯　進行中
ep01_v033,ep01_028,vc08,未来おにぎりスキャン,8,107.79,112.175,ナレーション,製造年月日、二〇七四年六月十二日。,せいぞうねんがっぴ、にせんななじゅうよねんろくがつじゅうににち。,08/20　未来おにぎりスキャン,31/82　ナレーション,assets/scenes/planned/ep01_vc08_future_onigiri_scan.jpg,assets/scenes/planned/ep01_vc08_future_onigiri_scan.jpg,assets/scenes/scene_05_future_onigiri_scan.jpg,未来青年 / 未来の会社員が持参した完全栄養おにぎり・思い出の鮭を第十三レジでスキャン。警告表示、人類生存率、タクミの焦り。第十三レジの顔つきは、黒く重いセルフレジ端末の斜めスクリーンに、ネオンシアンの短い水平な目が二本、小さな水平の口が一つだけ光る無表情フェイス。かわいくしすぎず、眠そうで機械的、でも妙に意思がある。本体は黒い金属とガラス、角ばった筐体、カード端末とスキャナー付き。 未来青年 / 未来の会社員は全カットで同一人物として固定。キャラID: future_worker_ep01。2074年の食品流通管理課の若い男性会社員、実年齢27歳だが過労で40代手前に見える。細身で肩が落ちた体型、短く乱れた黒髪、疲れた目、目の下の薄いクマ、弱った困り顔、薄い無精髭、くたびれた濃紺スーツ、緩んだネクタイ、白シャツ。首元に透明な記憶返品タグ/絆創膏状パッチがあり、中の銀色回路が淡く光る。顔立ち、髪型、体格、スーツ、首元タグを毎カットで変えない。肩表示は一種類だけに固定。小さなシアン発光の角丸液晶バッジを、本人の左胸寄りの左肩ストラップ上、心臓側に一つだけ置く。正面向きの構図では見る側の右寄りに出る位置。文字は短く「残業」「2074」程度。本人の右肩、見る側の左肩、両腕、前腕、胸中央、首タグ上には残業表示を置かない。右肩表示は禁止。両肩表示は禁止。小道具は未来おにぎり、未来レシート、ホットコーヒー。別人化禁止。眼鏡禁止。長髪禁止。濃い髭禁止。スポーツサングラス禁止。バイクジャケット禁止。座木山辰哉や汗田竜司に似せない。未来警察やサイバー戦士にしない。 タクミは全カットで同一人物として固定。キャラID: takumi。20歳前後の若い日本人男性、細身で少し猫背、短い黒髪で軽い寝癖、丸めの目、驚きや困惑が表情に出やすい普通の新人夜勤バイト。制服は全カットで同じ、濃紺ベースに深緑の前身頃、白い横ライン、緑の襟、左胸に名札「タクミ」。顔をクールな主人公顔にしない。髪型、顔立ち、制服配色、名札位置を変えない。ミナの制服と同じ店舗制服にするが、女性用に見せない。 ミナは全カットで同一人物として固定。キャラID: mina。20代前半の日本人女性、黒髪の低いひとつ結び、前髪は自然に下ろしすぎず整える、落ち着いた目、無表情に近い淡々とした顔、背筋がまっすぐ。制服はタクミと同じ店舗制服で、濃紺ベースに深緑の前身頃、白い横ライン、緑の襟、左胸に名札「ミナ」。華美にしない。髪型、顔立ち、制服配色、名札位置を変えない。ボブやロングヘアへ変更しない。 2Dアニメイラスト、ビジュアルノベル風、ゲーム立ち絵風、アニメ塗り、セルルック、線画がはっきりしたキャラクターデザイン、非写実的。人物をフォトリアルにしない。,発話ログ　31/82 / 担当　ナレーション / 深夜帯　進行中
ep01_v034,ep01_029,vc08,未来おにぎりスキャン,8,112.675,116.943,第十三レジ,警告。この商品は未来の食糧危機解決候補です。,けいこく。このしょうひんワみらいのしょくりょうききかいけつこうほです。,08/20　未来おにぎりスキャン,32/82　第十三レジ,assets/scenes/planned/ep01_vc08_future_onigiri_scan.jpg,assets/scenes/planned/ep01_vc08_future_onigiri_scan.jpg,assets/scenes/scene_05_future_onigiri_scan.jpg,未来青年 / 未来の会社員が持参した完全栄養おにぎり・思い出の鮭を第十三レジでスキャン。警告表示、人類生存率、タクミの焦り。第十三レジの顔つきは、黒く重いセルフレジ端末の斜めスクリーンに、ネオンシアンの短い水平な目が二本、小さな水平の口が一つだけ光る無表情フェイス。かわいくしすぎず、眠そうで機械的、でも妙に意思がある。本体は黒い金属とガラス、角ばった筐体、カード端末とスキャナー付き。 未来青年 / 未来の会社員は全カットで同一人物として固定。キャラID: future_worker_ep01。2074年の食品流通管理課の若い男性会社員、実年齢27歳だが過労で40代手前に見える。細身で肩が落ちた体型、短く乱れた黒髪、疲れた目、目の下の薄いクマ、弱った困り顔、薄い無精髭、くたびれた濃紺スーツ、緩んだネクタイ、白シャツ。首元に透明な記憶返品タグ/絆創膏状パッチがあり、中の銀色回路が淡く光る。顔立ち、髪型、体格、スーツ、首元タグを毎カットで変えない。肩表示は一種類だけに固定。小さなシアン発光の角丸液晶バッジを、本人の左胸寄りの左肩ストラップ上、心臓側に一つだけ置く。正面向きの構図では見る側の右寄りに出る位置。文字は短く「残業」「2074」程度。本人の右肩、見る側の左肩、両腕、前腕、胸中央、首タグ上には残業表示を置かない。右肩表示は禁止。両肩表示は禁止。小道具は未来おにぎり、未来レシート、ホットコーヒー。別人化禁止。眼鏡禁止。長髪禁止。濃い髭禁止。スポーツサングラス禁止。バイクジャケット禁止。座木山辰哉や汗田竜司に似せない。未来警察やサイバー戦士にしない。 タクミは全カットで同一人物として固定。キャラID: takumi。20歳前後の若い日本人男性、細身で少し猫背、短い黒髪で軽い寝癖、丸めの目、驚きや困惑が表情に出やすい普通の新人夜勤バイト。制服は全カットで同じ、濃紺ベースに深緑の前身頃、白い横ライン、緑の襟、左胸に名札「タクミ」。顔をクールな主人公顔にしない。髪型、顔立ち、制服配色、名札位置を変えない。ミナの制服と同じ店舗制服にするが、女性用に見せない。 ミナは全カットで同一人物として固定。キャラID: mina。20代前半の日本人女性、黒髪の低いひとつ結び、前髪は自然に下ろしすぎず整える、落ち着いた目、無表情に近い淡々とした顔、背筋がまっすぐ。制服はタクミと同じ店舗制服で、濃紺ベースに深緑の前身頃、白い横ライン、緑の襟、左胸に名札「ミナ」。華美にしない。髪型、顔立ち、制服配色、名札位置を変えない。ボブやロングヘアへ変更しない。 2Dアニメイラスト、ビジュアルノベル風、ゲーム立ち絵風、アニメ塗り、セルルック、線画がはっきりしたキャラクターデザイン、非写実的。人物をフォトリアルにしない。,発話ログ　32/82 / 担当　第十三レジ / 第十三レジ　応答中
ep01_v035,ep01_030,vc08,未来おにぎりスキャン,8,117.143,121.635,第十三レジ,誤返品により人類生存率が三・二パーセント低下します。,ごへんぴんによりじんるいせいぞんりつがさんてんにぱーせんとていかします。,08/20　未来おにぎりスキャン,33/82　第十三レジ,assets/scenes/planned/ep01_vc08_future_onigiri_scan.jpg,assets/scenes/planned/ep01_vc08_future_onigiri_scan.jpg,assets/scenes/scene_05_future_onigiri_scan.jpg,未来青年 / 未来の会社員が持参した完全栄養おにぎり・思い出の鮭を第十三レジでスキャン。警告表示、人類生存率、タクミの焦り。第十三レジの顔つきは、黒く重いセルフレジ端末の斜めスクリーンに、ネオンシアンの短い水平な目が二本、小さな水平の口が一つだけ光る無表情フェイス。かわいくしすぎず、眠そうで機械的、でも妙に意思がある。本体は黒い金属とガラス、角ばった筐体、カード端末とスキャナー付き。 未来青年 / 未来の会社員は全カットで同一人物として固定。キャラID: future_worker_ep01。2074年の食品流通管理課の若い男性会社員、実年齢27歳だが過労で40代手前に見える。細身で肩が落ちた体型、短く乱れた黒髪、疲れた目、目の下の薄いクマ、弱った困り顔、薄い無精髭、くたびれた濃紺スーツ、緩んだネクタイ、白シャツ。首元に透明な記憶返品タグ/絆創膏状パッチがあり、中の銀色回路が淡く光る。顔立ち、髪型、体格、スーツ、首元タグを毎カットで変えない。肩表示は一種類だけに固定。小さなシアン発光の角丸液晶バッジを、本人の左胸寄りの左肩ストラップ上、心臓側に一つだけ置く。正面向きの構図では見る側の右寄りに出る位置。文字は短く「残業」「2074」程度。本人の右肩、見る側の左肩、両腕、前腕、胸中央、首タグ上には残業表示を置かない。右肩表示は禁止。両肩表示は禁止。小道具は未来おにぎり、未来レシート、ホットコーヒー。別人化禁止。眼鏡禁止。長髪禁止。濃い髭禁止。スポーツサングラス禁止。バイクジャケット禁止。座木山辰哉や汗田竜司に似せない。未来警察やサイバー戦士にしない。 タクミは全カットで同一人物として固定。キャラID: takumi。20歳前後の若い日本人男性、細身で少し猫背、短い黒髪で軽い寝癖、丸めの目、驚きや困惑が表情に出やすい普通の新人夜勤バイト。制服は全カットで同じ、濃紺ベースに深緑の前身頃、白い横ライン、緑の襟、左胸に名札「タクミ」。顔をクールな主人公顔にしない。髪型、顔立ち、制服配色、名札位置を変えない。ミナの制服と同じ店舗制服にするが、女性用に見せない。 ミナは全カットで同一人物として固定。キャラID: mina。20代前半の日本人女性、黒髪の低いひとつ結び、前髪は自然に下ろしすぎず整える、落ち着いた目、無表情に近い淡々とした顔、背筋がまっすぐ。制服はタクミと同じ店舗制服で、濃紺ベースに深緑の前身頃、白い横ライン、緑の襟、左胸に名札「ミナ」。華美にしない。髪型、顔立ち、制服配色、名札位置を変えない。ボブやロングヘアへ変更しない。 2Dアニメイラスト、ビジュアルノベル風、ゲーム立ち絵風、アニメ塗り、セルルック、線画がはっきりしたキャラクターデザイン、非写実的。人物をフォトリアルにしない。,発話ログ　33/82 / 担当　第十三レジ / 第十三レジ　応答中
ep01_v036,ep01_031,vc08,未来おにぎりスキャン,8,122.085,125.61,タクミ,ミナさん、僕の時給で扱っていい数字じゃないです。,みなさん、ぼくのじきゅうであつかっていいすうじじゃないです。,08/20　未来おにぎりスキャン,34/82　タクミ,assets/scenes/planned/ep01_vc08_future_onigiri_scan.jpg,assets/scenes/planned/ep01_vc08_future_onigiri_scan.jpg,assets/scenes/scene_05_future_onigiri_scan.jpg,未来青年 / 未来の会社員が持参した完全栄養おにぎり・思い出の鮭を第十三レジでスキャン。警告表示、人類生存率、タクミの焦り。第十三レジの顔つきは、黒く重いセルフレジ端末の斜めスクリーンに、ネオンシアンの短い水平な目が二本、小さな水平の口が一つだけ光る無表情フェイス。かわいくしすぎず、眠そうで機械的、でも妙に意思がある。本体は黒い金属とガラス、角ばった筐体、カード端末とスキャナー付き。 未来青年 / 未来の会社員は全カットで同一人物として固定。キャラID: future_worker_ep01。2074年の食品流通管理課の若い男性会社員、実年齢27歳だが過労で40代手前に見える。細身で肩が落ちた体型、短く乱れた黒髪、疲れた目、目の下の薄いクマ、弱った困り顔、薄い無精髭、くたびれた濃紺スーツ、緩んだネクタイ、白シャツ。首元に透明な記憶返品タグ/絆創膏状パッチがあり、中の銀色回路が淡く光る。顔立ち、髪型、体格、スーツ、首元タグを毎カットで変えない。肩表示は一種類だけに固定。小さなシアン発光の角丸液晶バッジを、本人の左胸寄りの左肩ストラップ上、心臓側に一つだけ置く。正面向きの構図では見る側の右寄りに出る位置。文字は短く「残業」「2074」程度。本人の右肩、見る側の左肩、両腕、前腕、胸中央、首タグ上には残業表示を置かない。右肩表示は禁止。両肩表示は禁止。小道具は未来おにぎり、未来レシート、ホットコーヒー。別人化禁止。眼鏡禁止。長髪禁止。濃い髭禁止。スポーツサングラス禁止。バイクジャケット禁止。座木山辰哉や汗田竜司に似せない。未来警察やサイバー戦士にしない。 タクミは全カットで同一人物として固定。キャラID: takumi。20歳前後の若い日本人男性、細身で少し猫背、短い黒髪で軽い寝癖、丸めの目、驚きや困惑が表情に出やすい普通の新人夜勤バイト。制服は全カットで同じ、濃紺ベースに深緑の前身頃、白い横ライン、緑の襟、左胸に名札「タクミ」。顔をクールな主人公顔にしない。髪型、顔立ち、制服配色、名札位置を変えない。ミナの制服と同じ店舗制服にするが、女性用に見せない。 ミナは全カットで同一人物として固定。キャラID: mina。20代前半の日本人女性、黒髪の低いひとつ結び、前髪は自然に下ろしすぎず整える、落ち着いた目、無表情に近い淡々とした顔、背筋がまっすぐ。制服はタクミと同じ店舗制服で、濃紺ベースに深緑の前身頃、白い横ライン、緑の襟、左胸に名札「ミナ」。華美にしない。髪型、顔立ち、制服配色、名札位置を変えない。ボブやロングヘアへ変更しない。 2Dアニメイラスト、ビジュアルノベル風、ゲーム立ち絵風、アニメ塗り、セルルック、線画がはっきりしたキャラクターデザイン、非写実的。人物をフォトリアルにしない。,発話ログ　34/82 / 担当　タクミ / 本日の営業　継続中
ep01_v037,ep01_032,vc09,始末書を気にする未来人,9,126.06,129.966,未来の会社員,うちの課が試験販売前の商品を過去へ誤配送しまして。,うちのかがしけんはんばいまえのしょうひんをかこエごはいそうしまして。,09/20　始末書を気にする未来人,35/82　未来の会社員,assets/scenes/planned/ep01_vc09_future_worker_excuse.jpg,assets/scenes/planned/ep01_vc09_future_worker_excuse.jpg,assets/scenes/scene_04_future_worker_enters.jpg,未来青年 / 未来の会社員が始末書を気にして深く頭を下げる。タクミが引き気味にツッコミ、ミナは静観。 未来青年 / 未来の会社員は全カットで同一人物として固定。キャラID: future_worker_ep01。2074年の食品流通管理課の若い男性会社員、実年齢27歳だが過労で40代手前に見える。細身で肩が落ちた体型、短く乱れた黒髪、疲れた目、目の下の薄いクマ、弱った困り顔、薄い無精髭、くたびれた濃紺スーツ、緩んだネクタイ、白シャツ。首元に透明な記憶返品タグ/絆創膏状パッチがあり、中の銀色回路が淡く光る。顔立ち、髪型、体格、スーツ、首元タグを毎カットで変えない。肩表示は一種類だけに固定。小さなシアン発光の角丸液晶バッジを、本人の左胸寄りの左肩ストラップ上、心臓側に一つだけ置く。正面向きの構図では見る側の右寄りに出る位置。文字は短く「残業」「2074」程度。本人の右肩、見る側の左肩、両腕、前腕、胸中央、首タグ上には残業表示を置かない。右肩表示は禁止。両肩表示は禁止。小道具は未来おにぎり、未来レシート、ホットコーヒー。別人化禁止。眼鏡禁止。長髪禁止。濃い髭禁止。スポーツサングラス禁止。バイクジャケット禁止。座木山辰哉や汗田竜司に似せない。未来警察やサイバー戦士にしない。 タクミは全カットで同一人物として固定。キャラID: takumi。20歳前後の若い日本人男性、細身で少し猫背、短い黒髪で軽い寝癖、丸めの目、驚きや困惑が表情に出やすい普通の新人夜勤バイト。制服は全カットで同じ、濃紺ベースに深緑の前身頃、白い横ライン、緑の襟、左胸に名札「タクミ」。顔をクールな主人公顔にしない。髪型、顔立ち、制服配色、名札位置を変えない。ミナの制服と同じ店舗制服にするが、女性用に見せない。 ミナは全カットで同一人物として固定。キャラID: mina。20代前半の日本人女性、黒髪の低いひとつ結び、前髪は自然に下ろしすぎず整える、落ち着いた目、無表情に近い淡々とした顔、背筋がまっすぐ。制服はタクミと同じ店舗制服で、濃紺ベースに深緑の前身頃、白い横ライン、緑の襟、左胸に名札「ミナ」。華美にしない。髪型、顔立ち、制服配色、名札位置を変えない。ボブやロングヘアへ変更しない。 2Dアニメイラスト、ビジュアルノベル風、ゲーム立ち絵風、アニメ塗り、セルルック、線画がはっきりしたキャラクターデザイン、非写実的。人物をフォトリアルにしない。,発話ログ　35/82 / 担当　未来の会社員 / 未来案件　処理中
ep01_v038,ep01_033,vc09,始末書を気にする未来人,9,130.216,132.67,未来の会社員,返品しないと始末書が増えます。,へんぴんしないとしまつしょがふえます。,09/20　始末書を気にする未来人,36/82　未来の会社員,assets/scenes/planned/ep01_vc09_future_worker_excuse.jpg,assets/scenes/planned/ep01_vc09_future_worker_excuse.jpg,assets/scenes/scene_04_future_worker_enters.jpg,未来青年 / 未来の会社員が始末書を気にして深く頭を下げる。タクミが引き気味にツッコミ、ミナは静観。 未来青年 / 未来の会社員は全カットで同一人物として固定。キャラID: future_worker_ep01。2074年の食品流通管理課の若い男性会社員、実年齢27歳だが過労で40代手前に見える。細身で肩が落ちた体型、短く乱れた黒髪、疲れた目、目の下の薄いクマ、弱った困り顔、薄い無精髭、くたびれた濃紺スーツ、緩んだネクタイ、白シャツ。首元に透明な記憶返品タグ/絆創膏状パッチがあり、中の銀色回路が淡く光る。顔立ち、髪型、体格、スーツ、首元タグを毎カットで変えない。肩表示は一種類だけに固定。小さなシアン発光の角丸液晶バッジを、本人の左胸寄りの左肩ストラップ上、心臓側に一つだけ置く。正面向きの構図では見る側の右寄りに出る位置。文字は短く「残業」「2074」程度。本人の右肩、見る側の左肩、両腕、前腕、胸中央、首タグ上には残業表示を置かない。右肩表示は禁止。両肩表示は禁止。小道具は未来おにぎり、未来レシート、ホットコーヒー。別人化禁止。眼鏡禁止。長髪禁止。濃い髭禁止。スポーツサングラス禁止。バイクジャケット禁止。座木山辰哉や汗田竜司に似せない。未来警察やサイバー戦士にしない。 タクミは全カットで同一人物として固定。キャラID: takumi。20歳前後の若い日本人男性、細身で少し猫背、短い黒髪で軽い寝癖、丸めの目、驚きや困惑が表情に出やすい普通の新人夜勤バイト。制服は全カットで同じ、濃紺ベースに深緑の前身頃、白い横ライン、緑の襟、左胸に名札「タクミ」。顔をクールな主人公顔にしない。髪型、顔立ち、制服配色、名札位置を変えない。ミナの制服と同じ店舗制服にするが、女性用に見せない。 ミナは全カットで同一人物として固定。キャラID: mina。20代前半の日本人女性、黒髪の低いひとつ結び、前髪は自然に下ろしすぎず整える、落ち着いた目、無表情に近い淡々とした顔、背筋がまっすぐ。制服はタクミと同じ店舗制服で、濃紺ベースに深緑の前身頃、白い横ライン、緑の襟、左胸に名札「ミナ」。華美にしない。髪型、顔立ち、制服配色、名札位置を変えない。ボブやロングヘアへ変更しない。 2Dアニメイラスト、ビジュアルノベル風、ゲーム立ち絵風、アニメ塗り、セルルック、線画がはっきりしたキャラクターデザイン、非写実的。人物をフォトリアルにしない。,発話ログ　36/82 / 担当　未来の会社員 / 未来案件　処理中
ep01_v039,ep01_034,vc09,始末書を気にする未来人,9,132.97,135.307,タクミ,人類より始末書を気にしてる。,じんるいよりしまつしょをきにしてる。,09/20　始末書を気にする未来人,37/82　タクミ,assets/scenes/planned/ep01_vc09_future_worker_excuse.jpg,assets/scenes/planned/ep01_vc09_future_worker_excuse.jpg,assets/scenes/scene_04_future_worker_enters.jpg,未来青年 / 未来の会社員が始末書を気にして深く頭を下げる。タクミが引き気味にツッコミ、ミナは静観。 未来青年 / 未来の会社員は全カットで同一人物として固定。キャラID: future_worker_ep01。2074年の食品流通管理課の若い男性会社員、実年齢27歳だが過労で40代手前に見える。細身で肩が落ちた体型、短く乱れた黒髪、疲れた目、目の下の薄いクマ、弱った困り顔、薄い無精髭、くたびれた濃紺スーツ、緩んだネクタイ、白シャツ。首元に透明な記憶返品タグ/絆創膏状パッチがあり、中の銀色回路が淡く光る。顔立ち、髪型、体格、スーツ、首元タグを毎カットで変えない。肩表示は一種類だけに固定。小さなシアン発光の角丸液晶バッジを、本人の左胸寄りの左肩ストラップ上、心臓側に一つだけ置く。正面向きの構図では見る側の右寄りに出る位置。文字は短く「残業」「2074」程度。本人の右肩、見る側の左肩、両腕、前腕、胸中央、首タグ上には残業表示を置かない。右肩表示は禁止。両肩表示は禁止。小道具は未来おにぎり、未来レシート、ホットコーヒー。別人化禁止。眼鏡禁止。長髪禁止。濃い髭禁止。スポーツサングラス禁止。バイクジャケット禁止。座木山辰哉や汗田竜司に似せない。未来警察やサイバー戦士にしない。 タクミは全カットで同一人物として固定。キャラID: takumi。20歳前後の若い日本人男性、細身で少し猫背、短い黒髪で軽い寝癖、丸めの目、驚きや困惑が表情に出やすい普通の新人夜勤バイト。制服は全カットで同じ、濃紺ベースに深緑の前身頃、白い横ライン、緑の襟、左胸に名札「タクミ」。顔をクールな主人公顔にしない。髪型、顔立ち、制服配色、名札位置を変えない。ミナの制服と同じ店舗制服にするが、女性用に見せない。 ミナは全カットで同一人物として固定。キャラID: mina。20代前半の日本人女性、黒髪の低いひとつ結び、前髪は自然に下ろしすぎず整える、落ち着いた目、無表情に近い淡々とした顔、背筋がまっすぐ。制服はタクミと同じ店舗制服で、濃紺ベースに深緑の前身頃、白い横ライン、緑の襟、左胸に名札「ミナ」。華美にしない。髪型、顔立ち、制服配色、名札位置を変えない。ボブやロングヘアへ変更しない。 2Dアニメイラスト、ビジュアルノベル風、ゲーム立ち絵風、アニメ塗り、セルルック、線画がはっきりしたキャラクターデザイン、非写実的。人物をフォトリアルにしない。,発話ログ　37/82 / 担当　タクミ / 本日の営業　継続中
ep01_v040,ep01_035,vc09,始末書を気にする未来人,9,135.557,136.827,未来の会社員,会社員なので。,かいしゃいんなので。,09/20　始末書を気にする未来人,38/82　未来の会社員,assets/scenes/planned/ep01_vc09_future_worker_excuse.jpg,assets/scenes/planned/ep01_vc09_future_worker_excuse.jpg,assets/scenes/scene_04_future_worker_enters.jpg,未来青年 / 未来の会社員が始末書を気にして深く頭を下げる。タクミが引き気味にツッコミ、ミナは静観。 未来青年 / 未来の会社員は全カットで同一人物として固定。キャラID: future_worker_ep01。2074年の食品流通管理課の若い男性会社員、実年齢27歳だが過労で40代手前に見える。細身で肩が落ちた体型、短く乱れた黒髪、疲れた目、目の下の薄いクマ、弱った困り顔、薄い無精髭、くたびれた濃紺スーツ、緩んだネクタイ、白シャツ。首元に透明な記憶返品タグ/絆創膏状パッチがあり、中の銀色回路が淡く光る。顔立ち、髪型、体格、スーツ、首元タグを毎カットで変えない。肩表示は一種類だけに固定。小さなシアン発光の角丸液晶バッジを、本人の左胸寄りの左肩ストラップ上、心臓側に一つだけ置く。正面向きの構図では見る側の右寄りに出る位置。文字は短く「残業」「2074」程度。本人の右肩、見る側の左肩、両腕、前腕、胸中央、首タグ上には残業表示を置かない。右肩表示は禁止。両肩表示は禁止。小道具は未来おにぎり、未来レシート、ホットコーヒー。別人化禁止。眼鏡禁止。長髪禁止。濃い髭禁止。スポーツサングラス禁止。バイクジャケット禁止。座木山辰哉や汗田竜司に似せない。未来警察やサイバー戦士にしない。 タクミは全カットで同一人物として固定。キャラID: takumi。20歳前後の若い日本人男性、細身で少し猫背、短い黒髪で軽い寝癖、丸めの目、驚きや困惑が表情に出やすい普通の新人夜勤バイト。制服は全カットで同じ、濃紺ベースに深緑の前身頃、白い横ライン、緑の襟、左胸に名札「タクミ」。顔をクールな主人公顔にしない。髪型、顔立ち、制服配色、名札位置を変えない。ミナの制服と同じ店舗制服にするが、女性用に見せない。 ミナは全カットで同一人物として固定。キャラID: mina。20代前半の日本人女性、黒髪の低いひとつ結び、前髪は自然に下ろしすぎず整える、落ち着いた目、無表情に近い淡々とした顔、背筋がまっすぐ。制服はタクミと同じ店舗制服で、濃紺ベースに深緑の前身頃、白い横ライン、緑の襟、左胸に名札「ミナ」。華美にしない。髪型、顔立ち、制服配色、名札位置を変えない。ボブやロングヘアへ変更しない。 2Dアニメイラスト、ビジュアルノベル風、ゲーム立ち絵風、アニメ塗り、セルルック、線画がはっきりしたキャラクターデザイン、非写実的。人物をフォトリアルにしない。,発話ログ　38/82 / 担当　未来の会社員 / 未来案件　処理中
ep01_v041,ep01_034,vc09,始末書を気にする未来人,9,137.077,138.81,タクミ,説得力が嫌だ。,せっとくりょくがいやだ。,09/20　始末書を気にする未来人,39/82　タクミ,assets/scenes/planned/ep01_vc09_future_worker_excuse.jpg,assets/scenes/planned/ep01_vc09_future_worker_excuse.jpg,assets/scenes/scene_04_future_worker_enters.jpg,未来青年 / 未来の会社員が始末書を気にして深く頭を下げる。タクミが引き気味にツッコミ、ミナは静観。 未来青年 / 未来の会社員は全カットで同一人物として固定。キャラID: future_worker_ep01。2074年の食品流通管理課の若い男性会社員、実年齢27歳だが過労で40代手前に見える。細身で肩が落ちた体型、短く乱れた黒髪、疲れた目、目の下の薄いクマ、弱った困り顔、薄い無精髭、くたびれた濃紺スーツ、緩んだネクタイ、白シャツ。首元に透明な記憶返品タグ/絆創膏状パッチがあり、中の銀色回路が淡く光る。顔立ち、髪型、体格、スーツ、首元タグを毎カットで変えない。肩表示は一種類だけに固定。小さなシアン発光の角丸液晶バッジを、本人の左胸寄りの左肩ストラップ上、心臓側に一つだけ置く。正面向きの構図では見る側の右寄りに出る位置。文字は短く「残業」「2074」程度。本人の右肩、見る側の左肩、両腕、前腕、胸中央、首タグ上には残業表示を置かない。右肩表示は禁止。両肩表示は禁止。小道具は未来おにぎり、未来レシート、ホットコーヒー。別人化禁止。眼鏡禁止。長髪禁止。濃い髭禁止。スポーツサングラス禁止。バイクジャケット禁止。座木山辰哉や汗田竜司に似せない。未来警察やサイバー戦士にしない。 タクミは全カットで同一人物として固定。キャラID: takumi。20歳前後の若い日本人男性、細身で少し猫背、短い黒髪で軽い寝癖、丸めの目、驚きや困惑が表情に出やすい普通の新人夜勤バイト。制服は全カットで同じ、濃紺ベースに深緑の前身頃、白い横ライン、緑の襟、左胸に名札「タクミ」。顔をクールな主人公顔にしない。髪型、顔立ち、制服配色、名札位置を変えない。ミナの制服と同じ店舗制服にするが、女性用に見せない。 ミナは全カットで同一人物として固定。キャラID: mina。20代前半の日本人女性、黒髪の低いひとつ結び、前髪は自然に下ろしすぎず整える、落ち着いた目、無表情に近い淡々とした顔、背筋がまっすぐ。制服はタクミと同じ店舗制服で、濃紺ベースに深緑の前身頃、白い横ライン、緑の襟、左胸に名札「ミナ」。華美にしない。髪型、顔立ち、制服配色、名札位置を変えない。ボブやロングヘアへ変更しない。 2Dアニメイラスト、ビジュアルノベル風、ゲーム立ち絵風、アニメ塗り、セルルック、線画がはっきりしたキャラクターデザイン、非写実的。人物をフォトリアルにしない。,発話ログ　39/82 / 担当　タクミ / 本日の営業　継続中
ep01_v042,ep01_036,vc10,時空返品メニュー,10,139.36,147.789,ナレーション,第十三レジの画面には、通常返品、時空返品、存在取消、温める、店長呼出、と並んでいた。,だいじゅうさんれじのがめんにワ、つうじょうへんぴん、じくうへんぴん、そんざいとりけし、あたためる、てんちょうよびだし、とならんでいた。,10/20　時空返品メニュー,40/82　ナレーション,assets/scenes/planned/ep01_vc10_time_return_menu.jpg,assets/scenes/planned/ep01_vc10_time_return_menu.jpg,assets/scenes/scene_05_future_onigiri_scan.jpg,第十三レジの画面に、通常返品、時空返品、存在取消、温める、店長呼出のメニューが並ぶ。未来青年 / 未来の会社員は同じ顔で不安そうに見守る。第十三レジの顔つきは、黒く重いセルフレジ端末の斜めスクリーンに、ネオンシアンの短い水平な目が二本、小さな水平の口が一つだけ光る無表情フェイス。かわいくしすぎず、眠そうで機械的、でも妙に意思がある。本体は黒い金属とガラス、角ばった筐体、カード端末とスキャナー付き。 未来青年 / 未来の会社員は全カットで同一人物として固定。キャラID: future_worker_ep01。2074年の食品流通管理課の若い男性会社員、実年齢27歳だが過労で40代手前に見える。細身で肩が落ちた体型、短く乱れた黒髪、疲れた目、目の下の薄いクマ、弱った困り顔、薄い無精髭、くたびれた濃紺スーツ、緩んだネクタイ、白シャツ。首元に透明な記憶返品タグ/絆創膏状パッチがあり、中の銀色回路が淡く光る。顔立ち、髪型、体格、スーツ、首元タグを毎カットで変えない。肩表示は一種類だけに固定。小さなシアン発光の角丸液晶バッジを、本人の左胸寄りの左肩ストラップ上、心臓側に一つだけ置く。正面向きの構図では見る側の右寄りに出る位置。文字は短く「残業」「2074」程度。本人の右肩、見る側の左肩、両腕、前腕、胸中央、首タグ上には残業表示を置かない。右肩表示は禁止。両肩表示は禁止。小道具は未来おにぎり、未来レシート、ホットコーヒー。別人化禁止。眼鏡禁止。長髪禁止。濃い髭禁止。スポーツサングラス禁止。バイクジャケット禁止。座木山辰哉や汗田竜司に似せない。未来警察やサイバー戦士にしない。 タクミは全カットで同一人物として固定。キャラID: takumi。20歳前後の若い日本人男性、細身で少し猫背、短い黒髪で軽い寝癖、丸めの目、驚きや困惑が表情に出やすい普通の新人夜勤バイト。制服は全カットで同じ、濃紺ベースに深緑の前身頃、白い横ライン、緑の襟、左胸に名札「タクミ」。顔をクールな主人公顔にしない。髪型、顔立ち、制服配色、名札位置を変えない。ミナの制服と同じ店舗制服にするが、女性用に見せない。 ミナは全カットで同一人物として固定。キャラID: mina。20代前半の日本人女性、黒髪の低いひとつ結び、前髪は自然に下ろしすぎず整える、落ち着いた目、無表情に近い淡々とした顔、背筋がまっすぐ。制服はタクミと同じ店舗制服で、濃紺ベースに深緑の前身頃、白い横ライン、緑の襟、左胸に名札「ミナ」。華美にしない。髪型、顔立ち、制服配色、名札位置を変えない。ボブやロングヘアへ変更しない。 2Dアニメイラスト、ビジュアルノベル風、ゲーム立ち絵風、アニメ塗り、セルルック、線画がはっきりしたキャラクターデザイン、非写実的。人物をフォトリアルにしない。,発話ログ　40/82 / 担当　ナレーション / 深夜帯　進行中
ep01_v043,ep01_037,vc10,時空返品メニュー,10,148.139,149.881,タクミ,店長呼出があります。,てんちょうよびだしがあります。,10/20　時空返品メニュー,41/82　タクミ,assets/scenes/planned/ep01_vc10_time_return_menu.jpg,assets/scenes/planned/ep01_vc10_time_return_menu.jpg,assets/scenes/scene_05_future_onigiri_scan.jpg,第十三レジの画面に、通常返品、時空返品、存在取消、温める、店長呼出のメニューが並ぶ。未来青年 / 未来の会社員は同じ顔で不安そうに見守る。第十三レジの顔つきは、黒く重いセルフレジ端末の斜めスクリーンに、ネオンシアンの短い水平な目が二本、小さな水平の口が一つだけ光る無表情フェイス。かわいくしすぎず、眠そうで機械的、でも妙に意思がある。本体は黒い金属とガラス、角ばった筐体、カード端末とスキャナー付き。 未来青年 / 未来の会社員は全カットで同一人物として固定。キャラID: future_worker_ep01。2074年の食品流通管理課の若い男性会社員、実年齢27歳だが過労で40代手前に見える。細身で肩が落ちた体型、短く乱れた黒髪、疲れた目、目の下の薄いクマ、弱った困り顔、薄い無精髭、くたびれた濃紺スーツ、緩んだネクタイ、白シャツ。首元に透明な記憶返品タグ/絆創膏状パッチがあり、中の銀色回路が淡く光る。顔立ち、髪型、体格、スーツ、首元タグを毎カットで変えない。肩表示は一種類だけに固定。小さなシアン発光の角丸液晶バッジを、本人の左胸寄りの左肩ストラップ上、心臓側に一つだけ置く。正面向きの構図では見る側の右寄りに出る位置。文字は短く「残業」「2074」程度。本人の右肩、見る側の左肩、両腕、前腕、胸中央、首タグ上には残業表示を置かない。右肩表示は禁止。両肩表示は禁止。小道具は未来おにぎり、未来レシート、ホットコーヒー。別人化禁止。眼鏡禁止。長髪禁止。濃い髭禁止。スポーツサングラス禁止。バイクジャケット禁止。座木山辰哉や汗田竜司に似せない。未来警察やサイバー戦士にしない。 タクミは全カットで同一人物として固定。キャラID: takumi。20歳前後の若い日本人男性、細身で少し猫背、短い黒髪で軽い寝癖、丸めの目、驚きや困惑が表情に出やすい普通の新人夜勤バイト。制服は全カットで同じ、濃紺ベースに深緑の前身頃、白い横ライン、緑の襟、左胸に名札「タクミ」。顔をクールな主人公顔にしない。髪型、顔立ち、制服配色、名札位置を変えない。ミナの制服と同じ店舗制服にするが、女性用に見せない。 ミナは全カットで同一人物として固定。キャラID: mina。20代前半の日本人女性、黒髪の低いひとつ結び、前髪は自然に下ろしすぎず整える、落ち着いた目、無表情に近い淡々とした顔、背筋がまっすぐ。制服はタクミと同じ店舗制服で、濃紺ベースに深緑の前身頃、白い横ライン、緑の襟、左胸に名札「ミナ」。華美にしない。髪型、顔立ち、制服配色、名札位置を変えない。ボブやロングヘアへ変更しない。 2Dアニメイラスト、ビジュアルノベル風、ゲーム立ち絵風、アニメ塗り、セルルック、線画がはっきりしたキャラクターデザイン、非写実的。人物をフォトリアルにしない。,発話ログ　41/82 / 担当　タクミ / 本日の営業　継続中
ep01_v044,ep01_038,vc10,時空返品メニュー,10,150.081,151.32,ミナ,押さない。,おさない。,10/20　時空返品メニュー,42/82　ミナ,assets/scenes/planned/ep01_vc10_time_return_menu.jpg,assets/scenes/planned/ep01_vc10_time_return_menu.jpg,assets/scenes/scene_05_future_onigiri_scan.jpg,第十三レジの画面に、通常返品、時空返品、存在取消、温める、店長呼出のメニューが並ぶ。未来青年 / 未来の会社員は同じ顔で不安そうに見守る。第十三レジの顔つきは、黒く重いセルフレジ端末の斜めスクリーンに、ネオンシアンの短い水平な目が二本、小さな水平の口が一つだけ光る無表情フェイス。かわいくしすぎず、眠そうで機械的、でも妙に意思がある。本体は黒い金属とガラス、角ばった筐体、カード端末とスキャナー付き。 未来青年 / 未来の会社員は全カットで同一人物として固定。キャラID: future_worker_ep01。2074年の食品流通管理課の若い男性会社員、実年齢27歳だが過労で40代手前に見える。細身で肩が落ちた体型、短く乱れた黒髪、疲れた目、目の下の薄いクマ、弱った困り顔、薄い無精髭、くたびれた濃紺スーツ、緩んだネクタイ、白シャツ。首元に透明な記憶返品タグ/絆創膏状パッチがあり、中の銀色回路が淡く光る。顔立ち、髪型、体格、スーツ、首元タグを毎カットで変えない。肩表示は一種類だけに固定。小さなシアン発光の角丸液晶バッジを、本人の左胸寄りの左肩ストラップ上、心臓側に一つだけ置く。正面向きの構図では見る側の右寄りに出る位置。文字は短く「残業」「2074」程度。本人の右肩、見る側の左肩、両腕、前腕、胸中央、首タグ上には残業表示を置かない。右肩表示は禁止。両肩表示は禁止。小道具は未来おにぎり、未来レシート、ホットコーヒー。別人化禁止。眼鏡禁止。長髪禁止。濃い髭禁止。スポーツサングラス禁止。バイクジャケット禁止。座木山辰哉や汗田竜司に似せない。未来警察やサイバー戦士にしない。 タクミは全カットで同一人物として固定。キャラID: takumi。20歳前後の若い日本人男性、細身で少し猫背、短い黒髪で軽い寝癖、丸めの目、驚きや困惑が表情に出やすい普通の新人夜勤バイト。制服は全カットで同じ、濃紺ベースに深緑の前身頃、白い横ライン、緑の襟、左胸に名札「タクミ」。顔をクールな主人公顔にしない。髪型、顔立ち、制服配色、名札位置を変えない。ミナの制服と同じ店舗制服にするが、女性用に見せない。 ミナは全カットで同一人物として固定。キャラID: mina。20代前半の日本人女性、黒髪の低いひとつ結び、前髪は自然に下ろしすぎず整える、落ち着いた目、無表情に近い淡々とした顔、背筋がまっすぐ。制服はタクミと同じ店舗制服で、濃紺ベースに深緑の前身頃、白い横ライン、緑の襟、左胸に名札「ミナ」。華美にしない。髪型、顔立ち、制服配色、名札位置を変えない。ボブやロングヘアへ変更しない。 2Dアニメイラスト、ビジュアルノベル風、ゲーム立ち絵風、アニメ塗り、セルルック、線画がはっきりしたキャラクターデザイン、非写実的。人物をフォトリアルにしない。,発話ログ　42/82 / 担当　ミナ / 声　中2 / ノーマル
ep01_v045,ep01_037,vc10,時空返品メニュー,10,151.52,152.595,タクミ,なぜ。,なぜ。,10/20　時空返品メニュー,43/82　タクミ,assets/scenes/planned/ep01_vc10_time_return_menu.jpg,assets/scenes/planned/ep01_vc10_time_return_menu.jpg,assets/scenes/scene_05_future_onigiri_scan.jpg,第十三レジの画面に、通常返品、時空返品、存在取消、温める、店長呼出のメニューが並ぶ。未来青年 / 未来の会社員は同じ顔で不安そうに見守る。第十三レジの顔つきは、黒く重いセルフレジ端末の斜めスクリーンに、ネオンシアンの短い水平な目が二本、小さな水平の口が一つだけ光る無表情フェイス。かわいくしすぎず、眠そうで機械的、でも妙に意思がある。本体は黒い金属とガラス、角ばった筐体、カード端末とスキャナー付き。 未来青年 / 未来の会社員は全カットで同一人物として固定。キャラID: future_worker_ep01。2074年の食品流通管理課の若い男性会社員、実年齢27歳だが過労で40代手前に見える。細身で肩が落ちた体型、短く乱れた黒髪、疲れた目、目の下の薄いクマ、弱った困り顔、薄い無精髭、くたびれた濃紺スーツ、緩んだネクタイ、白シャツ。首元に透明な記憶返品タグ/絆創膏状パッチがあり、中の銀色回路が淡く光る。顔立ち、髪型、体格、スーツ、首元タグを毎カットで変えない。肩表示は一種類だけに固定。小さなシアン発光の角丸液晶バッジを、本人の左胸寄りの左肩ストラップ上、心臓側に一つだけ置く。正面向きの構図では見る側の右寄りに出る位置。文字は短く「残業」「2074」程度。本人の右肩、見る側の左肩、両腕、前腕、胸中央、首タグ上には残業表示を置かない。右肩表示は禁止。両肩表示は禁止。小道具は未来おにぎり、未来レシート、ホットコーヒー。別人化禁止。眼鏡禁止。長髪禁止。濃い髭禁止。スポーツサングラス禁止。バイクジャケット禁止。座木山辰哉や汗田竜司に似せない。未来警察やサイバー戦士にしない。 タクミは全カットで同一人物として固定。キャラID: takumi。20歳前後の若い日本人男性、細身で少し猫背、短い黒髪で軽い寝癖、丸めの目、驚きや困惑が表情に出やすい普通の新人夜勤バイト。制服は全カットで同じ、濃紺ベースに深緑の前身頃、白い横ライン、緑の襟、左胸に名札「タクミ」。顔をクールな主人公顔にしない。髪型、顔立ち、制服配色、名札位置を変えない。ミナの制服と同じ店舗制服にするが、女性用に見せない。 ミナは全カットで同一人物として固定。キャラID: mina。20代前半の日本人女性、黒髪の低いひとつ結び、前髪は自然に下ろしすぎず整える、落ち着いた目、無表情に近い淡々とした顔、背筋がまっすぐ。制服はタクミと同じ店舗制服で、濃紺ベースに深緑の前身頃、白い横ライン、緑の襟、左胸に名札「ミナ」。華美にしない。髪型、顔立ち、制服配色、名札位置を変えない。ボブやロングヘアへ変更しない。 2Dアニメイラスト、ビジュアルノベル風、ゲーム立ち絵風、アニメ塗り、セルルック、線画がはっきりしたキャラクターデザイン、非写実的。人物をフォトリアルにしない。,発話ログ　43/82 / 担当　タクミ / 本日の営業　継続中
ep01_v046,ep01_038,vc10,時空返品メニュー,10,152.745,154.542,ミナ,二時以降は出ない。,にじいこうワでない。,10/20　時空返品メニュー,44/82　ミナ,assets/scenes/planned/ep01_vc10_time_return_menu.jpg,assets/scenes/planned/ep01_vc10_time_return_menu.jpg,assets/scenes/scene_05_future_onigiri_scan.jpg,第十三レジの画面に、通常返品、時空返品、存在取消、温める、店長呼出のメニューが並ぶ。未来青年 / 未来の会社員は同じ顔で不安そうに見守る。第十三レジの顔つきは、黒く重いセルフレジ端末の斜めスクリーンに、ネオンシアンの短い水平な目が二本、小さな水平の口が一つだけ光る無表情フェイス。かわいくしすぎず、眠そうで機械的、でも妙に意思がある。本体は黒い金属とガラス、角ばった筐体、カード端末とスキャナー付き。 未来青年 / 未来の会社員は全カットで同一人物として固定。キャラID: future_worker_ep01。2074年の食品流通管理課の若い男性会社員、実年齢27歳だが過労で40代手前に見える。細身で肩が落ちた体型、短く乱れた黒髪、疲れた目、目の下の薄いクマ、弱った困り顔、薄い無精髭、くたびれた濃紺スーツ、緩んだネクタイ、白シャツ。首元に透明な記憶返品タグ/絆創膏状パッチがあり、中の銀色回路が淡く光る。顔立ち、髪型、体格、スーツ、首元タグを毎カットで変えない。肩表示は一種類だけに固定。小さなシアン発光の角丸液晶バッジを、本人の左胸寄りの左肩ストラップ上、心臓側に一つだけ置く。正面向きの構図では見る側の右寄りに出る位置。文字は短く「残業」「2074」程度。本人の右肩、見る側の左肩、両腕、前腕、胸中央、首タグ上には残業表示を置かない。右肩表示は禁止。両肩表示は禁止。小道具は未来おにぎり、未来レシート、ホットコーヒー。別人化禁止。眼鏡禁止。長髪禁止。濃い髭禁止。スポーツサングラス禁止。バイクジャケット禁止。座木山辰哉や汗田竜司に似せない。未来警察やサイバー戦士にしない。 タクミは全カットで同一人物として固定。キャラID: takumi。20歳前後の若い日本人男性、細身で少し猫背、短い黒髪で軽い寝癖、丸めの目、驚きや困惑が表情に出やすい普通の新人夜勤バイト。制服は全カットで同じ、濃紺ベースに深緑の前身頃、白い横ライン、緑の襟、左胸に名札「タクミ」。顔をクールな主人公顔にしない。髪型、顔立ち、制服配色、名札位置を変えない。ミナの制服と同じ店舗制服にするが、女性用に見せない。 ミナは全カットで同一人物として固定。キャラID: mina。20代前半の日本人女性、黒髪の低いひとつ結び、前髪は自然に下ろしすぎず整える、落ち着いた目、無表情に近い淡々とした顔、背筋がまっすぐ。制服はタクミと同じ店舗制服で、濃紺ベースに深緑の前身頃、白い横ライン、緑の襟、左胸に名札「ミナ」。華美にしない。髪型、顔立ち、制服配色、名札位置を変えない。ボブやロングヘアへ変更しない。 2Dアニメイラスト、ビジュアルノベル風、ゲーム立ち絵風、アニメ塗り、セルルック、線画がはっきりしたキャラクターデザイン、非写実的。人物をフォトリアルにしない。,発話ログ　44/82 / 担当　ミナ / 声　中2 / ノーマル
ep01_v047,ep01_037,vc10,時空返品メニュー,10,154.742,156.836,タクミ,店長呼出の存在意義。,てんちょうよびだしのそんざいいぎ。,10/20　時空返品メニュー,45/82　タクミ,assets/scenes/planned/ep01_vc10_time_return_menu.jpg,assets/scenes/planned/ep01_vc10_time_return_menu.jpg,assets/scenes/scene_05_future_onigiri_scan.jpg,第十三レジの画面に、通常返品、時空返品、存在取消、温める、店長呼出のメニューが並ぶ。未来青年 / 未来の会社員は同じ顔で不安そうに見守る。第十三レジの顔つきは、黒く重いセルフレジ端末の斜めスクリーンに、ネオンシアンの短い水平な目が二本、小さな水平の口が一つだけ光る無表情フェイス。かわいくしすぎず、眠そうで機械的、でも妙に意思がある。本体は黒い金属とガラス、角ばった筐体、カード端末とスキャナー付き。 未来青年 / 未来の会社員は全カットで同一人物として固定。キャラID: future_worker_ep01。2074年の食品流通管理課の若い男性会社員、実年齢27歳だが過労で40代手前に見える。細身で肩が落ちた体型、短く乱れた黒髪、疲れた目、目の下の薄いクマ、弱った困り顔、薄い無精髭、くたびれた濃紺スーツ、緩んだネクタイ、白シャツ。首元に透明な記憶返品タグ/絆創膏状パッチがあり、中の銀色回路が淡く光る。顔立ち、髪型、体格、スーツ、首元タグを毎カットで変えない。肩表示は一種類だけに固定。小さなシアン発光の角丸液晶バッジを、本人の左胸寄りの左肩ストラップ上、心臓側に一つだけ置く。正面向きの構図では見る側の右寄りに出る位置。文字は短く「残業」「2074」程度。本人の右肩、見る側の左肩、両腕、前腕、胸中央、首タグ上には残業表示を置かない。右肩表示は禁止。両肩表示は禁止。小道具は未来おにぎり、未来レシート、ホットコーヒー。別人化禁止。眼鏡禁止。長髪禁止。濃い髭禁止。スポーツサングラス禁止。バイクジャケット禁止。座木山辰哉や汗田竜司に似せない。未来警察やサイバー戦士にしない。 タクミは全カットで同一人物として固定。キャラID: takumi。20歳前後の若い日本人男性、細身で少し猫背、短い黒髪で軽い寝癖、丸めの目、驚きや困惑が表情に出やすい普通の新人夜勤バイト。制服は全カットで同じ、濃紺ベースに深緑の前身頃、白い横ライン、緑の襟、左胸に名札「タクミ」。顔をクールな主人公顔にしない。髪型、顔立ち、制服配色、名札位置を変えない。ミナの制服と同じ店舗制服にするが、女性用に見せない。 ミナは全カットで同一人物として固定。キャラID: mina。20代前半の日本人女性、黒髪の低いひとつ結び、前髪は自然に下ろしすぎず整える、落ち着いた目、無表情に近い淡々とした顔、背筋がまっすぐ。制服はタクミと同じ店舗制服で、濃紺ベースに深緑の前身頃、白い横ライン、緑の襟、左胸に名札「ミナ」。華美にしない。髪型、顔立ち、制服配色、名札位置を変えない。ボブやロングヘアへ変更しない。 2Dアニメイラスト、ビジュアルノベル風、ゲーム立ち絵風、アニメ塗り、セルルック、線画がはっきりしたキャラクターデザイン、非写実的。人物をフォトリアルにしない。,発話ログ　45/82 / 担当　タクミ / 本日の営業　継続中
ep01_v048,ep01_039,vc11,残り三分と七万二千円,11,157.286,159.271,第十三レジ,残り時間、三分。,のこりじかん、さんぷん。,11/20　残り三分と七万二千円,46/82　第十三レジ,assets/scenes/planned/ep01_vc11_countdown_cost.jpg,assets/scenes/planned/ep01_vc11_countdown_cost.jpg,assets/scenes/scene_05_future_onigiri_scan.jpg,第十三レジのカウントダウン、仕入れ原価七万二千円表示。タクミが即座に返品を決意し、未来青年 / 未来の会社員は同じ姿で気まずそうに立つ。第十三レジの顔つきは、黒く重いセルフレジ端末の斜めスクリーンに、ネオンシアンの短い水平な目が二本、小さな水平の口が一つだけ光る無表情フェイス。かわいくしすぎず、眠そうで機械的、でも妙に意思がある。本体は黒い金属とガラス、角ばった筐体、カード端末とスキャナー付き。 未来青年 / 未来の会社員は全カットで同一人物として固定。キャラID: future_worker_ep01。2074年の食品流通管理課の若い男性会社員、実年齢27歳だが過労で40代手前に見える。細身で肩が落ちた体型、短く乱れた黒髪、疲れた目、目の下の薄いクマ、弱った困り顔、薄い無精髭、くたびれた濃紺スーツ、緩んだネクタイ、白シャツ。首元に透明な記憶返品タグ/絆創膏状パッチがあり、中の銀色回路が淡く光る。顔立ち、髪型、体格、スーツ、首元タグを毎カットで変えない。肩表示は一種類だけに固定。小さなシアン発光の角丸液晶バッジを、本人の左胸寄りの左肩ストラップ上、心臓側に一つだけ置く。正面向きの構図では見る側の右寄りに出る位置。文字は短く「残業」「2074」程度。本人の右肩、見る側の左肩、両腕、前腕、胸中央、首タグ上には残業表示を置かない。右肩表示は禁止。両肩表示は禁止。小道具は未来おにぎり、未来レシート、ホットコーヒー。別人化禁止。眼鏡禁止。長髪禁止。濃い髭禁止。スポーツサングラス禁止。バイクジャケット禁止。座木山辰哉や汗田竜司に似せない。未来警察やサイバー戦士にしない。 タクミは全カットで同一人物として固定。キャラID: takumi。20歳前後の若い日本人男性、細身で少し猫背、短い黒髪で軽い寝癖、丸めの目、驚きや困惑が表情に出やすい普通の新人夜勤バイト。制服は全カットで同じ、濃紺ベースに深緑の前身頃、白い横ライン、緑の襟、左胸に名札「タクミ」。顔をクールな主人公顔にしない。髪型、顔立ち、制服配色、名札位置を変えない。ミナの制服と同じ店舗制服にするが、女性用に見せない。 ミナは全カットで同一人物として固定。キャラID: mina。20代前半の日本人女性、黒髪の低いひとつ結び、前髪は自然に下ろしすぎず整える、落ち着いた目、無表情に近い淡々とした顔、背筋がまっすぐ。制服はタクミと同じ店舗制服で、濃紺ベースに深緑の前身頃、白い横ライン、緑の襟、左胸に名札「ミナ」。華美にしない。髪型、顔立ち、制服配色、名札位置を変えない。ボブやロングヘアへ変更しない。 2Dアニメイラスト、ビジュアルノベル風、ゲーム立ち絵風、アニメ塗り、セルルック、線画がはっきりしたキャラクターデザイン、非写実的。人物をフォトリアルにしない。,発話ログ　46/82 / 担当　第十三レジ / 第十三レジ　応答中
ep01_v049,ep01_040,vc11,残り三分と七万二千円,11,159.471,165.863,第十三レジ,二時二十分を過ぎると、この商品は現代店舗の新商品として定着します。,にじにじゅっぷんをすぎると、このしょうひんワげんだいてんぽのしんしょうひんとしてていちゃくします。,11/20　残り三分と七万二千円,47/82　第十三レジ,assets/scenes/planned/ep01_vc11_countdown_cost.jpg,assets/scenes/planned/ep01_vc11_countdown_cost.jpg,assets/scenes/scene_05_future_onigiri_scan.jpg,第十三レジのカウントダウン、仕入れ原価七万二千円表示。タクミが即座に返品を決意し、未来青年 / 未来の会社員は同じ姿で気まずそうに立つ。第十三レジの顔つきは、黒く重いセルフレジ端末の斜めスクリーンに、ネオンシアンの短い水平な目が二本、小さな水平の口が一つだけ光る無表情フェイス。かわいくしすぎず、眠そうで機械的、でも妙に意思がある。本体は黒い金属とガラス、角ばった筐体、カード端末とスキャナー付き。 未来青年 / 未来の会社員は全カットで同一人物として固定。キャラID: future_worker_ep01。2074年の食品流通管理課の若い男性会社員、実年齢27歳だが過労で40代手前に見える。細身で肩が落ちた体型、短く乱れた黒髪、疲れた目、目の下の薄いクマ、弱った困り顔、薄い無精髭、くたびれた濃紺スーツ、緩んだネクタイ、白シャツ。首元に透明な記憶返品タグ/絆創膏状パッチがあり、中の銀色回路が淡く光る。顔立ち、髪型、体格、スーツ、首元タグを毎カットで変えない。肩表示は一種類だけに固定。小さなシアン発光の角丸液晶バッジを、本人の左胸寄りの左肩ストラップ上、心臓側に一つだけ置く。正面向きの構図では見る側の右寄りに出る位置。文字は短く「残業」「2074」程度。本人の右肩、見る側の左肩、両腕、前腕、胸中央、首タグ上には残業表示を置かない。右肩表示は禁止。両肩表示は禁止。小道具は未来おにぎり、未来レシート、ホットコーヒー。別人化禁止。眼鏡禁止。長髪禁止。濃い髭禁止。スポーツサングラス禁止。バイクジャケット禁止。座木山辰哉や汗田竜司に似せない。未来警察やサイバー戦士にしない。 タクミは全カットで同一人物として固定。キャラID: takumi。20歳前後の若い日本人男性、細身で少し猫背、短い黒髪で軽い寝癖、丸めの目、驚きや困惑が表情に出やすい普通の新人夜勤バイト。制服は全カットで同じ、濃紺ベースに深緑の前身頃、白い横ライン、緑の襟、左胸に名札「タクミ」。顔をクールな主人公顔にしない。髪型、顔立ち、制服配色、名札位置を変えない。ミナの制服と同じ店舗制服にするが、女性用に見せない。 ミナは全カットで同一人物として固定。キャラID: mina。20代前半の日本人女性、黒髪の低いひとつ結び、前髪は自然に下ろしすぎず整える、落ち着いた目、無表情に近い淡々とした顔、背筋がまっすぐ。制服はタクミと同じ店舗制服で、濃紺ベースに深緑の前身頃、白い横ライン、緑の襟、左胸に名札「ミナ」。華美にしない。髪型、顔立ち、制服配色、名札位置を変えない。ボブやロングヘアへ変更しない。 2Dアニメイラスト、ビジュアルノベル風、ゲーム立ち絵風、アニメ塗り、セルルック、線画がはっきりしたキャラクターデザイン、非写実的。人物をフォトリアルにしない。,発話ログ　47/82 / 担当　第十三レジ / 第十三レジ　応答中
ep01_v050,ep01_040,vc11,残り三分と七万二千円,11,166.063,168.823,第十三レジ,仕入れ原価、一個七万二千円。,しいれげんか、いっこななまんにせんえん。,11/20　残り三分と七万二千円,48/82　第十三レジ,assets/scenes/planned/ep01_vc11_countdown_cost.jpg,assets/scenes/planned/ep01_vc11_countdown_cost.jpg,assets/scenes/scene_05_future_onigiri_scan.jpg,第十三レジのカウントダウン、仕入れ原価七万二千円表示。タクミが即座に返品を決意し、未来青年 / 未来の会社員は同じ姿で気まずそうに立つ。第十三レジの顔つきは、黒く重いセルフレジ端末の斜めスクリーンに、ネオンシアンの短い水平な目が二本、小さな水平の口が一つだけ光る無表情フェイス。かわいくしすぎず、眠そうで機械的、でも妙に意思がある。本体は黒い金属とガラス、角ばった筐体、カード端末とスキャナー付き。 未来青年 / 未来の会社員は全カットで同一人物として固定。キャラID: future_worker_ep01。2074年の食品流通管理課の若い男性会社員、実年齢27歳だが過労で40代手前に見える。細身で肩が落ちた体型、短く乱れた黒髪、疲れた目、目の下の薄いクマ、弱った困り顔、薄い無精髭、くたびれた濃紺スーツ、緩んだネクタイ、白シャツ。首元に透明な記憶返品タグ/絆創膏状パッチがあり、中の銀色回路が淡く光る。顔立ち、髪型、体格、スーツ、首元タグを毎カットで変えない。肩表示は一種類だけに固定。小さなシアン発光の角丸液晶バッジを、本人の左胸寄りの左肩ストラップ上、心臓側に一つだけ置く。正面向きの構図では見る側の右寄りに出る位置。文字は短く「残業」「2074」程度。本人の右肩、見る側の左肩、両腕、前腕、胸中央、首タグ上には残業表示を置かない。右肩表示は禁止。両肩表示は禁止。小道具は未来おにぎり、未来レシート、ホットコーヒー。別人化禁止。眼鏡禁止。長髪禁止。濃い髭禁止。スポーツサングラス禁止。バイクジャケット禁止。座木山辰哉や汗田竜司に似せない。未来警察やサイバー戦士にしない。 タクミは全カットで同一人物として固定。キャラID: takumi。20歳前後の若い日本人男性、細身で少し猫背、短い黒髪で軽い寝癖、丸めの目、驚きや困惑が表情に出やすい普通の新人夜勤バイト。制服は全カットで同じ、濃紺ベースに深緑の前身頃、白い横ライン、緑の襟、左胸に名札「タクミ」。顔をクールな主人公顔にしない。髪型、顔立ち、制服配色、名札位置を変えない。ミナの制服と同じ店舗制服にするが、女性用に見せない。 ミナは全カットで同一人物として固定。キャラID: mina。20代前半の日本人女性、黒髪の低いひとつ結び、前髪は自然に下ろしすぎず整える、落ち着いた目、無表情に近い淡々とした顔、背筋がまっすぐ。制服はタクミと同じ店舗制服で、濃紺ベースに深緑の前身頃、白い横ライン、緑の襟、左胸に名札「ミナ」。華美にしない。髪型、顔立ち、制服配色、名札位置を変えない。ボブやロングヘアへ変更しない。 2Dアニメイラスト、ビジュアルノベル風、ゲーム立ち絵風、アニメ塗り、セルルック、線画がはっきりしたキャラクターデザイン、非写実的。人物をフォトリアルにしない。,発話ログ　48/82 / 担当　第十三レジ / 第十三レジ　応答中
ep01_v051,ep01_041,vc11,残り三分と七万二千円,11,169.173,170.555,タクミ,返品しましょう。,へんぴんしましょう。,11/20　残り三分と七万二千円,49/82　タクミ,assets/scenes/planned/ep01_vc11_countdown_cost.jpg,assets/scenes/planned/ep01_vc11_countdown_cost.jpg,assets/scenes/scene_05_future_onigiri_scan.jpg,第十三レジのカウントダウン、仕入れ原価七万二千円表示。タクミが即座に返品を決意し、未来青年 / 未来の会社員は同じ姿で気まずそうに立つ。第十三レジの顔つきは、黒く重いセルフレジ端末の斜めスクリーンに、ネオンシアンの短い水平な目が二本、小さな水平の口が一つだけ光る無表情フェイス。かわいくしすぎず、眠そうで機械的、でも妙に意思がある。本体は黒い金属とガラス、角ばった筐体、カード端末とスキャナー付き。 未来青年 / 未来の会社員は全カットで同一人物として固定。キャラID: future_worker_ep01。2074年の食品流通管理課の若い男性会社員、実年齢27歳だが過労で40代手前に見える。細身で肩が落ちた体型、短く乱れた黒髪、疲れた目、目の下の薄いクマ、弱った困り顔、薄い無精髭、くたびれた濃紺スーツ、緩んだネクタイ、白シャツ。首元に透明な記憶返品タグ/絆創膏状パッチがあり、中の銀色回路が淡く光る。顔立ち、髪型、体格、スーツ、首元タグを毎カットで変えない。肩表示は一種類だけに固定。小さなシアン発光の角丸液晶バッジを、本人の左胸寄りの左肩ストラップ上、心臓側に一つだけ置く。正面向きの構図では見る側の右寄りに出る位置。文字は短く「残業」「2074」程度。本人の右肩、見る側の左肩、両腕、前腕、胸中央、首タグ上には残業表示を置かない。右肩表示は禁止。両肩表示は禁止。小道具は未来おにぎり、未来レシート、ホットコーヒー。別人化禁止。眼鏡禁止。長髪禁止。濃い髭禁止。スポーツサングラス禁止。バイクジャケット禁止。座木山辰哉や汗田竜司に似せない。未来警察やサイバー戦士にしない。 タクミは全カットで同一人物として固定。キャラID: takumi。20歳前後の若い日本人男性、細身で少し猫背、短い黒髪で軽い寝癖、丸めの目、驚きや困惑が表情に出やすい普通の新人夜勤バイト。制服は全カットで同じ、濃紺ベースに深緑の前身頃、白い横ライン、緑の襟、左胸に名札「タクミ」。顔をクールな主人公顔にしない。髪型、顔立ち、制服配色、名札位置を変えない。ミナの制服と同じ店舗制服にするが、女性用に見せない。 ミナは全カットで同一人物として固定。キャラID: mina。20代前半の日本人女性、黒髪の低いひとつ結び、前髪は自然に下ろしすぎず整える、落ち着いた目、無表情に近い淡々とした顔、背筋がまっすぐ。制服はタクミと同じ店舗制服で、濃紺ベースに深緑の前身頃、白い横ライン、緑の襟、左胸に名札「ミナ」。華美にしない。髪型、顔立ち、制服配色、名札位置を変えない。ボブやロングヘアへ変更しない。 2Dアニメイラスト、ビジュアルノベル風、ゲーム立ち絵風、アニメ塗り、セルルック、線画がはっきりしたキャラクターデザイン、非写実的。人物をフォトリアルにしない。,発話ログ　49/82 / 担当　タクミ / 本日の営業　継続中
ep01_v052,ep01_042,vc12,世界の分岐をレンジへ,12,170.905,174.282,ミナ,こちらの商品、温めますか。,こちらのしょうひん、あたためますか。,12/20　世界の分岐をレンジへ,50/82　ミナ,assets/scenes/planned/ep01_vc12_microwave_choice.jpg,assets/scenes/planned/ep01_vc12_microwave_choice.jpg,assets/scenes/scene_06_microwave.jpg,ミナが温め確認をし、未来おにぎりが電子レンジへ。未来青年 / 未来の会社員は同じ顔でお願いしますと言い、タクミが全力でツッコむ。 未来青年 / 未来の会社員は全カットで同一人物として固定。キャラID: future_worker_ep01。2074年の食品流通管理課の若い男性会社員、実年齢27歳だが過労で40代手前に見える。細身で肩が落ちた体型、短く乱れた黒髪、疲れた目、目の下の薄いクマ、弱った困り顔、薄い無精髭、くたびれた濃紺スーツ、緩んだネクタイ、白シャツ。首元に透明な記憶返品タグ/絆創膏状パッチがあり、中の銀色回路が淡く光る。顔立ち、髪型、体格、スーツ、首元タグを毎カットで変えない。肩表示は一種類だけに固定。小さなシアン発光の角丸液晶バッジを、本人の左胸寄りの左肩ストラップ上、心臓側に一つだけ置く。正面向きの構図では見る側の右寄りに出る位置。文字は短く「残業」「2074」程度。本人の右肩、見る側の左肩、両腕、前腕、胸中央、首タグ上には残業表示を置かない。右肩表示は禁止。両肩表示は禁止。小道具は未来おにぎり、未来レシート、ホットコーヒー。別人化禁止。眼鏡禁止。長髪禁止。濃い髭禁止。スポーツサングラス禁止。バイクジャケット禁止。座木山辰哉や汗田竜司に似せない。未来警察やサイバー戦士にしない。 タクミは全カットで同一人物として固定。キャラID: takumi。20歳前後の若い日本人男性、細身で少し猫背、短い黒髪で軽い寝癖、丸めの目、驚きや困惑が表情に出やすい普通の新人夜勤バイト。制服は全カットで同じ、濃紺ベースに深緑の前身頃、白い横ライン、緑の襟、左胸に名札「タクミ」。顔をクールな主人公顔にしない。髪型、顔立ち、制服配色、名札位置を変えない。ミナの制服と同じ店舗制服にするが、女性用に見せない。 ミナは全カットで同一人物として固定。キャラID: mina。20代前半の日本人女性、黒髪の低いひとつ結び、前髪は自然に下ろしすぎず整える、落ち着いた目、無表情に近い淡々とした顔、背筋がまっすぐ。制服はタクミと同じ店舗制服で、濃紺ベースに深緑の前身頃、白い横ライン、緑の襟、左胸に名札「ミナ」。華美にしない。髪型、顔立ち、制服配色、名札位置を変えない。ボブやロングヘアへ変更しない。 2Dアニメイラスト、ビジュアルノベル風、ゲーム立ち絵風、アニメ塗り、セルルック、線画がはっきりしたキャラクターデザイン、非写実的。人物をフォトリアルにしない。,発話ログ　50/82 / 担当　ミナ / 声　中2 / ノーマル
ep01_v053,ep01_043,vc12,世界の分岐をレンジへ,12,174.532,175.945,タクミ,この状況で！？,このじょうきょうで？,12/20　世界の分岐をレンジへ,51/82　タクミ,assets/scenes/planned/ep01_vc12_microwave_choice.jpg,assets/scenes/planned/ep01_vc12_microwave_choice.jpg,assets/scenes/scene_06_microwave.jpg,ミナが温め確認をし、未来おにぎりが電子レンジへ。未来青年 / 未来の会社員は同じ顔でお願いしますと言い、タクミが全力でツッコむ。 未来青年 / 未来の会社員は全カットで同一人物として固定。キャラID: future_worker_ep01。2074年の食品流通管理課の若い男性会社員、実年齢27歳だが過労で40代手前に見える。細身で肩が落ちた体型、短く乱れた黒髪、疲れた目、目の下の薄いクマ、弱った困り顔、薄い無精髭、くたびれた濃紺スーツ、緩んだネクタイ、白シャツ。首元に透明な記憶返品タグ/絆創膏状パッチがあり、中の銀色回路が淡く光る。顔立ち、髪型、体格、スーツ、首元タグを毎カットで変えない。肩表示は一種類だけに固定。小さなシアン発光の角丸液晶バッジを、本人の左胸寄りの左肩ストラップ上、心臓側に一つだけ置く。正面向きの構図では見る側の右寄りに出る位置。文字は短く「残業」「2074」程度。本人の右肩、見る側の左肩、両腕、前腕、胸中央、首タグ上には残業表示を置かない。右肩表示は禁止。両肩表示は禁止。小道具は未来おにぎり、未来レシート、ホットコーヒー。別人化禁止。眼鏡禁止。長髪禁止。濃い髭禁止。スポーツサングラス禁止。バイクジャケット禁止。座木山辰哉や汗田竜司に似せない。未来警察やサイバー戦士にしない。 タクミは全カットで同一人物として固定。キャラID: takumi。20歳前後の若い日本人男性、細身で少し猫背、短い黒髪で軽い寝癖、丸めの目、驚きや困惑が表情に出やすい普通の新人夜勤バイト。制服は全カットで同じ、濃紺ベースに深緑の前身頃、白い横ライン、緑の襟、左胸に名札「タクミ」。顔をクールな主人公顔にしない。髪型、顔立ち、制服配色、名札位置を変えない。ミナの制服と同じ店舗制服にするが、女性用に見せない。 ミナは全カットで同一人物として固定。キャラID: mina。20代前半の日本人女性、黒髪の低いひとつ結び、前髪は自然に下ろしすぎず整える、落ち着いた目、無表情に近い淡々とした顔、背筋がまっすぐ。制服はタクミと同じ店舗制服で、濃紺ベースに深緑の前身頃、白い横ライン、緑の襟、左胸に名札「ミナ」。華美にしない。髪型、顔立ち、制服配色、名札位置を変えない。ボブやロングヘアへ変更しない。 2Dアニメイラスト、ビジュアルノベル風、ゲーム立ち絵風、アニメ塗り、セルルック、線画がはっきりしたキャラクターデザイン、非写実的。人物をフォトリアルにしない。,発話ログ　51/82 / 担当　タクミ / 本日の営業　継続中
ep01_v054,ep01_044,vc12,世界の分岐をレンジへ,12,176.195,177.326,未来の会社員,お願いします。,おねがいします。,12/20　世界の分岐をレンジへ,52/82　未来の会社員,assets/scenes/planned/ep01_vc12_microwave_choice.jpg,assets/scenes/planned/ep01_vc12_microwave_choice.jpg,assets/scenes/scene_06_microwave.jpg,ミナが温め確認をし、未来おにぎりが電子レンジへ。未来青年 / 未来の会社員は同じ顔でお願いしますと言い、タクミが全力でツッコむ。 未来青年 / 未来の会社員は全カットで同一人物として固定。キャラID: future_worker_ep01。2074年の食品流通管理課の若い男性会社員、実年齢27歳だが過労で40代手前に見える。細身で肩が落ちた体型、短く乱れた黒髪、疲れた目、目の下の薄いクマ、弱った困り顔、薄い無精髭、くたびれた濃紺スーツ、緩んだネクタイ、白シャツ。首元に透明な記憶返品タグ/絆創膏状パッチがあり、中の銀色回路が淡く光る。顔立ち、髪型、体格、スーツ、首元タグを毎カットで変えない。肩表示は一種類だけに固定。小さなシアン発光の角丸液晶バッジを、本人の左胸寄りの左肩ストラップ上、心臓側に一つだけ置く。正面向きの構図では見る側の右寄りに出る位置。文字は短く「残業」「2074」程度。本人の右肩、見る側の左肩、両腕、前腕、胸中央、首タグ上には残業表示を置かない。右肩表示は禁止。両肩表示は禁止。小道具は未来おにぎり、未来レシート、ホットコーヒー。別人化禁止。眼鏡禁止。長髪禁止。濃い髭禁止。スポーツサングラス禁止。バイクジャケット禁止。座木山辰哉や汗田竜司に似せない。未来警察やサイバー戦士にしない。 タクミは全カットで同一人物として固定。キャラID: takumi。20歳前後の若い日本人男性、細身で少し猫背、短い黒髪で軽い寝癖、丸めの目、驚きや困惑が表情に出やすい普通の新人夜勤バイト。制服は全カットで同じ、濃紺ベースに深緑の前身頃、白い横ライン、緑の襟、左胸に名札「タクミ」。顔をクールな主人公顔にしない。髪型、顔立ち、制服配色、名札位置を変えない。ミナの制服と同じ店舗制服にするが、女性用に見せない。 ミナは全カットで同一人物として固定。キャラID: mina。20代前半の日本人女性、黒髪の低いひとつ結び、前髪は自然に下ろしすぎず整える、落ち着いた目、無表情に近い淡々とした顔、背筋がまっすぐ。制服はタクミと同じ店舗制服で、濃紺ベースに深緑の前身頃、白い横ライン、緑の襟、左胸に名札「ミナ」。華美にしない。髪型、顔立ち、制服配色、名札位置を変えない。ボブやロングヘアへ変更しない。 2Dアニメイラスト、ビジュアルノベル風、ゲーム立ち絵風、アニメ塗り、セルルック、線画がはっきりしたキャラクターデザイン、非写実的。人物をフォトリアルにしない。,発話ログ　52/82 / 担当　未来の会社員 / 未来案件　処理中
ep01_v055,ep01_045,vc12,世界の分岐をレンジへ,12,177.576,179.524,タクミ,お願いしますじゃないですよ。,おねがいしますじゃないですよ。,12/20　世界の分岐をレンジへ,53/82　タクミ,assets/scenes/planned/ep01_vc12_microwave_choice.jpg,assets/scenes/planned/ep01_vc12_microwave_choice.jpg,assets/scenes/scene_06_microwave.jpg,ミナが温め確認をし、未来おにぎりが電子レンジへ。未来青年 / 未来の会社員は同じ顔でお願いしますと言い、タクミが全力でツッコむ。 未来青年 / 未来の会社員は全カットで同一人物として固定。キャラID: future_worker_ep01。2074年の食品流通管理課の若い男性会社員、実年齢27歳だが過労で40代手前に見える。細身で肩が落ちた体型、短く乱れた黒髪、疲れた目、目の下の薄いクマ、弱った困り顔、薄い無精髭、くたびれた濃紺スーツ、緩んだネクタイ、白シャツ。首元に透明な記憶返品タグ/絆創膏状パッチがあり、中の銀色回路が淡く光る。顔立ち、髪型、体格、スーツ、首元タグを毎カットで変えない。肩表示は一種類だけに固定。小さなシアン発光の角丸液晶バッジを、本人の左胸寄りの左肩ストラップ上、心臓側に一つだけ置く。正面向きの構図では見る側の右寄りに出る位置。文字は短く「残業」「2074」程度。本人の右肩、見る側の左肩、両腕、前腕、胸中央、首タグ上には残業表示を置かない。右肩表示は禁止。両肩表示は禁止。小道具は未来おにぎり、未来レシート、ホットコーヒー。別人化禁止。眼鏡禁止。長髪禁止。濃い髭禁止。スポーツサングラス禁止。バイクジャケット禁止。座木山辰哉や汗田竜司に似せない。未来警察やサイバー戦士にしない。 タクミは全カットで同一人物として固定。キャラID: takumi。20歳前後の若い日本人男性、細身で少し猫背、短い黒髪で軽い寝癖、丸めの目、驚きや困惑が表情に出やすい普通の新人夜勤バイト。制服は全カットで同じ、濃紺ベースに深緑の前身頃、白い横ライン、緑の襟、左胸に名札「タクミ」。顔をクールな主人公顔にしない。髪型、顔立ち、制服配色、名札位置を変えない。ミナの制服と同じ店舗制服にするが、女性用に見せない。 ミナは全カットで同一人物として固定。キャラID: mina。20代前半の日本人女性、黒髪の低いひとつ結び、前髪は自然に下ろしすぎず整える、落ち着いた目、無表情に近い淡々とした顔、背筋がまっすぐ。制服はタクミと同じ店舗制服で、濃紺ベースに深緑の前身頃、白い横ライン、緑の襟、左胸に名札「ミナ」。華美にしない。髪型、顔立ち、制服配色、名札位置を変えない。ボブやロングヘアへ変更しない。 2Dアニメイラスト、ビジュアルノベル風、ゲーム立ち絵風、アニメ塗り、セルルック、線画がはっきりしたキャラクターデザイン、非写実的。人物をフォトリアルにしない。,発話ログ　53/82 / 担当　タクミ / 本日の営業　継続中
ep01_v056,ep01_045,vc12,世界の分岐をレンジへ,12,179.674,182.627,タクミ,世界の分岐を電子レンジに入れないでください。,せかいのぶんきをでんしれんじにいれないでください。,12/20　世界の分岐をレンジへ,54/82　タクミ,assets/scenes/planned/ep01_vc12_microwave_choice.jpg,assets/scenes/planned/ep01_vc12_microwave_choice.jpg,assets/scenes/scene_06_microwave.jpg,ミナが温め確認をし、未来おにぎりが電子レンジへ。未来青年 / 未来の会社員は同じ顔でお願いしますと言い、タクミが全力でツッコむ。 未来青年 / 未来の会社員は全カットで同一人物として固定。キャラID: future_worker_ep01。2074年の食品流通管理課の若い男性会社員、実年齢27歳だが過労で40代手前に見える。細身で肩が落ちた体型、短く乱れた黒髪、疲れた目、目の下の薄いクマ、弱った困り顔、薄い無精髭、くたびれた濃紺スーツ、緩んだネクタイ、白シャツ。首元に透明な記憶返品タグ/絆創膏状パッチがあり、中の銀色回路が淡く光る。顔立ち、髪型、体格、スーツ、首元タグを毎カットで変えない。肩表示は一種類だけに固定。小さなシアン発光の角丸液晶バッジを、本人の左胸寄りの左肩ストラップ上、心臓側に一つだけ置く。正面向きの構図では見る側の右寄りに出る位置。文字は短く「残業」「2074」程度。本人の右肩、見る側の左肩、両腕、前腕、胸中央、首タグ上には残業表示を置かない。右肩表示は禁止。両肩表示は禁止。小道具は未来おにぎり、未来レシート、ホットコーヒー。別人化禁止。眼鏡禁止。長髪禁止。濃い髭禁止。スポーツサングラス禁止。バイクジャケット禁止。座木山辰哉や汗田竜司に似せない。未来警察やサイバー戦士にしない。 タクミは全カットで同一人物として固定。キャラID: takumi。20歳前後の若い日本人男性、細身で少し猫背、短い黒髪で軽い寝癖、丸めの目、驚きや困惑が表情に出やすい普通の新人夜勤バイト。制服は全カットで同じ、濃紺ベースに深緑の前身頃、白い横ライン、緑の襟、左胸に名札「タクミ」。顔をクールな主人公顔にしない。髪型、顔立ち、制服配色、名札位置を変えない。ミナの制服と同じ店舗制服にするが、女性用に見せない。 ミナは全カットで同一人物として固定。キャラID: mina。20代前半の日本人女性、黒髪の低いひとつ結び、前髪は自然に下ろしすぎず整える、落ち着いた目、無表情に近い淡々とした顔、背筋がまっすぐ。制服はタクミと同じ店舗制服で、濃紺ベースに深緑の前身頃、白い横ライン、緑の襟、左胸に名札「ミナ」。華美にしない。髪型、顔立ち、制服配色、名札位置を変えない。ボブやロングヘアへ変更しない。 2Dアニメイラスト、ビジュアルノベル風、ゲーム立ち絵風、アニメ塗り、セルルック、線画がはっきりしたキャラクターデザイン、非写実的。人物をフォトリアルにしない。,発話ログ　54/82 / 担当　タクミ / 本日の営業　継続中
ep01_v058,ep01_047,vc13,電子レンジ内の未来映像,13,183.027,186.887,ナレーション,おにぎりが淡く光り、未来の食堂が映った。,おにぎりがあわくひかり、みらいのしょくどうがうつった。,13/20　電子レンジ内の未来映像,55/82　ナレーション,assets/scenes/planned/ep01_vc13_microwave_future_vision.jpg,assets/scenes/planned/ep01_vc13_microwave_future_vision.jpg,assets/scenes/scene_06_microwave.jpg,電子レンジの光の中に未来の食堂、空っぽの棚、長い列、子どもがおにぎりを持って笑う映像。手前に同一人物の未来青年 / 未来の会社員が息を呑む。 未来青年 / 未来の会社員は全カットで同一人物として固定。キャラID: future_worker_ep01。2074年の食品流通管理課の若い男性会社員、実年齢27歳だが過労で40代手前に見える。細身で肩が落ちた体型、短く乱れた黒髪、疲れた目、目の下の薄いクマ、弱った困り顔、薄い無精髭、くたびれた濃紺スーツ、緩んだネクタイ、白シャツ。首元に透明な記憶返品タグ/絆創膏状パッチがあり、中の銀色回路が淡く光る。顔立ち、髪型、体格、スーツ、首元タグを毎カットで変えない。肩表示は一種類だけに固定。小さなシアン発光の角丸液晶バッジを、本人の左胸寄りの左肩ストラップ上、心臓側に一つだけ置く。正面向きの構図では見る側の右寄りに出る位置。文字は短く「残業」「2074」程度。本人の右肩、見る側の左肩、両腕、前腕、胸中央、首タグ上には残業表示を置かない。右肩表示は禁止。両肩表示は禁止。小道具は未来おにぎり、未来レシート、ホットコーヒー。別人化禁止。眼鏡禁止。長髪禁止。濃い髭禁止。スポーツサングラス禁止。バイクジャケット禁止。座木山辰哉や汗田竜司に似せない。未来警察やサイバー戦士にしない。 2Dアニメイラスト、ビジュアルノベル風、ゲーム立ち絵風、アニメ塗り、セルルック、線画がはっきりしたキャラクターデザイン、非写実的。人物をフォトリアルにしない。,発話ログ　55/82 / 担当　ナレーション / 深夜帯　進行中
ep01_v059,ep01_048,vc13,電子レンジ内の未来映像,13,187.237,189.856,ナレーション,空っぽの棚。長い列。,からっぽのたな。ながいれつ。,13/20　電子レンジ内の未来映像,56/82　ナレーション,assets/scenes/planned/ep01_vc13_microwave_future_vision.jpg,assets/scenes/planned/ep01_vc13_microwave_future_vision.jpg,assets/scenes/scene_06_microwave.jpg,電子レンジの光の中に未来の食堂、空っぽの棚、長い列、子どもがおにぎりを持って笑う映像。手前に同一人物の未来青年 / 未来の会社員が息を呑む。 未来青年 / 未来の会社員は全カットで同一人物として固定。キャラID: future_worker_ep01。2074年の食品流通管理課の若い男性会社員、実年齢27歳だが過労で40代手前に見える。細身で肩が落ちた体型、短く乱れた黒髪、疲れた目、目の下の薄いクマ、弱った困り顔、薄い無精髭、くたびれた濃紺スーツ、緩んだネクタイ、白シャツ。首元に透明な記憶返品タグ/絆創膏状パッチがあり、中の銀色回路が淡く光る。顔立ち、髪型、体格、スーツ、首元タグを毎カットで変えない。肩表示は一種類だけに固定。小さなシアン発光の角丸液晶バッジを、本人の左胸寄りの左肩ストラップ上、心臓側に一つだけ置く。正面向きの構図では見る側の右寄りに出る位置。文字は短く「残業」「2074」程度。本人の右肩、見る側の左肩、両腕、前腕、胸中央、首タグ上には残業表示を置かない。右肩表示は禁止。両肩表示は禁止。小道具は未来おにぎり、未来レシート、ホットコーヒー。別人化禁止。眼鏡禁止。長髪禁止。濃い髭禁止。スポーツサングラス禁止。バイクジャケット禁止。座木山辰哉や汗田竜司に似せない。未来警察やサイバー戦士にしない。 2Dアニメイラスト、ビジュアルノベル風、ゲーム立ち絵風、アニメ塗り、セルルック、線画がはっきりしたキャラクターデザイン、非写実的。人物をフォトリアルにしない。,発話ログ　56/82 / 担当　ナレーション / 深夜帯　進行中
ep01_v060,ep01_049,vc13,電子レンジ内の未来映像,13,190.156,194.481,ナレーション,小さな子どもが、そのおにぎりを両手で持って笑っている。,ちいさなこどもが、そのおにぎりをりょうてでもってわらっている。,13/20　電子レンジ内の未来映像,57/82　ナレーション,assets/scenes/planned/ep01_vc13_microwave_future_vision.jpg,assets/scenes/planned/ep01_vc13_microwave_future_vision.jpg,assets/scenes/scene_06_microwave.jpg,電子レンジの光の中に未来の食堂、空っぽの棚、長い列、子どもがおにぎりを持って笑う映像。手前に同一人物の未来青年 / 未来の会社員が息を呑む。 未来青年 / 未来の会社員は全カットで同一人物として固定。キャラID: future_worker_ep01。2074年の食品流通管理課の若い男性会社員、実年齢27歳だが過労で40代手前に見える。細身で肩が落ちた体型、短く乱れた黒髪、疲れた目、目の下の薄いクマ、弱った困り顔、薄い無精髭、くたびれた濃紺スーツ、緩んだネクタイ、白シャツ。首元に透明な記憶返品タグ/絆創膏状パッチがあり、中の銀色回路が淡く光る。顔立ち、髪型、体格、スーツ、首元タグを毎カットで変えない。肩表示は一種類だけに固定。小さなシアン発光の角丸液晶バッジを、本人の左胸寄りの左肩ストラップ上、心臓側に一つだけ置く。正面向きの構図では見る側の右寄りに出る位置。文字は短く「残業」「2074」程度。本人の右肩、見る側の左肩、両腕、前腕、胸中央、首タグ上には残業表示を置かない。右肩表示は禁止。両肩表示は禁止。小道具は未来おにぎり、未来レシート、ホットコーヒー。別人化禁止。眼鏡禁止。長髪禁止。濃い髭禁止。スポーツサングラス禁止。バイクジャケット禁止。座木山辰哉や汗田竜司に似せない。未来警察やサイバー戦士にしない。 2Dアニメイラスト、ビジュアルノベル風、ゲーム立ち絵風、アニメ塗り、セルルック、線画がはっきりしたキャラクターデザイン、非写実的。人物をフォトリアルにしない。,発話ログ　57/82 / 担当　ナレーション / 深夜帯　進行中
ep01_v061,ep01_050,vc13,電子レンジ内の未来映像,13,195.081,197.807,ナレーション,未来の会社員は息を呑んだ。,みらいのかいしゃいんワいきをのんだ。,13/20　電子レンジ内の未来映像,58/82　ナレーション,assets/scenes/planned/ep01_vc13_microwave_future_vision.jpg,assets/scenes/planned/ep01_vc13_microwave_future_vision.jpg,assets/scenes/scene_06_microwave.jpg,電子レンジの光の中に未来の食堂、空っぽの棚、長い列、子どもがおにぎりを持って笑う映像。手前に同一人物の未来青年 / 未来の会社員が息を呑む。 未来青年 / 未来の会社員は全カットで同一人物として固定。キャラID: future_worker_ep01。2074年の食品流通管理課の若い男性会社員、実年齢27歳だが過労で40代手前に見える。細身で肩が落ちた体型、短く乱れた黒髪、疲れた目、目の下の薄いクマ、弱った困り顔、薄い無精髭、くたびれた濃紺スーツ、緩んだネクタイ、白シャツ。首元に透明な記憶返品タグ/絆創膏状パッチがあり、中の銀色回路が淡く光る。顔立ち、髪型、体格、スーツ、首元タグを毎カットで変えない。肩表示は一種類だけに固定。小さなシアン発光の角丸液晶バッジを、本人の左胸寄りの左肩ストラップ上、心臓側に一つだけ置く。正面向きの構図では見る側の右寄りに出る位置。文字は短く「残業」「2074」程度。本人の右肩、見る側の左肩、両腕、前腕、胸中央、首タグ上には残業表示を置かない。右肩表示は禁止。両肩表示は禁止。小道具は未来おにぎり、未来レシート、ホットコーヒー。別人化禁止。眼鏡禁止。長髪禁止。濃い髭禁止。スポーツサングラス禁止。バイクジャケット禁止。座木山辰哉や汗田竜司に似せない。未来警察やサイバー戦士にしない。 2Dアニメイラスト、ビジュアルノベル風、ゲーム立ち絵風、アニメ塗り、セルルック、線画がはっきりしたキャラクターデザイン、非写実的。人物をフォトリアルにしない。,発話ログ　58/82 / 担当　ナレーション / 深夜帯　進行中
ep01_v062,ep01_050,vc13,電子レンジ内の未来映像,13,198.007,201.47,未来の会社員,開発記録です。これが、ちゃんと届けば……。,かいはつきろくです。これが、ちゃんととどけば。,13/20　電子レンジ内の未来映像,59/82　未来の会社員,assets/scenes/planned/ep01_vc13_microwave_future_vision.jpg,assets/scenes/planned/ep01_vc13_microwave_future_vision.jpg,assets/scenes/scene_06_microwave.jpg,電子レンジの光の中に未来の食堂、空っぽの棚、長い列、子どもがおにぎりを持って笑う映像。手前に同一人物の未来青年 / 未来の会社員が息を呑む。 未来青年 / 未来の会社員は全カットで同一人物として固定。キャラID: future_worker_ep01。2074年の食品流通管理課の若い男性会社員、実年齢27歳だが過労で40代手前に見える。細身で肩が落ちた体型、短く乱れた黒髪、疲れた目、目の下の薄いクマ、弱った困り顔、薄い無精髭、くたびれた濃紺スーツ、緩んだネクタイ、白シャツ。首元に透明な記憶返品タグ/絆創膏状パッチがあり、中の銀色回路が淡く光る。顔立ち、髪型、体格、スーツ、首元タグを毎カットで変えない。肩表示は一種類だけに固定。小さなシアン発光の角丸液晶バッジを、本人の左胸寄りの左肩ストラップ上、心臓側に一つだけ置く。正面向きの構図では見る側の右寄りに出る位置。文字は短く「残業」「2074」程度。本人の右肩、見る側の左肩、両腕、前腕、胸中央、首タグ上には残業表示を置かない。右肩表示は禁止。両肩表示は禁止。小道具は未来おにぎり、未来レシート、ホットコーヒー。別人化禁止。眼鏡禁止。長髪禁止。濃い髭禁止。スポーツサングラス禁止。バイクジャケット禁止。座木山辰哉や汗田竜司に似せない。未来警察やサイバー戦士にしない。 2Dアニメイラスト、ビジュアルノベル風、ゲーム立ち絵風、アニメ塗り、セルルック、線画がはっきりしたキャラクターデザイン、非写実的。人物をフォトリアルにしない。,発話ログ　59/82 / 担当　未来の会社員 / 未来案件　処理中
ep01_v063,ep01_051,vc14,履歴メモ入力,14,202.07,205.244,第十三レジ,加熱により時空状態が安定しました。,かねつによりじくうじょうたいがあんていしました。,14/20　履歴メモ入力,60/82　第十三レジ,assets/scenes/planned/ep01_vc14_history_memo.jpg,assets/scenes/planned/ep01_vc14_history_memo.jpg,assets/scenes/scene_07_receipt.jpg,第十三レジに履歴メモ入力欄。ミナの雑なメモが記録され、タクミが驚く。第十三レジの顔つきは、黒く重いセルフレジ端末の斜めスクリーンに、ネオンシアンの短い水平な目が二本、小さな水平の口が一つだけ光る無表情フェイス。かわいくしすぎず、眠そうで機械的、でも妙に意思がある。本体は黒い金属とガラス、角ばった筐体、カード端末とスキャナー付き。,発話ログ　60/82 / 担当　第十三レジ / 第十三レジ　応答中
ep01_v064,ep01_052,vc14,履歴メモ入力,14,205.444,207.765,第十三レジ,履歴メモを入力してください。,りれきめもをにゅうりょくしてください。,14/20　履歴メモ入力,61/82　第十三レジ,assets/scenes/planned/ep01_vc14_history_memo.jpg,assets/scenes/planned/ep01_vc14_history_memo.jpg,assets/scenes/scene_07_receipt.jpg,第十三レジに履歴メモ入力欄。ミナの雑なメモが記録され、タクミが驚く。第十三レジの顔つきは、黒く重いセルフレジ端末の斜めスクリーンに、ネオンシアンの短い水平な目が二本、小さな水平の口が一つだけ光る無表情フェイス。かわいくしすぎず、眠そうで機械的、でも妙に意思がある。本体は黒い金属とガラス、角ばった筐体、カード端末とスキャナー付き。,発話ログ　61/82 / 担当　第十三レジ / 第十三レジ　応答中
ep01_v065,ep01_053,vc14,履歴メモ入力,14,208.115,211.897,ミナ,このおにぎりは、ちゃんと作った方がいいです。,このおにぎりワ、ちゃんとつくったほうがいいです。,14/20　履歴メモ入力,62/82　ミナ,assets/scenes/planned/ep01_vc14_history_memo.jpg,assets/scenes/planned/ep01_vc14_history_memo.jpg,assets/scenes/scene_07_receipt.jpg,第十三レジに履歴メモ入力欄。ミナの雑なメモが記録され、タクミが驚く。第十三レジの顔つきは、黒く重いセルフレジ端末の斜めスクリーンに、ネオンシアンの短い水平な目が二本、小さな水平の口が一つだけ光る無表情フェイス。かわいくしすぎず、眠そうで機械的、でも妙に意思がある。本体は黒い金属とガラス、角ばった筐体、カード端末とスキャナー付き。,発話ログ　62/82 / 担当　ミナ / 声　中2 / ノーマル
ep01_v066,ep01_054,vc14,履歴メモ入力,14,212.247,213.448,タクミ,ざっくり！,ざっくり！,14/20　履歴メモ入力,63/82　タクミ,assets/scenes/planned/ep01_vc14_history_memo.jpg,assets/scenes/planned/ep01_vc14_history_memo.jpg,assets/scenes/scene_07_receipt.jpg,第十三レジに履歴メモ入力欄。ミナの雑なメモが記録され、タクミが驚く。第十三レジの顔つきは、黒く重いセルフレジ端末の斜めスクリーンに、ネオンシアンの短い水平な目が二本、小さな水平の口が一つだけ光る無表情フェイス。かわいくしすぎず、眠そうで機械的、でも妙に意思がある。本体は黒い金属とガラス、角ばった筐体、カード端末とスキャナー付き。,発話ログ　63/82 / 担当　タクミ / 本日の営業　継続中
ep01_v067,ep01_055,vc14,履歴メモ入力,14,213.648,214.961,第十三レジ,記録しました。,きろくしました。,14/20　履歴メモ入力,64/82　第十三レジ,assets/scenes/planned/ep01_vc14_history_memo.jpg,assets/scenes/planned/ep01_vc14_history_memo.jpg,assets/scenes/scene_07_receipt.jpg,第十三レジに履歴メモ入力欄。ミナの雑なメモが記録され、タクミが驚く。第十三レジの顔つきは、黒く重いセルフレジ端末の斜めスクリーンに、ネオンシアンの短い水平な目が二本、小さな水平の口が一つだけ光る無表情フェイス。かわいくしすぎず、眠そうで機械的、でも妙に意思がある。本体は黒い金属とガラス、角ばった筐体、カード端末とスキャナー付き。,発話ログ　64/82 / 担当　第十三レジ / 第十三レジ　応答中
ep01_v068,ep01_056,vc14,履歴メモ入力,14,215.161,216.116,タクミ,通るんだ！,とおるんだ！,14/20　履歴メモ入力,65/82　タクミ,assets/scenes/planned/ep01_vc14_history_memo.jpg,assets/scenes/planned/ep01_vc14_history_memo.jpg,assets/scenes/scene_07_receipt.jpg,第十三レジに履歴メモ入力欄。ミナの雑なメモが記録され、タクミが驚く。第十三レジの顔つきは、黒く重いセルフレジ端末の斜めスクリーンに、ネオンシアンの短い水平な目が二本、小さな水平の口が一つだけ光る無表情フェイス。かわいくしすぎず、眠そうで機械的、でも妙に意思がある。本体は黒い金属とガラス、角ばった筐体、カード端末とスキャナー付き。,発話ログ　65/82 / 担当　タクミ / 本日の営業　継続中
ep01_v069,ep01_057,vc15,時空返品完了とコーヒー,15,216.366,220.304,第十三レジ,未来とは、だいたい雑なメモの積み重ねです。,みらいとワ、だいたいざつなめものつみかさねです。,15/20　時空返品完了とコーヒー,66/82　第十三レジ,assets/scenes/planned/ep01_vc15_refund_coffee.jpg,assets/scenes/planned/ep01_vc15_refund_coffee.jpg,assets/scenes/scene_07_receipt.jpg,返品完了、返金百六十八円。同一人物の未来青年 / 未来の会社員がホットコーヒーを買い、タクミが未来に行きたくなくなる。背景に第十三レジ。第十三レジの顔つきは、黒く重いセルフレジ端末の斜めスクリーンに、ネオンシアンの短い水平な目が二本、小さな水平の口が一つだけ光る無表情フェイス。かわいくしすぎず、眠そうで機械的、でも妙に意思がある。本体は黒い金属とガラス、角ばった筐体、カード端末とスキャナー付き。 未来青年 / 未来の会社員は全カットで同一人物として固定。キャラID: future_worker_ep01。2074年の食品流通管理課の若い男性会社員、実年齢27歳だが過労で40代手前に見える。細身で肩が落ちた体型、短く乱れた黒髪、疲れた目、目の下の薄いクマ、弱った困り顔、薄い無精髭、くたびれた濃紺スーツ、緩んだネクタイ、白シャツ。首元に透明な記憶返品タグ/絆創膏状パッチがあり、中の銀色回路が淡く光る。顔立ち、髪型、体格、スーツ、首元タグを毎カットで変えない。肩表示は一種類だけに固定。小さなシアン発光の角丸液晶バッジを、本人の左胸寄りの左肩ストラップ上、心臓側に一つだけ置く。正面向きの構図では見る側の右寄りに出る位置。文字は短く「残業」「2074」程度。本人の右肩、見る側の左肩、両腕、前腕、胸中央、首タグ上には残業表示を置かない。右肩表示は禁止。両肩表示は禁止。小道具は未来おにぎり、未来レシート、ホットコーヒー。別人化禁止。眼鏡禁止。長髪禁止。濃い髭禁止。スポーツサングラス禁止。バイクジャケット禁止。座木山辰哉や汗田竜司に似せない。未来警察やサイバー戦士にしない。 タクミは全カットで同一人物として固定。キャラID: takumi。20歳前後の若い日本人男性、細身で少し猫背、短い黒髪で軽い寝癖、丸めの目、驚きや困惑が表情に出やすい普通の新人夜勤バイト。制服は全カットで同じ、濃紺ベースに深緑の前身頃、白い横ライン、緑の襟、左胸に名札「タクミ」。顔をクールな主人公顔にしない。髪型、顔立ち、制服配色、名札位置を変えない。ミナの制服と同じ店舗制服にするが、女性用に見せない。 ミナは全カットで同一人物として固定。キャラID: mina。20代前半の日本人女性、黒髪の低いひとつ結び、前髪は自然に下ろしすぎず整える、落ち着いた目、無表情に近い淡々とした顔、背筋がまっすぐ。制服はタクミと同じ店舗制服で、濃紺ベースに深緑の前身頃、白い横ライン、緑の襟、左胸に名札「ミナ」。華美にしない。髪型、顔立ち、制服配色、名札位置を変えない。ボブやロングヘアへ変更しない。 2Dアニメイラスト、ビジュアルノベル風、ゲーム立ち絵風、アニメ塗り、セルルック、線画がはっきりしたキャラクターデザイン、非写実的。人物をフォトリアルにしない。,発話ログ　66/82 / 担当　第十三レジ / 第十三レジ　応答中
ep01_v070,ep01_058,vc15,時空返品完了とコーヒー,15,220.904,225.633,ナレーション,時空返品が完了し、返金額は百六十八円。,じくうへんぴんがかんりょうし、へんきんがくワひゃくろくじゅうはちえん。,15/20　時空返品完了とコーヒー,67/82　ナレーション,assets/scenes/planned/ep01_vc15_refund_coffee.jpg,assets/scenes/planned/ep01_vc15_refund_coffee.jpg,assets/scenes/scene_07_receipt.jpg,返品完了、返金百六十八円。同一人物の未来青年 / 未来の会社員がホットコーヒーを買い、タクミが未来に行きたくなくなる。背景に第十三レジ。第十三レジの顔つきは、黒く重いセルフレジ端末の斜めスクリーンに、ネオンシアンの短い水平な目が二本、小さな水平の口が一つだけ光る無表情フェイス。かわいくしすぎず、眠そうで機械的、でも妙に意思がある。本体は黒い金属とガラス、角ばった筐体、カード端末とスキャナー付き。 未来青年 / 未来の会社員は全カットで同一人物として固定。キャラID: future_worker_ep01。2074年の食品流通管理課の若い男性会社員、実年齢27歳だが過労で40代手前に見える。細身で肩が落ちた体型、短く乱れた黒髪、疲れた目、目の下の薄いクマ、弱った困り顔、薄い無精髭、くたびれた濃紺スーツ、緩んだネクタイ、白シャツ。首元に透明な記憶返品タグ/絆創膏状パッチがあり、中の銀色回路が淡く光る。顔立ち、髪型、体格、スーツ、首元タグを毎カットで変えない。肩表示は一種類だけに固定。小さなシアン発光の角丸液晶バッジを、本人の左胸寄りの左肩ストラップ上、心臓側に一つだけ置く。正面向きの構図では見る側の右寄りに出る位置。文字は短く「残業」「2074」程度。本人の右肩、見る側の左肩、両腕、前腕、胸中央、首タグ上には残業表示を置かない。右肩表示は禁止。両肩表示は禁止。小道具は未来おにぎり、未来レシート、ホットコーヒー。別人化禁止。眼鏡禁止。長髪禁止。濃い髭禁止。スポーツサングラス禁止。バイクジャケット禁止。座木山辰哉や汗田竜司に似せない。未来警察やサイバー戦士にしない。 タクミは全カットで同一人物として固定。キャラID: takumi。20歳前後の若い日本人男性、細身で少し猫背、短い黒髪で軽い寝癖、丸めの目、驚きや困惑が表情に出やすい普通の新人夜勤バイト。制服は全カットで同じ、濃紺ベースに深緑の前身頃、白い横ライン、緑の襟、左胸に名札「タクミ」。顔をクールな主人公顔にしない。髪型、顔立ち、制服配色、名札位置を変えない。ミナの制服と同じ店舗制服にするが、女性用に見せない。 ミナは全カットで同一人物として固定。キャラID: mina。20代前半の日本人女性、黒髪の低いひとつ結び、前髪は自然に下ろしすぎず整える、落ち着いた目、無表情に近い淡々とした顔、背筋がまっすぐ。制服はタクミと同じ店舗制服で、濃紺ベースに深緑の前身頃、白い横ライン、緑の襟、左胸に名札「ミナ」。華美にしない。髪型、顔立ち、制服配色、名札位置を変えない。ボブやロングヘアへ変更しない。 2Dアニメイラスト、ビジュアルノベル風、ゲーム立ち絵風、アニメ塗り、セルルック、線画がはっきりしたキャラクターデザイン、非写実的。人物をフォトリアルにしない。,発話ログ　67/82 / 担当　ナレーション / 深夜帯　進行中
ep01_v071,ep01_059,vc15,時空返品完了とコーヒー,15,225.883,230.663,ナレーション,未来の会社員は現金で受け取り、さらにホットコーヒーを買った。,みらいのかいしゃいんワげんきんでうけとり、さらにほっとこーひーをかった。,15/20　時空返品完了とコーヒー,68/82　ナレーション,assets/scenes/planned/ep01_vc15_refund_coffee.jpg,assets/scenes/planned/ep01_vc15_refund_coffee.jpg,assets/scenes/scene_07_receipt.jpg,返品完了、返金百六十八円。同一人物の未来青年 / 未来の会社員がホットコーヒーを買い、タクミが未来に行きたくなくなる。背景に第十三レジ。第十三レジの顔つきは、黒く重いセルフレジ端末の斜めスクリーンに、ネオンシアンの短い水平な目が二本、小さな水平の口が一つだけ光る無表情フェイス。かわいくしすぎず、眠そうで機械的、でも妙に意思がある。本体は黒い金属とガラス、角ばった筐体、カード端末とスキャナー付き。 未来青年 / 未来の会社員は全カットで同一人物として固定。キャラID: future_worker_ep01。2074年の食品流通管理課の若い男性会社員、実年齢27歳だが過労で40代手前に見える。細身で肩が落ちた体型、短く乱れた黒髪、疲れた目、目の下の薄いクマ、弱った困り顔、薄い無精髭、くたびれた濃紺スーツ、緩んだネクタイ、白シャツ。首元に透明な記憶返品タグ/絆創膏状パッチがあり、中の銀色回路が淡く光る。顔立ち、髪型、体格、スーツ、首元タグを毎カットで変えない。肩表示は一種類だけに固定。小さなシアン発光の角丸液晶バッジを、本人の左胸寄りの左肩ストラップ上、心臓側に一つだけ置く。正面向きの構図では見る側の右寄りに出る位置。文字は短く「残業」「2074」程度。本人の右肩、見る側の左肩、両腕、前腕、胸中央、首タグ上には残業表示を置かない。右肩表示は禁止。両肩表示は禁止。小道具は未来おにぎり、未来レシート、ホットコーヒー。別人化禁止。眼鏡禁止。長髪禁止。濃い髭禁止。スポーツサングラス禁止。バイクジャケット禁止。座木山辰哉や汗田竜司に似せない。未来警察やサイバー戦士にしない。 タクミは全カットで同一人物として固定。キャラID: takumi。20歳前後の若い日本人男性、細身で少し猫背、短い黒髪で軽い寝癖、丸めの目、驚きや困惑が表情に出やすい普通の新人夜勤バイト。制服は全カットで同じ、濃紺ベースに深緑の前身頃、白い横ライン、緑の襟、左胸に名札「タクミ」。顔をクールな主人公顔にしない。髪型、顔立ち、制服配色、名札位置を変えない。ミナの制服と同じ店舗制服にするが、女性用に見せない。 ミナは全カットで同一人物として固定。キャラID: mina。20代前半の日本人女性、黒髪の低いひとつ結び、前髪は自然に下ろしすぎず整える、落ち着いた目、無表情に近い淡々とした顔、背筋がまっすぐ。制服はタクミと同じ店舗制服で、濃紺ベースに深緑の前身頃、白い横ライン、緑の襟、左胸に名札「ミナ」。華美にしない。髪型、顔立ち、制服配色、名札位置を変えない。ボブやロングヘアへ変更しない。 2Dアニメイラスト、ビジュアルノベル風、ゲーム立ち絵風、アニメ塗り、セルルック、線画がはっきりしたキャラクターデザイン、非写実的。人物をフォトリアルにしない。,発話ログ　68/82 / 担当　ナレーション / 深夜帯　進行中
ep01_v072,ep01_060,vc15,時空返品完了とコーヒー,15,230.963,233.323,未来の会社員,未来のコーヒー、高いので。,みらいのこーひー、たかいので。,15/20　時空返品完了とコーヒー,69/82　未来の会社員,assets/scenes/planned/ep01_vc15_refund_coffee.jpg,assets/scenes/planned/ep01_vc15_refund_coffee.jpg,assets/scenes/scene_07_receipt.jpg,返品完了、返金百六十八円。同一人物の未来青年 / 未来の会社員がホットコーヒーを買い、タクミが未来に行きたくなくなる。背景に第十三レジ。第十三レジの顔つきは、黒く重いセルフレジ端末の斜めスクリーンに、ネオンシアンの短い水平な目が二本、小さな水平の口が一つだけ光る無表情フェイス。かわいくしすぎず、眠そうで機械的、でも妙に意思がある。本体は黒い金属とガラス、角ばった筐体、カード端末とスキャナー付き。 未来青年 / 未来の会社員は全カットで同一人物として固定。キャラID: future_worker_ep01。2074年の食品流通管理課の若い男性会社員、実年齢27歳だが過労で40代手前に見える。細身で肩が落ちた体型、短く乱れた黒髪、疲れた目、目の下の薄いクマ、弱った困り顔、薄い無精髭、くたびれた濃紺スーツ、緩んだネクタイ、白シャツ。首元に透明な記憶返品タグ/絆創膏状パッチがあり、中の銀色回路が淡く光る。顔立ち、髪型、体格、スーツ、首元タグを毎カットで変えない。肩表示は一種類だけに固定。小さなシアン発光の角丸液晶バッジを、本人の左胸寄りの左肩ストラップ上、心臓側に一つだけ置く。正面向きの構図では見る側の右寄りに出る位置。文字は短く「残業」「2074」程度。本人の右肩、見る側の左肩、両腕、前腕、胸中央、首タグ上には残業表示を置かない。右肩表示は禁止。両肩表示は禁止。小道具は未来おにぎり、未来レシート、ホットコーヒー。別人化禁止。眼鏡禁止。長髪禁止。濃い髭禁止。スポーツサングラス禁止。バイクジャケット禁止。座木山辰哉や汗田竜司に似せない。未来警察やサイバー戦士にしない。 タクミは全カットで同一人物として固定。キャラID: takumi。20歳前後の若い日本人男性、細身で少し猫背、短い黒髪で軽い寝癖、丸めの目、驚きや困惑が表情に出やすい普通の新人夜勤バイト。制服は全カットで同じ、濃紺ベースに深緑の前身頃、白い横ライン、緑の襟、左胸に名札「タクミ」。顔をクールな主人公顔にしない。髪型、顔立ち、制服配色、名札位置を変えない。ミナの制服と同じ店舗制服にするが、女性用に見せない。 ミナは全カットで同一人物として固定。キャラID: mina。20代前半の日本人女性、黒髪の低いひとつ結び、前髪は自然に下ろしすぎず整える、落ち着いた目、無表情に近い淡々とした顔、背筋がまっすぐ。制服はタクミと同じ店舗制服で、濃紺ベースに深緑の前身頃、白い横ライン、緑の襟、左胸に名札「ミナ」。華美にしない。髪型、顔立ち、制服配色、名札位置を変えない。ボブやロングヘアへ変更しない。 2Dアニメイラスト、ビジュアルノベル風、ゲーム立ち絵風、アニメ塗り、セルルック、線画がはっきりしたキャラクターデザイン、非写実的。人物をフォトリアルにしない。,発話ログ　69/82 / 担当　未来の会社員 / 未来案件　処理中
ep01_v073,ep01_061,vc15,時空返品完了とコーヒー,15,233.573,235.707,タクミ,未来、行きたくないな。,みらい、いきたくないな。,15/20　時空返品完了とコーヒー,70/82　タクミ,assets/scenes/planned/ep01_vc15_refund_coffee.jpg,assets/scenes/planned/ep01_vc15_refund_coffee.jpg,assets/scenes/scene_07_receipt.jpg,返品完了、返金百六十八円。同一人物の未来青年 / 未来の会社員がホットコーヒーを買い、タクミが未来に行きたくなくなる。背景に第十三レジ。第十三レジの顔つきは、黒く重いセルフレジ端末の斜めスクリーンに、ネオンシアンの短い水平な目が二本、小さな水平の口が一つだけ光る無表情フェイス。かわいくしすぎず、眠そうで機械的、でも妙に意思がある。本体は黒い金属とガラス、角ばった筐体、カード端末とスキャナー付き。 未来青年 / 未来の会社員は全カットで同一人物として固定。キャラID: future_worker_ep01。2074年の食品流通管理課の若い男性会社員、実年齢27歳だが過労で40代手前に見える。細身で肩が落ちた体型、短く乱れた黒髪、疲れた目、目の下の薄いクマ、弱った困り顔、薄い無精髭、くたびれた濃紺スーツ、緩んだネクタイ、白シャツ。首元に透明な記憶返品タグ/絆創膏状パッチがあり、中の銀色回路が淡く光る。顔立ち、髪型、体格、スーツ、首元タグを毎カットで変えない。肩表示は一種類だけに固定。小さなシアン発光の角丸液晶バッジを、本人の左胸寄りの左肩ストラップ上、心臓側に一つだけ置く。正面向きの構図では見る側の右寄りに出る位置。文字は短く「残業」「2074」程度。本人の右肩、見る側の左肩、両腕、前腕、胸中央、首タグ上には残業表示を置かない。右肩表示は禁止。両肩表示は禁止。小道具は未来おにぎり、未来レシート、ホットコーヒー。別人化禁止。眼鏡禁止。長髪禁止。濃い髭禁止。スポーツサングラス禁止。バイクジャケット禁止。座木山辰哉や汗田竜司に似せない。未来警察やサイバー戦士にしない。 タクミは全カットで同一人物として固定。キャラID: takumi。20歳前後の若い日本人男性、細身で少し猫背、短い黒髪で軽い寝癖、丸めの目、驚きや困惑が表情に出やすい普通の新人夜勤バイト。制服は全カットで同じ、濃紺ベースに深緑の前身頃、白い横ライン、緑の襟、左胸に名札「タクミ」。顔をクールな主人公顔にしない。髪型、顔立ち、制服配色、名札位置を変えない。ミナの制服と同じ店舗制服にするが、女性用に見せない。 ミナは全カットで同一人物として固定。キャラID: mina。20代前半の日本人女性、黒髪の低いひとつ結び、前髪は自然に下ろしすぎず整える、落ち着いた目、無表情に近い淡々とした顔、背筋がまっすぐ。制服はタクミと同じ店舗制服で、濃紺ベースに深緑の前身頃、白い横ライン、緑の襟、左胸に名札「ミナ」。華美にしない。髪型、顔立ち、制服配色、名札位置を変えない。ボブやロングヘアへ変更しない。 2Dアニメイラスト、ビジュアルノベル風、ゲーム立ち絵風、アニメ塗り、セルルック、線画がはっきりしたキャラクターデザイン、非写実的。人物をフォトリアルにしない。,発話ログ　70/82 / 担当　タクミ / 本日の営業　継続中
ep01_v074,ep01_062,vc16,第十三レジ消滅とレシート,16,236.307,239.865,ナレーション,午前二時二十分。第十三レジは消えた。,ごぜんにじにじゅっぷん。だいじゅうさんれじワきえた。,16/20　第十三レジ消滅とレシート,71/82　ナレーション,assets/scenes/planned/ep01_vc16_receipt_result.jpg,assets/scenes/planned/ep01_vc16_receipt_result.jpg,assets/scenes/scene_07_receipt.jpg,午前二時二十分、第十三レジが消えかけ、長いレシートだけが残る。人類生存率微増、スタッフ割引対象外。第十三レジの顔つきは、黒く重いセルフレジ端末の斜めスクリーンに、ネオンシアンの短い水平な目が二本、小さな水平の口が一つだけ光る無表情フェイス。かわいくしすぎず、眠そうで機械的、でも妙に意思がある。本体は黒い金属とガラス、角ばった筐体、カード端末とスキャナー付き。,発話ログ　71/82 / 担当　ナレーション / 深夜帯　進行中
ep01_v075,ep01_064,vc16,第十三レジ消滅とレシート,16,240.265,243.815,ナレーション,残ったレシートには、こう印字されていた。,のこったれしーとにワ、こういんじされていた。,16/20　第十三レジ消滅とレシート,72/82　ナレーション,assets/scenes/planned/ep01_vc16_receipt_result.jpg,assets/scenes/planned/ep01_vc16_receipt_result.jpg,assets/scenes/scene_07_receipt.jpg,午前二時二十分、第十三レジが消えかけ、長いレシートだけが残る。人類生存率微増、スタッフ割引対象外。第十三レジの顔つきは、黒く重いセルフレジ端末の斜めスクリーンに、ネオンシアンの短い水平な目が二本、小さな水平の口が一つだけ光る無表情フェイス。かわいくしすぎず、眠そうで機械的、でも妙に意思がある。本体は黒い金属とガラス、角ばった筐体、カード端末とスキャナー付き。,発話ログ　72/82 / 担当　ナレーション / 深夜帯　進行中
ep01_v076,ep01_064,vc16,第十三レジ消滅とレシート,16,244.115,250.628,ナレーション,時空返品、一件。歴史メモ、一件。完全栄養おにぎり、開発継続。,じくうへんぴん、いっけん。れきしめも、いっけん。かんぜんえいようおにぎり、かいはつけいぞく。,16/20　第十三レジ消滅とレシート,73/82　ナレーション,assets/scenes/planned/ep01_vc16_receipt_result.jpg,assets/scenes/planned/ep01_vc16_receipt_result.jpg,assets/scenes/scene_07_receipt.jpg,午前二時二十分、第十三レジが消えかけ、長いレシートだけが残る。人類生存率微増、スタッフ割引対象外。第十三レジの顔つきは、黒く重いセルフレジ端末の斜めスクリーンに、ネオンシアンの短い水平な目が二本、小さな水平の口が一つだけ光る無表情フェイス。かわいくしすぎず、眠そうで機械的、でも妙に意思がある。本体は黒い金属とガラス、角ばった筐体、カード端末とスキャナー付き。,発話ログ　73/82 / 担当　ナレーション / 深夜帯　進行中
ep01_v077,ep01_064,vc16,第十三レジ消滅とレシート,16,250.828,255.598,ナレーション,人類生存率、微増。ホットコーヒー、レギュラー、一件。,じんるいせいぞんりつ、びぞう。ほっとこーひー、れぎゅらー、いっけん。,16/20　第十三レジ消滅とレシート,74/82　ナレーション,assets/scenes/planned/ep01_vc16_receipt_result.jpg,assets/scenes/planned/ep01_vc16_receipt_result.jpg,assets/scenes/scene_07_receipt.jpg,午前二時二十分、第十三レジが消えかけ、長いレシートだけが残る。人類生存率微増、スタッフ割引対象外。第十三レジの顔つきは、黒く重いセルフレジ端末の斜めスクリーンに、ネオンシアンの短い水平な目が二本、小さな水平の口が一つだけ光る無表情フェイス。かわいくしすぎず、眠そうで機械的、でも妙に意思がある。本体は黒い金属とガラス、角ばった筐体、カード端末とスキャナー付き。,発話ログ　74/82 / 担当　ナレーション / 深夜帯　進行中
ep01_v078,ep01_065,vc16,第十三レジ消滅とレシート,16,255.798,258.512,ナレーション,スタッフ割引、対象外。,すたっふわりびき、たいしょうがい。,16/20　第十三レジ消滅とレシート,75/82　ナレーション,assets/scenes/planned/ep01_vc16_receipt_result.jpg,assets/scenes/planned/ep01_vc16_receipt_result.jpg,assets/scenes/scene_07_receipt.jpg,午前二時二十分、第十三レジが消えかけ、長いレシートだけが残る。人類生存率微増、スタッフ割引対象外。第十三レジの顔つきは、黒く重いセルフレジ端末の斜めスクリーンに、ネオンシアンの短い水平な目が二本、小さな水平の口が一つだけ光る無表情フェイス。かわいくしすぎず、眠そうで機械的、でも妙に意思がある。本体は黒い金属とガラス、角ばった筐体、カード端末とスキャナー付き。,発話ログ　75/82 / 担当　ナレーション / 深夜帯　進行中
ep01_v079,ep01_065,vc16,第十三レジ消滅とレシート,16,258.862,260.972,タクミ,最後が一番現実的だ。,さいごがいちばんげんじつてきだ。,16/20　第十三レジ消滅とレシート,76/82　タクミ,assets/scenes/planned/ep01_vc16_receipt_result.jpg,assets/scenes/planned/ep01_vc16_receipt_result.jpg,assets/scenes/scene_07_receipt.jpg,午前二時二十分、第十三レジが消えかけ、長いレシートだけが残る。人類生存率微増、スタッフ割引対象外。第十三レジの顔つきは、黒く重いセルフレジ端末の斜めスクリーンに、ネオンシアンの短い水平な目が二本、小さな水平の口が一つだけ光る無表情フェイス。かわいくしすぎず、眠そうで機械的、でも妙に意思がある。本体は黒い金属とガラス、角ばった筐体、カード端末とスキャナー付き。,発話ログ　76/82 / 担当　タクミ / 本日の営業　継続中
ep01_v081,ep01_067,vc17,座木山辰哉、コピー機へ,17,261.622,265.157,ナレーション,近所の常連らしい男がコピー機へ向かった。,きんじょのじょうれんらしいおとこがこぴーきへむかった。,17/20　座木山辰哉、コピー機へ,77/82　ナレーション,assets/scenes/planned/ep01_vc17_zakiyama_copy.jpg,assets/scenes/planned/ep01_vc17_zakiyama_copy.jpg,assets/scenes/scene_08_back_to_normal.jpg,眠そうな常連、座木山辰哉が古いツーリング地図を抱えてコピー機へ向かう。コピー機の光、深夜コンビニ、タクミが固まる。 座木山辰哉は55歳の近所の常連客で、未来人ではない。コピー機と古いツーリング地図の人。短めで寝ぐせ混じりの黒髪、丸い薄色レンズの眼鏡、片側だけ少しテープで補修された眼鏡、薄い無精髭、眠そうで焦点が少しずれた目、肩の力が抜けた立ち姿。服はくたっとした古いワークジャケット、色褪せたチェックシャツ、ゆるいカーディガン、首から古いコピーカードや小さな方位磁石、ポケットから折れた地図と付箋が少しはみ出す。古いツーリング地図を筒ではなく何度も折った状態で抱え、端に手書きの矢印や謎のメモがある。普通の常連なのに、どこか変わりもの。本人は大事件に気づいていない穏やかな奇妙さ。未来的装備、スーツ、肩液晶、首元タグ、長髪、濃い髭、スポーツサングラス、バイクジャケットは禁止。未来青年や汗田竜司に似せない。実在人物そっくりにしない。 タクミは全カットで同一人物として固定。キャラID: takumi。20歳前後の若い日本人男性、細身で少し猫背、短い黒髪で軽い寝癖、丸めの目、驚きや困惑が表情に出やすい普通の新人夜勤バイト。制服は全カットで同じ、濃紺ベースに深緑の前身頃、白い横ライン、緑の襟、左胸に名札「タクミ」。顔をクールな主人公顔にしない。髪型、顔立ち、制服配色、名札位置を変えない。ミナの制服と同じ店舗制服にするが、女性用に見せない。 ミナは全カットで同一人物として固定。キャラID: mina。20代前半の日本人女性、黒髪の低いひとつ結び、前髪は自然に下ろしすぎず整える、落ち着いた目、無表情に近い淡々とした顔、背筋がまっすぐ。制服はタクミと同じ店舗制服で、濃紺ベースに深緑の前身頃、白い横ライン、緑の襟、左胸に名札「ミナ」。華美にしない。髪型、顔立ち、制服配色、名札位置を変えない。ボブやロングヘアへ変更しない。 2Dアニメイラスト、ビジュアルノベル風、ゲーム立ち絵風、アニメ塗り、セルルック、線画がはっきりしたキャラクターデザイン、非写実的。人物をフォトリアルにしない。,発話ログ　77/82 / 担当　ナレーション / 深夜帯　進行中
ep01_v083,ep01_068,vc17,座木山辰哉、コピー機へ,17,265.407,269.108,座木山辰哉,コピー、白黒でいいよ。色がつくと記憶が増えるから。,こぴー、しろくろでいいよ。いろがつくときおくがふえるから。,17/20　座木山辰哉、コピー機へ,78/82　座木山辰哉,assets/scenes/planned/ep01_vc17_zakiyama_copy.jpg,assets/scenes/planned/ep01_vc17_zakiyama_copy.jpg,assets/scenes/scene_08_back_to_normal.jpg,眠そうな常連、座木山辰哉が古いツーリング地図を抱えてコピー機へ向かう。コピー機の光、深夜コンビニ、タクミが固まる。 座木山辰哉は55歳の近所の常連客で、未来人ではない。コピー機と古いツーリング地図の人。短めで寝ぐせ混じりの黒髪、丸い薄色レンズの眼鏡、片側だけ少しテープで補修された眼鏡、薄い無精髭、眠そうで焦点が少しずれた目、肩の力が抜けた立ち姿。服はくたっとした古いワークジャケット、色褪せたチェックシャツ、ゆるいカーディガン、首から古いコピーカードや小さな方位磁石、ポケットから折れた地図と付箋が少しはみ出す。古いツーリング地図を筒ではなく何度も折った状態で抱え、端に手書きの矢印や謎のメモがある。普通の常連なのに、どこか変わりもの。本人は大事件に気づいていない穏やかな奇妙さ。未来的装備、スーツ、肩液晶、首元タグ、長髪、濃い髭、スポーツサングラス、バイクジャケットは禁止。未来青年や汗田竜司に似せない。実在人物そっくりにしない。 タクミは全カットで同一人物として固定。キャラID: takumi。20歳前後の若い日本人男性、細身で少し猫背、短い黒髪で軽い寝癖、丸めの目、驚きや困惑が表情に出やすい普通の新人夜勤バイト。制服は全カットで同じ、濃紺ベースに深緑の前身頃、白い横ライン、緑の襟、左胸に名札「タクミ」。顔をクールな主人公顔にしない。髪型、顔立ち、制服配色、名札位置を変えない。ミナの制服と同じ店舗制服にするが、女性用に見せない。 ミナは全カットで同一人物として固定。キャラID: mina。20代前半の日本人女性、黒髪の低いひとつ結び、前髪は自然に下ろしすぎず整える、落ち着いた目、無表情に近い淡々とした顔、背筋がまっすぐ。制服はタクミと同じ店舗制服で、濃紺ベースに深緑の前身頃、白い横ライン、緑の襟、左胸に名札「ミナ」。華美にしない。髪型、顔立ち、制服配色、名札位置を変えない。ボブやロングヘアへ変更しない。 2Dアニメイラスト、ビジュアルノベル風、ゲーム立ち絵風、アニメ塗り、セルルック、線画がはっきりしたキャラクターデザイン、非写実的。人物をフォトリアルにしない。,発話ログ　78/82 / 担当　座木山辰哉 / 本日の営業　継続中
ep01_v084,ep01_069,vc18,夜勤だから,18,269.608,272.677,タクミ,この店、普通のお客さんも変なんですか。,このみせ、ふつうのおきゃくさんもへんなんですか。,18/20　夜勤だから,79/82　タクミ,assets/scenes/planned/ep01_vc18_night_shift_answer.jpg,assets/scenes/planned/ep01_vc18_night_shift_answer.jpg,assets/scenes/scene_08_back_to_normal.jpg,タクミが普通のお客も変なのかと聞き、ミナが『夜勤だから』と無表情で返す。奥に座木山辰哉がコピー機で古い地図を白黒コピーしている。店内は平常運転。 タクミは全カットで同一人物として固定。キャラID: takumi。20歳前後の若い日本人男性、細身で少し猫背、短い黒髪で軽い寝癖、丸めの目、驚きや困惑が表情に出やすい普通の新人夜勤バイト。制服は全カットで同じ、濃紺ベースに深緑の前身頃、白い横ライン、緑の襟、左胸に名札「タクミ」。顔をクールな主人公顔にしない。髪型、顔立ち、制服配色、名札位置を変えない。ミナの制服と同じ店舗制服にするが、女性用に見せない。 ミナは全カットで同一人物として固定。キャラID: mina。20代前半の日本人女性、黒髪の低いひとつ結び、前髪は自然に下ろしすぎず整える、落ち着いた目、無表情に近い淡々とした顔、背筋がまっすぐ。制服はタクミと同じ店舗制服で、濃紺ベースに深緑の前身頃、白い横ライン、緑の襟、左胸に名札「ミナ」。華美にしない。髪型、顔立ち、制服配色、名札位置を変えない。ボブやロングヘアへ変更しない。 座木山辰哉は55歳の近所の常連客で、未来人ではない。コピー機と古いツーリング地図の人。短めで寝ぐせ混じりの黒髪、丸い薄色レンズの眼鏡、片側だけ少しテープで補修された眼鏡、薄い無精髭、眠そうで焦点が少しずれた目、肩の力が抜けた立ち姿。服はくたっとした古いワークジャケット、色褪せたチェックシャツ、ゆるいカーディガン、首から古いコピーカードや小さな方位磁石、ポケットから折れた地図と付箋が少しはみ出す。古いツーリング地図を筒ではなく何度も折った状態で抱え、端に手書きの矢印や謎のメモがある。普通の常連なのに、どこか変わりもの。本人は大事件に気づいていない穏やかな奇妙さ。未来的装備、スーツ、肩液晶、首元タグ、長髪、濃い髭、スポーツサングラス、バイクジャケットは禁止。未来青年や汗田竜司に似せない。実在人物そっくりにしない。 2Dアニメイラスト、ビジュアルノベル風、ゲーム立ち絵風、アニメ塗り、セルルック、線画がはっきりしたキャラクターデザイン、非写実的。人物をフォトリアルにしない。,発話ログ　79/82 / 担当　タクミ / 本日の営業　継続中
ep01_v085,ep01_070,vc18,夜勤だから,18,272.927,274.507,ミナ,夜勤だから。,やきんだから。,18/20　夜勤だから,80/82　ミナ,assets/scenes/planned/ep01_vc18_night_shift_answer.jpg,assets/scenes/planned/ep01_vc18_night_shift_answer.jpg,assets/scenes/scene_08_back_to_normal.jpg,タクミが普通のお客も変なのかと聞き、ミナが『夜勤だから』と無表情で返す。奥に座木山辰哉がコピー機で古い地図を白黒コピーしている。店内は平常運転。 タクミは全カットで同一人物として固定。キャラID: takumi。20歳前後の若い日本人男性、細身で少し猫背、短い黒髪で軽い寝癖、丸めの目、驚きや困惑が表情に出やすい普通の新人夜勤バイト。制服は全カットで同じ、濃紺ベースに深緑の前身頃、白い横ライン、緑の襟、左胸に名札「タクミ」。顔をクールな主人公顔にしない。髪型、顔立ち、制服配色、名札位置を変えない。ミナの制服と同じ店舗制服にするが、女性用に見せない。 ミナは全カットで同一人物として固定。キャラID: mina。20代前半の日本人女性、黒髪の低いひとつ結び、前髪は自然に下ろしすぎず整える、落ち着いた目、無表情に近い淡々とした顔、背筋がまっすぐ。制服はタクミと同じ店舗制服で、濃紺ベースに深緑の前身頃、白い横ライン、緑の襟、左胸に名札「ミナ」。華美にしない。髪型、顔立ち、制服配色、名札位置を変えない。ボブやロングヘアへ変更しない。 座木山辰哉は55歳の近所の常連客で、未来人ではない。コピー機と古いツーリング地図の人。短めで寝ぐせ混じりの黒髪、丸い薄色レンズの眼鏡、片側だけ少しテープで補修された眼鏡、薄い無精髭、眠そうで焦点が少しずれた目、肩の力が抜けた立ち姿。服はくたっとした古いワークジャケット、色褪せたチェックシャツ、ゆるいカーディガン、首から古いコピーカードや小さな方位磁石、ポケットから折れた地図と付箋が少しはみ出す。古いツーリング地図を筒ではなく何度も折った状態で抱え、端に手書きの矢印や謎のメモがある。普通の常連なのに、どこか変わりもの。本人は大事件に気づいていない穏やかな奇妙さ。未来的装備、スーツ、肩液晶、首元タグ、長髪、濃い髭、スポーツサングラス、バイクジャケットは禁止。未来青年や汗田竜司に似せない。実在人物そっくりにしない。 2Dアニメイラスト、ビジュアルノベル風、ゲーム立ち絵風、アニメ塗り、セルルック、線画がはっきりしたキャラクターデザイン、非写実的。人物をフォトリアルにしない。,発話ログ　80/82 / 担当　ミナ / 声　中2 / ノーマル
ep01_v086,ep01_071,vc19,世界が少しだけ救われる,19,275.207,279.117,ナレーション,世界が少しだけ救われても、夜勤は終わらない。,せかいがすこしだけすくわれても、やきんワおわらない。,19/20　世界が少しだけ救われる,81/82　ナレーション,assets/scenes/planned/ep01_vc19_world_saved_quietly.jpg,assets/scenes/planned/ep01_vc19_world_saved_quietly.jpg,assets/scenes/scene_08_back_to_normal.jpg,世界が少しだけ救われた余韻。深夜コンビニ店内、タクミとミナ、静かな青い光。大事件の後でも普通。,発話ログ　81/82 / 担当　ナレーション / 深夜帯　進行中
ep01_v087,ep01_071,vc20,夜勤はまだ終わらない,20,279.467,284.423,ナレーション,床清掃も、雑誌返品も、廃棄登録も、まだ残っている。,ゆかせいそうも、ざっしへんぴんも、はいきとうろくも、まだのこっている。,20/20　夜勤はまだ終わらない,82/82　ナレーション,assets/scenes/planned/ep01_vc20_chores_remain.jpg,assets/scenes/planned/ep01_vc20_chores_remain.jpg,assets/scenes/scene_08_back_to_normal.jpg,床清掃、雑誌返品、廃棄登録が残っている深夜コンビニ。タクミが遠い目、ミナは淡々。余韻のラスト。,発話ログ　82/82 / 担当　ナレーション / 深夜帯　進行中
