visualCutId,title,plannedImage,fallbackImage,prompt
vc01,会社の駐輪場,assets/scenes/planned/ep02_vc01_company_parking_asada.png,assets/scenes/planned/ep02_vc01_company_parking_asada.png,会社の駐輪場。雨の夜、汗田が黒いCB200X風アドベンチャーバイクの横に立ち、紫のフルフェイスヘルメットを自然に持つ。ヘルメットを持つ手は外側から縁またはストラップをつかみ、指がめり込まない。 汗田竜司は54歳、現代側の自動車研究開発者で未来人ではない。キャラID: aseda_ryuji。長めの黒髪を後ろへ流し、濃い髭、スポーツサングラス、黒いバイク用ジャケット、同じ紫のフルフェイスヘルメット、黒系のCB200X風アドベンチャーバイク、コンパクトなバイク用ナビ端末。理屈っぽく責任感のある技術者で、落ち着いた大人のツッコミ役。全カットで同一人物として固定し、髪型、髭、サングラス、黒いバイクジャケット、紫ヘルメット、バイクの形を変えない。バイクに乗るカットでは両手は自然にハンドルを握り、ヘルメットは同じ紫色で統一。ヘルメットを持つカットでは指をヘルメットにめり込ませず、縁またはストラップを外側から自然につかむ。店内カットではヘルメットを片手または脇に抱え、視線はナビ端末・第十三レジ・相手の顔など場面の対象へ自然に向ける。ナビ端末は小型のバイク用ナビサイズで、巨大タブレット化しない。手指を増やさない、左手をねじらない、手を顔や画面に溶かさない。座木山のような補修眼鏡や古い地図の常連にしない。未来青年のような疲弊した若い会社員にしない。 ナビ端末は第2話で同一機体として固定。キャラID: navigation_terminal_ep02。黒い防水ケースに入ったコンパクトなバイク用ナビ端末で、小型タブレットまたは大きめスマホ程度のサイズ。シアンに発光する地図や物流ネットワーク表示を出す。バイク上ではハンドル中央付近のマウントに固定され、汗田の顔や視線の方向へ自然に画面が向く。店内ではレジカウンター上に置かれてもサイズは小型のまま。巨大タブレット化しない。毎カットで外形、黒い防水ケース、シアン画面、サイズ感を変えない。ナビが会話している場面では画面が相手に背を向けない。 2Dアニメイラスト、ビジュアルノベル風、ゲーム立ち絵風、アニメ塗り、セルルック、線画がはっきりしたキャラクターデザイン、非写実的。人物をフォトリアルにしない。
vc02,ナビが点灯する,assets/scenes/planned/ep02_vc02_nav_lights_up.png,assets/scenes/planned/ep02_vc01_company_parking_asada.png,雨の駐輪場で汗田がバイクのナビに話しかける。ナビ画面は汗田の方を向き、シアンに発光する地図を表示する。紫ヘルメットと黒いバイクは同じ形状で統一。 汗田竜司は54歳、現代側の自動車研究開発者で未来人ではない。キャラID: aseda_ryuji。長めの黒髪を後ろへ流し、濃い髭、スポーツサングラス、黒いバイク用ジャケット、同じ紫のフルフェイスヘルメット、黒系のCB200X風アドベンチャーバイク、コンパクトなバイク用ナビ端末。理屈っぽく責任感のある技術者で、落ち着いた大人のツッコミ役。全カットで同一人物として固定し、髪型、髭、サングラス、黒いバイクジャケット、紫ヘルメット、バイクの形を変えない。バイクに乗るカットでは両手は自然にハンドルを握り、ヘルメットは同じ紫色で統一。ヘルメットを持つカットでは指をヘルメットにめり込ませず、縁またはストラップを外側から自然につかむ。店内カットではヘルメットを片手または脇に抱え、視線はナビ端末・第十三レジ・相手の顔など場面の対象へ自然に向ける。ナビ端末は小型のバイク用ナビサイズで、巨大タブレット化しない。手指を増やさない、左手をねじらない、手を顔や画面に溶かさない。座木山のような補修眼鏡や古い地図の常連にしない。未来青年のような疲弊した若い会社員にしない。 ナビ端末は第2話で同一機体として固定。キャラID: navigation_terminal_ep02。黒い防水ケースに入ったコンパクトなバイク用ナビ端末で、小型タブレットまたは大きめスマホ程度のサイズ。シアンに発光する地図や物流ネットワーク表示を出す。バイク上ではハンドル中央付近のマウントに固定され、汗田の顔や視線の方向へ自然に画面が向く。店内ではレジカウンター上に置かれてもサイズは小型のまま。巨大タブレット化しない。毎カットで外形、黒い防水ケース、シアン画面、サイズ感を変えない。ナビが会話している場面では画面が相手に背を向けない。 2Dアニメイラスト、ビジュアルノベル風、ゲーム立ち絵風、アニメ塗り、セルルック、線画がはっきりしたキャラクターデザイン、非写実的。人物をフォトリアルにしない。
vc03,夜の国道へ,assets/scenes/planned/ep02_vc03_night_ride.png,assets/scenes/planned/ep02_vc01_company_parking_asada.png,夜の国道へ走り出す汗田。黒いCB200X風アドベンチャーバイク、紫ヘルメット、シアンに光る小型ナビ端末。走行中も手と視線が自然で、ヘルメット形状を変えない。 汗田竜司は54歳、現代側の自動車研究開発者で未来人ではない。キャラID: aseda_ryuji。長めの黒髪を後ろへ流し、濃い髭、スポーツサングラス、黒いバイク用ジャケット、同じ紫のフルフェイスヘルメット、黒系のCB200X風アドベンチャーバイク、コンパクトなバイク用ナビ端末。理屈っぽく責任感のある技術者で、落ち着いた大人のツッコミ役。全カットで同一人物として固定し、髪型、髭、サングラス、黒いバイクジャケット、紫ヘルメット、バイクの形を変えない。バイクに乗るカットでは両手は自然にハンドルを握り、ヘルメットは同じ紫色で統一。ヘルメットを持つカットでは指をヘルメットにめり込ませず、縁またはストラップを外側から自然につかむ。店内カットではヘルメットを片手または脇に抱え、視線はナビ端末・第十三レジ・相手の顔など場面の対象へ自然に向ける。ナビ端末は小型のバイク用ナビサイズで、巨大タブレット化しない。手指を増やさない、左手をねじらない、手を顔や画面に溶かさない。座木山のような補修眼鏡や古い地図の常連にしない。未来青年のような疲弊した若い会社員にしない。 ナビ端末は第2話で同一機体として固定。キャラID: navigation_terminal_ep02。黒い防水ケースに入ったコンパクトなバイク用ナビ端末で、小型タブレットまたは大きめスマホ程度のサイズ。シアンに発光する地図や物流ネットワーク表示を出す。バイク上ではハンドル中央付近のマウントに固定され、汗田の顔や視線の方向へ自然に画面が向く。店内ではレジカウンター上に置かれてもサイズは小型のまま。巨大タブレット化しない。毎カットで外形、黒い防水ケース、シアン画面、サイズ感を変えない。ナビが会話している場面では画面が相手に背を向けない。 2Dアニメイラスト、ビジュアルノベル風、ゲーム立ち絵風、アニメ塗り、セルルック、線画がはっきりしたキャラクターデザイン、非写実的。人物をフォトリアルにしない。
vc04,レシートの保管,assets/scenes/planned/ep02_vc04_receipt_storage.png,assets/scenes/planned/ep02_vc01_company_parking_asada.png,深夜コンビニ店内。タクミが前話の時空返品レシートを透明袋に保管している。ミナは淡々と見守る。制服、髪型、名札位置を固定。 タクミは全カットで同一人物として固定。キャラID: takumi。20歳前後の若い日本人男性、細身で少し猫背、短い黒髪で軽い寝癖、丸めの目、驚きや困惑が表情に出やすい普通の新人夜勤バイト。制服は全カットで同じ、濃紺ベースに深緑の前身頃、白い横ライン、緑の襟、左胸に名札「タクミ」。顔をクールな主人公顔にしない。髪型、顔立ち、制服配色、名札位置を変えない。ミナの制服と同じ店舗制服にするが、女性用に見せない。 ミナは全カットで同一人物として固定。キャラID: mina。20代前半の日本人女性、黒髪の低いひとつ結び、前髪は自然に下ろしすぎず整える、落ち着いた目、無表情に近い淡々とした顔、背筋がまっすぐ。制服はタクミと同じ店舗制服で、濃紺ベースに深緑の前身頃、白い横ライン、緑の襟、左胸に名札「ミナ」。華美にしない。髪型、顔立ち、制服配色、名札位置を変えない。ボブやロングヘアへ変更しない。 2Dアニメイラスト、ビジュアルノベル風、ゲーム立ち絵風、アニメ塗り、セルルック、線画がはっきりしたキャラクターデザイン、非写実的。人物をフォトリアルにしない。
vc05,汗田、来店,assets/scenes/planned/ep02_vc05_aseda_enters.png,assets/scenes/planned/ep02_vc01_company_parking_asada.png,自動ドアが開き、汗田が紫ヘルメットを持ってコンビニに入る。タクミとミナがカウンター付近で対応する。汗田、タクミ、ミナの顔と制服を固定。 汗田竜司は54歳、現代側の自動車研究開発者で未来人ではない。キャラID: aseda_ryuji。長めの黒髪を後ろへ流し、濃い髭、スポーツサングラス、黒いバイク用ジャケット、同じ紫のフルフェイスヘルメット、黒系のCB200X風アドベンチャーバイク、コンパクトなバイク用ナビ端末。理屈っぽく責任感のある技術者で、落ち着いた大人のツッコミ役。全カットで同一人物として固定し、髪型、髭、サングラス、黒いバイクジャケット、紫ヘルメット、バイクの形を変えない。バイクに乗るカットでは両手は自然にハンドルを握り、ヘルメットは同じ紫色で統一。ヘルメットを持つカットでは指をヘルメットにめり込ませず、縁またはストラップを外側から自然につかむ。店内カットではヘルメットを片手または脇に抱え、視線はナビ端末・第十三レジ・相手の顔など場面の対象へ自然に向ける。ナビ端末は小型のバイク用ナビサイズで、巨大タブレット化しない。手指を増やさない、左手をねじらない、手を顔や画面に溶かさない。座木山のような補修眼鏡や古い地図の常連にしない。未来青年のような疲弊した若い会社員にしない。 タクミは全カットで同一人物として固定。キャラID: takumi。20歳前後の若い日本人男性、細身で少し猫背、短い黒髪で軽い寝癖、丸めの目、驚きや困惑が表情に出やすい普通の新人夜勤バイト。制服は全カットで同じ、濃紺ベースに深緑の前身頃、白い横ライン、緑の襟、左胸に名札「タクミ」。顔をクールな主人公顔にしない。髪型、顔立ち、制服配色、名札位置を変えない。ミナの制服と同じ店舗制服にするが、女性用に見せない。 ミナは全カットで同一人物として固定。キャラID: mina。20代前半の日本人女性、黒髪の低いひとつ結び、前髪は自然に下ろしすぎず整える、落ち着いた目、無表情に近い淡々とした顔、背筋がまっすぐ。制服はタクミと同じ店舗制服で、濃紺ベースに深緑の前身頃、白い横ライン、緑の襟、左胸に名札「ミナ」。華美にしない。髪型、顔立ち、制服配色、名札位置を変えない。ボブやロングヘアへ変更しない。 2Dアニメイラスト、ビジュアルノベル風、ゲーム立ち絵風、アニメ塗り、セルルック、線画がはっきりしたキャラクターデザイン、非写実的。人物をフォトリアルにしない。
vc06,第十三レジ出現,assets/scenes/planned/ep02_vc06_register_appears.png,assets/scenes/planned/ep02_vc01_company_parking_asada.png,午前二時十七分、第十三レジが現れる。黒いセルフレジ端末の眠そうなシアン顔。汗田は状況を観察し、タクミは困惑、ミナは平常運転。 第十三レジは全カットで同一機体として固定。キャラID: thirteenth_register。黒く重いセルフレジ端末、角ばった金属とガラスの筐体、斜めのスクリーンにネオンシアンの短い水平な目が二本、小さな水平の口が一つだけ光る。無表情、眠そう、機械的だが意思がある。カード端末、スキャナー、レシート排出口を持つ。かわいいマスコット化しない。銀色の古いレジや人型ロボットにしない。顔表示をカットごとに変えず、二本の水平な目と小さな口だけにする。 汗田竜司は54歳、現代側の自動車研究開発者で未来人ではない。キャラID: aseda_ryuji。長めの黒髪を後ろへ流し、濃い髭、スポーツサングラス、黒いバイク用ジャケット、同じ紫のフルフェイスヘルメット、黒系のCB200X風アドベンチャーバイク、コンパクトなバイク用ナビ端末。理屈っぽく責任感のある技術者で、落ち着いた大人のツッコミ役。全カットで同一人物として固定し、髪型、髭、サングラス、黒いバイクジャケット、紫ヘルメット、バイクの形を変えない。バイクに乗るカットでは両手は自然にハンドルを握り、ヘルメットは同じ紫色で統一。ヘルメットを持つカットでは指をヘルメットにめり込ませず、縁またはストラップを外側から自然につかむ。店内カットではヘルメットを片手または脇に抱え、視線はナビ端末・第十三レジ・相手の顔など場面の対象へ自然に向ける。ナビ端末は小型のバイク用ナビサイズで、巨大タブレット化しない。手指を増やさない、左手をねじらない、手を顔や画面に溶かさない。座木山のような補修眼鏡や古い地図の常連にしない。未来青年のような疲弊した若い会社員にしない。 タクミは全カットで同一人物として固定。キャラID: takumi。20歳前後の若い日本人男性、細身で少し猫背、短い黒髪で軽い寝癖、丸めの目、驚きや困惑が表情に出やすい普通の新人夜勤バイト。制服は全カットで同じ、濃紺ベースに深緑の前身頃、白い横ライン、緑の襟、左胸に名札「タクミ」。顔をクールな主人公顔にしない。髪型、顔立ち、制服配色、名札位置を変えない。ミナの制服と同じ店舗制服にするが、女性用に見せない。 ミナは全カットで同一人物として固定。キャラID: mina。20代前半の日本人女性、黒髪の低いひとつ結び、前髪は自然に下ろしすぎず整える、落ち着いた目、無表情に近い淡々とした顔、背筋がまっすぐ。制服はタクミと同じ店舗制服で、濃紺ベースに深緑の前身頃、白い横ライン、緑の襟、左胸に名札「ミナ」。華美にしない。髪型、顔立ち、制服配色、名札位置を変えない。ボブやロングヘアへ変更しない。 2Dアニメイラスト、ビジュアルノベル風、ゲーム立ち絵風、アニメ塗り、セルルック、線画がはっきりしたキャラクターデザイン、非写実的。人物をフォトリアルにしない。
vc07,ナビとの接続,assets/scenes/planned/ep02_vc07_nav_scan.png,assets/scenes/planned/ep02_vc01_company_parking_asada.png,第十三レジが汗田のバイクナビを読み取る。カウンター上のナビ端末は小型のまま、シアン発光。汗田の視線はナビとレジへ自然に向く。 第十三レジは全カットで同一機体として固定。キャラID: thirteenth_register。黒く重いセルフレジ端末、角ばった金属とガラスの筐体、斜めのスクリーンにネオンシアンの短い水平な目が二本、小さな水平の口が一つだけ光る。無表情、眠そう、機械的だが意思がある。カード端末、スキャナー、レシート排出口を持つ。かわいいマスコット化しない。銀色の古いレジや人型ロボットにしない。顔表示をカットごとに変えず、二本の水平な目と小さな口だけにする。 汗田竜司は54歳、現代側の自動車研究開発者で未来人ではない。キャラID: aseda_ryuji。長めの黒髪を後ろへ流し、濃い髭、スポーツサングラス、黒いバイク用ジャケット、同じ紫のフルフェイスヘルメット、黒系のCB200X風アドベンチャーバイク、コンパクトなバイク用ナビ端末。理屈っぽく責任感のある技術者で、落ち着いた大人のツッコミ役。全カットで同一人物として固定し、髪型、髭、サングラス、黒いバイクジャケット、紫ヘルメット、バイクの形を変えない。バイクに乗るカットでは両手は自然にハンドルを握り、ヘルメットは同じ紫色で統一。ヘルメットを持つカットでは指をヘルメットにめり込ませず、縁またはストラップを外側から自然につかむ。店内カットではヘルメットを片手または脇に抱え、視線はナビ端末・第十三レジ・相手の顔など場面の対象へ自然に向ける。ナビ端末は小型のバイク用ナビサイズで、巨大タブレット化しない。手指を増やさない、左手をねじらない、手を顔や画面に溶かさない。座木山のような補修眼鏡や古い地図の常連にしない。未来青年のような疲弊した若い会社員にしない。 ナビ端末は第2話で同一機体として固定。キャラID: navigation_terminal_ep02。黒い防水ケースに入ったコンパクトなバイク用ナビ端末で、小型タブレットまたは大きめスマホ程度のサイズ。シアンに発光する地図や物流ネットワーク表示を出す。バイク上ではハンドル中央付近のマウントに固定され、汗田の顔や視線の方向へ自然に画面が向く。店内ではレジカウンター上に置かれてもサイズは小型のまま。巨大タブレット化しない。毎カットで外形、黒い防水ケース、シアン画面、サイズ感を変えない。ナビが会話している場面では画面が相手に背を向けない。 タクミは全カットで同一人物として固定。キャラID: takumi。20歳前後の若い日本人男性、細身で少し猫背、短い黒髪で軽い寝癖、丸めの目、驚きや困惑が表情に出やすい普通の新人夜勤バイト。制服は全カットで同じ、濃紺ベースに深緑の前身頃、白い横ライン、緑の襟、左胸に名札「タクミ」。顔をクールな主人公顔にしない。髪型、顔立ち、制服配色、名札位置を変えない。ミナの制服と同じ店舗制服にするが、女性用に見せない。 ミナは全カットで同一人物として固定。キャラID: mina。20代前半の日本人女性、黒髪の低いひとつ結び、前髪は自然に下ろしすぎず整える、落ち着いた目、無表情に近い淡々とした顔、背筋がまっすぐ。制服はタクミと同じ店舗制服で、濃紺ベースに深緑の前身頃、白い横ライン、緑の襟、左胸に名札「ミナ」。華美にしない。髪型、顔立ち、制服配色、名札位置を変えない。ボブやロングヘアへ変更しない。 2Dアニメイラスト、ビジュアルノベル風、ゲーム立ち絵風、アニメ塗り、セルルック、線画がはっきりしたキャラクターデザイン、非写実的。人物をフォトリアルにしない。
vc08,在庫予測モデル,assets/scenes/planned/ep02_vc08_inventory_model.png,assets/scenes/planned/ep02_vc01_company_parking_asada.png,第十三レジの画面に在庫予測モデルのようなシアンの図が映る。汗田が技術者として読み解く。ナビ端末と第十三レジのサイズ感を固定。 第十三レジは全カットで同一機体として固定。キャラID: thirteenth_register。黒く重いセルフレジ端末、角ばった金属とガラスの筐体、斜めのスクリーンにネオンシアンの短い水平な目が二本、小さな水平の口が一つだけ光る。無表情、眠そう、機械的だが意思がある。カード端末、スキャナー、レシート排出口を持つ。かわいいマスコット化しない。銀色の古いレジや人型ロボットにしない。顔表示をカットごとに変えず、二本の水平な目と小さな口だけにする。 汗田竜司は54歳、現代側の自動車研究開発者で未来人ではない。キャラID: aseda_ryuji。長めの黒髪を後ろへ流し、濃い髭、スポーツサングラス、黒いバイク用ジャケット、同じ紫のフルフェイスヘルメット、黒系のCB200X風アドベンチャーバイク、コンパクトなバイク用ナビ端末。理屈っぽく責任感のある技術者で、落ち着いた大人のツッコミ役。全カットで同一人物として固定し、髪型、髭、サングラス、黒いバイクジャケット、紫ヘルメット、バイクの形を変えない。バイクに乗るカットでは両手は自然にハンドルを握り、ヘルメットは同じ紫色で統一。ヘルメットを持つカットでは指をヘルメットにめり込ませず、縁またはストラップを外側から自然につかむ。店内カットではヘルメットを片手または脇に抱え、視線はナビ端末・第十三レジ・相手の顔など場面の対象へ自然に向ける。ナビ端末は小型のバイク用ナビサイズで、巨大タブレット化しない。手指を増やさない、左手をねじらない、手を顔や画面に溶かさない。座木山のような補修眼鏡や古い地図の常連にしない。未来青年のような疲弊した若い会社員にしない。 ナビ端末は第2話で同一機体として固定。キャラID: navigation_terminal_ep02。黒い防水ケースに入ったコンパクトなバイク用ナビ端末で、小型タブレットまたは大きめスマホ程度のサイズ。シアンに発光する地図や物流ネットワーク表示を出す。バイク上ではハンドル中央付近のマウントに固定され、汗田の顔や視線の方向へ自然に画面が向く。店内ではレジカウンター上に置かれてもサイズは小型のまま。巨大タブレット化しない。毎カットで外形、黒い防水ケース、シアン画面、サイズ感を変えない。ナビが会話している場面では画面が相手に背を向けない。 タクミは全カットで同一人物として固定。キャラID: takumi。20歳前後の若い日本人男性、細身で少し猫背、短い黒髪で軽い寝癖、丸めの目、驚きや困惑が表情に出やすい普通の新人夜勤バイト。制服は全カットで同じ、濃紺ベースに深緑の前身頃、白い横ライン、緑の襟、左胸に名札「タクミ」。顔をクールな主人公顔にしない。髪型、顔立ち、制服配色、名札位置を変えない。ミナの制服と同じ店舗制服にするが、女性用に見せない。 ミナは全カットで同一人物として固定。キャラID: mina。20代前半の日本人女性、黒髪の低いひとつ結び、前髪は自然に下ろしすぎず整える、落ち着いた目、無表情に近い淡々とした顔、背筋がまっすぐ。制服はタクミと同じ店舗制服で、濃紺ベースに深緑の前身頃、白い横ライン、緑の襟、左胸に名札「ミナ」。華美にしない。髪型、顔立ち、制服配色、名札位置を変えない。ボブやロングヘアへ変更しない。 2Dアニメイラスト、ビジュアルノベル風、ゲーム立ち絵風、アニメ塗り、セルルック、線画がはっきりしたキャラクターデザイン、非写実的。人物をフォトリアルにしない。
vc09,欠けた歴史メモ,assets/scenes/planned/ep02_vc09_missing_conditions.png,assets/scenes/planned/ep02_vc01_company_parking_asada.png,第十三レジが欠けた歴史メモを示す。レシート、端末画面、業務ログが静かに光る。人物は顔・髪型・制服を統一し、情報量を詰め込みすぎない。 第十三レジは全カットで同一機体として固定。キャラID: thirteenth_register。黒く重いセルフレジ端末、角ばった金属とガラスの筐体、斜めのスクリーンにネオンシアンの短い水平な目が二本、小さな水平の口が一つだけ光る。無表情、眠そう、機械的だが意思がある。カード端末、スキャナー、レシート排出口を持つ。かわいいマスコット化しない。銀色の古いレジや人型ロボットにしない。顔表示をカットごとに変えず、二本の水平な目と小さな口だけにする。 汗田竜司は54歳、現代側の自動車研究開発者で未来人ではない。キャラID: aseda_ryuji。長めの黒髪を後ろへ流し、濃い髭、スポーツサングラス、黒いバイク用ジャケット、同じ紫のフルフェイスヘルメット、黒系のCB200X風アドベンチャーバイク、コンパクトなバイク用ナビ端末。理屈っぽく責任感のある技術者で、落ち着いた大人のツッコミ役。全カットで同一人物として固定し、髪型、髭、サングラス、黒いバイクジャケット、紫ヘルメット、バイクの形を変えない。バイクに乗るカットでは両手は自然にハンドルを握り、ヘルメットは同じ紫色で統一。ヘルメットを持つカットでは指をヘルメットにめり込ませず、縁またはストラップを外側から自然につかむ。店内カットではヘルメットを片手または脇に抱え、視線はナビ端末・第十三レジ・相手の顔など場面の対象へ自然に向ける。ナビ端末は小型のバイク用ナビサイズで、巨大タブレット化しない。手指を増やさない、左手をねじらない、手を顔や画面に溶かさない。座木山のような補修眼鏡や古い地図の常連にしない。未来青年のような疲弊した若い会社員にしない。 タクミは全カットで同一人物として固定。キャラID: takumi。20歳前後の若い日本人男性、細身で少し猫背、短い黒髪で軽い寝癖、丸めの目、驚きや困惑が表情に出やすい普通の新人夜勤バイト。制服は全カットで同じ、濃紺ベースに深緑の前身頃、白い横ライン、緑の襟、左胸に名札「タクミ」。顔をクールな主人公顔にしない。髪型、顔立ち、制服配色、名札位置を変えない。ミナの制服と同じ店舗制服にするが、女性用に見せない。 ミナは全カットで同一人物として固定。キャラID: mina。20代前半の日本人女性、黒髪の低いひとつ結び、前髪は自然に下ろしすぎず整える、落ち着いた目、無表情に近い淡々とした顔、背筋がまっすぐ。制服はタクミと同じ店舗制服で、濃紺ベースに深緑の前身頃、白い横ライン、緑の襟、左胸に名札「ミナ」。華美にしない。髪型、顔立ち、制服配色、名札位置を変えない。ボブやロングヘアへ変更しない。 2Dアニメイラスト、ビジュアルノベル風、ゲーム立ち絵風、アニメ塗り、セルルック、線画がはっきりしたキャラクターデザイン、非写実的。人物をフォトリアルにしない。
vc10,修正メモを書く,assets/scenes/planned/ep02_vc10_corrected_memo.png,assets/scenes/planned/ep02_vc01_company_parking_asada.png,汗田がレシート紙を受け取り、ペンで修正メモを書く。空中UIには書かず、紙のレシートに直接書く。手指は自然で、ペンと紙が明確。 汗田竜司は54歳、現代側の自動車研究開発者で未来人ではない。キャラID: aseda_ryuji。長めの黒髪を後ろへ流し、濃い髭、スポーツサングラス、黒いバイク用ジャケット、同じ紫のフルフェイスヘルメット、黒系のCB200X風アドベンチャーバイク、コンパクトなバイク用ナビ端末。理屈っぽく責任感のある技術者で、落ち着いた大人のツッコミ役。全カットで同一人物として固定し、髪型、髭、サングラス、黒いバイクジャケット、紫ヘルメット、バイクの形を変えない。バイクに乗るカットでは両手は自然にハンドルを握り、ヘルメットは同じ紫色で統一。ヘルメットを持つカットでは指をヘルメットにめり込ませず、縁またはストラップを外側から自然につかむ。店内カットではヘルメットを片手または脇に抱え、視線はナビ端末・第十三レジ・相手の顔など場面の対象へ自然に向ける。ナビ端末は小型のバイク用ナビサイズで、巨大タブレット化しない。手指を増やさない、左手をねじらない、手を顔や画面に溶かさない。座木山のような補修眼鏡や古い地図の常連にしない。未来青年のような疲弊した若い会社員にしない。 タクミは全カットで同一人物として固定。キャラID: takumi。20歳前後の若い日本人男性、細身で少し猫背、短い黒髪で軽い寝癖、丸めの目、驚きや困惑が表情に出やすい普通の新人夜勤バイト。制服は全カットで同じ、濃紺ベースに深緑の前身頃、白い横ライン、緑の襟、左胸に名札「タクミ」。顔をクールな主人公顔にしない。髪型、顔立ち、制服配色、名札位置を変えない。ミナの制服と同じ店舗制服にするが、女性用に見せない。 ミナは全カットで同一人物として固定。キャラID: mina。20代前半の日本人女性、黒髪の低いひとつ結び、前髪は自然に下ろしすぎず整える、落ち着いた目、無表情に近い淡々とした顔、背筋がまっすぐ。制服はタクミと同じ店舗制服で、濃紺ベースに深緑の前身頃、白い横ライン、緑の襟、左胸に名札「ミナ」。華美にしない。髪型、顔立ち、制服配色、名札位置を変えない。ボブやロングヘアへ変更しない。 第十三レジは全カットで同一機体として固定。キャラID: thirteenth_register。黒く重いセルフレジ端末、角ばった金属とガラスの筐体、斜めのスクリーンにネオンシアンの短い水平な目が二本、小さな水平の口が一つだけ光る。無表情、眠そう、機械的だが意思がある。カード端末、スキャナー、レシート排出口を持つ。かわいいマスコット化しない。銀色の古いレジや人型ロボットにしない。顔表示をカットごとに変えず、二本の水平な目と小さな口だけにする。 2Dアニメイラスト、ビジュアルノベル風、ゲーム立ち絵風、アニメ塗り、セルルック、線画がはっきりしたキャラクターデザイン、非写実的。人物をフォトリアルにしない。
vc11,数値だけじゃない,assets/scenes/planned/ep02_vc11_human_criterion.png,assets/scenes/planned/ep02_vc01_company_parking_asada.png,タクミとミナが汗田の判断を見守る。第十三レジは無表情に処理を待つ。制服と髪型を固定し、タクミとミナを別人化しない。 タクミは全カットで同一人物として固定。キャラID: takumi。20歳前後の若い日本人男性、細身で少し猫背、短い黒髪で軽い寝癖、丸めの目、驚きや困惑が表情に出やすい普通の新人夜勤バイト。制服は全カットで同じ、濃紺ベースに深緑の前身頃、白い横ライン、緑の襟、左胸に名札「タクミ」。顔をクールな主人公顔にしない。髪型、顔立ち、制服配色、名札位置を変えない。ミナの制服と同じ店舗制服にするが、女性用に見せない。 ミナは全カットで同一人物として固定。キャラID: mina。20代前半の日本人女性、黒髪の低いひとつ結び、前髪は自然に下ろしすぎず整える、落ち着いた目、無表情に近い淡々とした顔、背筋がまっすぐ。制服はタクミと同じ店舗制服で、濃紺ベースに深緑の前身頃、白い横ライン、緑の襟、左胸に名札「ミナ」。華美にしない。髪型、顔立ち、制服配色、名札位置を変えない。ボブやロングヘアへ変更しない。 汗田竜司は54歳、現代側の自動車研究開発者で未来人ではない。キャラID: aseda_ryuji。長めの黒髪を後ろへ流し、濃い髭、スポーツサングラス、黒いバイク用ジャケット、同じ紫のフルフェイスヘルメット、黒系のCB200X風アドベンチャーバイク、コンパクトなバイク用ナビ端末。理屈っぽく責任感のある技術者で、落ち着いた大人のツッコミ役。全カットで同一人物として固定し、髪型、髭、サングラス、黒いバイクジャケット、紫ヘルメット、バイクの形を変えない。バイクに乗るカットでは両手は自然にハンドルを握り、ヘルメットは同じ紫色で統一。ヘルメットを持つカットでは指をヘルメットにめり込ませず、縁またはストラップを外側から自然につかむ。店内カットではヘルメットを片手または脇に抱え、視線はナビ端末・第十三レジ・相手の顔など場面の対象へ自然に向ける。ナビ端末は小型のバイク用ナビサイズで、巨大タブレット化しない。手指を増やさない、左手をねじらない、手を顔や画面に溶かさない。座木山のような補修眼鏡や古い地図の常連にしない。未来青年のような疲弊した若い会社員にしない。 第十三レジは全カットで同一機体として固定。キャラID: thirteenth_register。黒く重いセルフレジ端末、角ばった金属とガラスの筐体、斜めのスクリーンにネオンシアンの短い水平な目が二本、小さな水平の口が一つだけ光る。無表情、眠そう、機械的だが意思がある。カード端末、スキャナー、レシート排出口を持つ。かわいいマスコット化しない。銀色の古いレジや人型ロボットにしない。顔表示をカットごとに変えず、二本の水平な目と小さな口だけにする。 2Dアニメイラスト、ビジュアルノベル風、ゲーム立ち絵風、アニメ塗り、セルルック、線画がはっきりしたキャラクターデザイン、非写実的。人物をフォトリアルにしない。
vc12,メモ受理,assets/scenes/planned/ep02_vc12_memo_accepted.png,assets/scenes/planned/ep02_vc01_company_parking_asada.png,第十三レジが修正メモを受理する。レシート排出口から紙が出て、シアンの光が落ち着く。レジの顔は二本の水平な目と小さな口だけ。 第十三レジは全カットで同一機体として固定。キャラID: thirteenth_register。黒く重いセルフレジ端末、角ばった金属とガラスの筐体、斜めのスクリーンにネオンシアンの短い水平な目が二本、小さな水平の口が一つだけ光る。無表情、眠そう、機械的だが意思がある。カード端末、スキャナー、レシート排出口を持つ。かわいいマスコット化しない。銀色の古いレジや人型ロボットにしない。顔表示をカットごとに変えず、二本の水平な目と小さな口だけにする。 汗田竜司は54歳、現代側の自動車研究開発者で未来人ではない。キャラID: aseda_ryuji。長めの黒髪を後ろへ流し、濃い髭、スポーツサングラス、黒いバイク用ジャケット、同じ紫のフルフェイスヘルメット、黒系のCB200X風アドベンチャーバイク、コンパクトなバイク用ナビ端末。理屈っぽく責任感のある技術者で、落ち着いた大人のツッコミ役。全カットで同一人物として固定し、髪型、髭、サングラス、黒いバイクジャケット、紫ヘルメット、バイクの形を変えない。バイクに乗るカットでは両手は自然にハンドルを握り、ヘルメットは同じ紫色で統一。ヘルメットを持つカットでは指をヘルメットにめり込ませず、縁またはストラップを外側から自然につかむ。店内カットではヘルメットを片手または脇に抱え、視線はナビ端末・第十三レジ・相手の顔など場面の対象へ自然に向ける。ナビ端末は小型のバイク用ナビサイズで、巨大タブレット化しない。手指を増やさない、左手をねじらない、手を顔や画面に溶かさない。座木山のような補修眼鏡や古い地図の常連にしない。未来青年のような疲弊した若い会社員にしない。 タクミは全カットで同一人物として固定。キャラID: takumi。20歳前後の若い日本人男性、細身で少し猫背、短い黒髪で軽い寝癖、丸めの目、驚きや困惑が表情に出やすい普通の新人夜勤バイト。制服は全カットで同じ、濃紺ベースに深緑の前身頃、白い横ライン、緑の襟、左胸に名札「タクミ」。顔をクールな主人公顔にしない。髪型、顔立ち、制服配色、名札位置を変えない。ミナの制服と同じ店舗制服にするが、女性用に見せない。 ミナは全カットで同一人物として固定。キャラID: mina。20代前半の日本人女性、黒髪の低いひとつ結び、前髪は自然に下ろしすぎず整える、落ち着いた目、無表情に近い淡々とした顔、背筋がまっすぐ。制服はタクミと同じ店舗制服で、濃紺ベースに深緑の前身頃、白い横ライン、緑の襟、左胸に名札「ミナ」。華美にしない。髪型、顔立ち、制服配色、名札位置を変えない。ボブやロングヘアへ変更しない。 2Dアニメイラスト、ビジュアルノベル風、ゲーム立ち絵風、アニメ塗り、セルルック、線画がはっきりしたキャラクターデザイン、非写実的。人物をフォトリアルにしない。
vc13,未来からの感謝,assets/scenes/planned/ep02_vc13_future_thanks.png,assets/scenes/planned/ep02_vc01_company_parking_asada.png,ナビ画面に未来からの感謝メッセージが浮かぶ。カウンター上のナビ端末は小型のバイク用ナビサイズで、巨大化しない。 ナビ端末は第2話で同一機体として固定。キャラID: navigation_terminal_ep02。黒い防水ケースに入ったコンパクトなバイク用ナビ端末で、小型タブレットまたは大きめスマホ程度のサイズ。シアンに発光する地図や物流ネットワーク表示を出す。バイク上ではハンドル中央付近のマウントに固定され、汗田の顔や視線の方向へ自然に画面が向く。店内ではレジカウンター上に置かれてもサイズは小型のまま。巨大タブレット化しない。毎カットで外形、黒い防水ケース、シアン画面、サイズ感を変えない。ナビが会話している場面では画面が相手に背を向けない。 汗田竜司は54歳、現代側の自動車研究開発者で未来人ではない。キャラID: aseda_ryuji。長めの黒髪を後ろへ流し、濃い髭、スポーツサングラス、黒いバイク用ジャケット、同じ紫のフルフェイスヘルメット、黒系のCB200X風アドベンチャーバイク、コンパクトなバイク用ナビ端末。理屈っぽく責任感のある技術者で、落ち着いた大人のツッコミ役。全カットで同一人物として固定し、髪型、髭、サングラス、黒いバイクジャケット、紫ヘルメット、バイクの形を変えない。バイクに乗るカットでは両手は自然にハンドルを握り、ヘルメットは同じ紫色で統一。ヘルメットを持つカットでは指をヘルメットにめり込ませず、縁またはストラップを外側から自然につかむ。店内カットではヘルメットを片手または脇に抱え、視線はナビ端末・第十三レジ・相手の顔など場面の対象へ自然に向ける。ナビ端末は小型のバイク用ナビサイズで、巨大タブレット化しない。手指を増やさない、左手をねじらない、手を顔や画面に溶かさない。座木山のような補修眼鏡や古い地図の常連にしない。未来青年のような疲弊した若い会社員にしない。 タクミは全カットで同一人物として固定。キャラID: takumi。20歳前後の若い日本人男性、細身で少し猫背、短い黒髪で軽い寝癖、丸めの目、驚きや困惑が表情に出やすい普通の新人夜勤バイト。制服は全カットで同じ、濃紺ベースに深緑の前身頃、白い横ライン、緑の襟、左胸に名札「タクミ」。顔をクールな主人公顔にしない。髪型、顔立ち、制服配色、名札位置を変えない。ミナの制服と同じ店舗制服にするが、女性用に見せない。 ミナは全カットで同一人物として固定。キャラID: mina。20代前半の日本人女性、黒髪の低いひとつ結び、前髪は自然に下ろしすぎず整える、落ち着いた目、無表情に近い淡々とした顔、背筋がまっすぐ。制服はタクミと同じ店舗制服で、濃紺ベースに深緑の前身頃、白い横ライン、緑の襟、左胸に名札「ミナ」。華美にしない。髪型、顔立ち、制服配色、名札位置を変えない。ボブやロングヘアへ変更しない。 第十三レジは全カットで同一機体として固定。キャラID: thirteenth_register。黒く重いセルフレジ端末、角ばった金属とガラスの筐体、斜めのスクリーンにネオンシアンの短い水平な目が二本、小さな水平の口が一つだけ光る。無表情、眠そう、機械的だが意思がある。カード端末、スキャナー、レシート排出口を持つ。かわいいマスコット化しない。銀色の古いレジや人型ロボットにしない。顔表示をカットごとに変えず、二本の水平な目と小さな口だけにする。 2Dアニメイラスト、ビジュアルノベル風、ゲーム立ち絵風、アニメ塗り、セルルック、線画がはっきりしたキャラクターデザイン、非写実的。人物をフォトリアルにしない。
vc14,ブラックで,assets/scenes/planned/ep02_vc14_black_coffee.png,assets/scenes/planned/ep02_vc01_company_parking_asada.png,ミナがブラックコーヒーを一杯だけ汗田へ渡す。汗田はまだコーヒーを持っておらず、受け取ろうとしている。二重のコーヒーを描かない。 ミナは全カットで同一人物として固定。キャラID: mina。20代前半の日本人女性、黒髪の低いひとつ結び、前髪は自然に下ろしすぎず整える、落ち着いた目、無表情に近い淡々とした顔、背筋がまっすぐ。制服はタクミと同じ店舗制服で、濃紺ベースに深緑の前身頃、白い横ライン、緑の襟、左胸に名札「ミナ」。華美にしない。髪型、顔立ち、制服配色、名札位置を変えない。ボブやロングヘアへ変更しない。 汗田竜司は54歳、現代側の自動車研究開発者で未来人ではない。キャラID: aseda_ryuji。長めの黒髪を後ろへ流し、濃い髭、スポーツサングラス、黒いバイク用ジャケット、同じ紫のフルフェイスヘルメット、黒系のCB200X風アドベンチャーバイク、コンパクトなバイク用ナビ端末。理屈っぽく責任感のある技術者で、落ち着いた大人のツッコミ役。全カットで同一人物として固定し、髪型、髭、サングラス、黒いバイクジャケット、紫ヘルメット、バイクの形を変えない。バイクに乗るカットでは両手は自然にハンドルを握り、ヘルメットは同じ紫色で統一。ヘルメットを持つカットでは指をヘルメットにめり込ませず、縁またはストラップを外側から自然につかむ。店内カットではヘルメットを片手または脇に抱え、視線はナビ端末・第十三レジ・相手の顔など場面の対象へ自然に向ける。ナビ端末は小型のバイク用ナビサイズで、巨大タブレット化しない。手指を増やさない、左手をねじらない、手を顔や画面に溶かさない。座木山のような補修眼鏡や古い地図の常連にしない。未来青年のような疲弊した若い会社員にしない。 タクミは全カットで同一人物として固定。キャラID: takumi。20歳前後の若い日本人男性、細身で少し猫背、短い黒髪で軽い寝癖、丸めの目、驚きや困惑が表情に出やすい普通の新人夜勤バイト。制服は全カットで同じ、濃紺ベースに深緑の前身頃、白い横ライン、緑の襟、左胸に名札「タクミ」。顔をクールな主人公顔にしない。髪型、顔立ち、制服配色、名札位置を変えない。ミナの制服と同じ店舗制服にするが、女性用に見せない。 2Dアニメイラスト、ビジュアルノベル風、ゲーム立ち絵風、アニメ塗り、セルルック、線画がはっきりしたキャラクターデザイン、非写実的。人物をフォトリアルにしない。
vc15,吐き出されたレシート,assets/scenes/planned/ep02_vc15_operation_log.png,assets/scenes/planned/ep02_vc01_company_parking_asada.png,第十三レジが運用ログのレシートを吐き出す。カウンター、レシート、黒いレジ端末を中心にした静かな業務オチ。 第十三レジは全カットで同一機体として固定。キャラID: thirteenth_register。黒く重いセルフレジ端末、角ばった金属とガラスの筐体、斜めのスクリーンにネオンシアンの短い水平な目が二本、小さな水平の口が一つだけ光る。無表情、眠そう、機械的だが意思がある。カード端末、スキャナー、レシート排出口を持つ。かわいいマスコット化しない。銀色の古いレジや人型ロボットにしない。顔表示をカットごとに変えず、二本の水平な目と小さな口だけにする。 タクミは全カットで同一人物として固定。キャラID: takumi。20歳前後の若い日本人男性、細身で少し猫背、短い黒髪で軽い寝癖、丸めの目、驚きや困惑が表情に出やすい普通の新人夜勤バイト。制服は全カットで同じ、濃紺ベースに深緑の前身頃、白い横ライン、緑の襟、左胸に名札「タクミ」。顔をクールな主人公顔にしない。髪型、顔立ち、制服配色、名札位置を変えない。ミナの制服と同じ店舗制服にするが、女性用に見せない。 ミナは全カットで同一人物として固定。キャラID: mina。20代前半の日本人女性、黒髪の低いひとつ結び、前髪は自然に下ろしすぎず整える、落ち着いた目、無表情に近い淡々とした顔、背筋がまっすぐ。制服はタクミと同じ店舗制服で、濃紺ベースに深緑の前身頃、白い横ライン、緑の襟、左胸に名札「ミナ」。華美にしない。髪型、顔立ち、制服配色、名札位置を変えない。ボブやロングヘアへ変更しない。 汗田竜司は54歳、現代側の自動車研究開発者で未来人ではない。キャラID: aseda_ryuji。長めの黒髪を後ろへ流し、濃い髭、スポーツサングラス、黒いバイク用ジャケット、同じ紫のフルフェイスヘルメット、黒系のCB200X風アドベンチャーバイク、コンパクトなバイク用ナビ端末。理屈っぽく責任感のある技術者で、落ち着いた大人のツッコミ役。全カットで同一人物として固定し、髪型、髭、サングラス、黒いバイクジャケット、紫ヘルメット、バイクの形を変えない。バイクに乗るカットでは両手は自然にハンドルを握り、ヘルメットは同じ紫色で統一。ヘルメットを持つカットでは指をヘルメットにめり込ませず、縁またはストラップを外側から自然につかむ。店内カットではヘルメットを片手または脇に抱え、視線はナビ端末・第十三レジ・相手の顔など場面の対象へ自然に向ける。ナビ端末は小型のバイク用ナビサイズで、巨大タブレット化しない。手指を増やさない、左手をねじらない、手を顔や画面に溶かさない。座木山のような補修眼鏡や古い地図の常連にしない。未来青年のような疲弊した若い会社員にしない。 2Dアニメイラスト、ビジュアルノベル風、ゲーム立ち絵風、アニメ塗り、セルルック、線画がはっきりしたキャラクターデザイン、非写実的。人物をフォトリアルにしない。
vc16,冷凍庫の青いラベル,assets/scenes/planned/ep02_vc16_freezer_label.png,assets/scenes/planned/ep02_vc01_company_parking_asada.png,バックヤードの冷凍庫の奥で、青いラベルが小さく光る。人物は出さず、次の異常を予告する静物カット。  2Dアニメイラスト、ビジュアルノベル風、ゲーム立ち絵風、アニメ塗り、セルルック、線画がはっきりしたキャラクターデザイン、非写実的。人物をフォトリアルにしない。
vc17,清掃へ戻る,assets/scenes/planned/ep02_vc17_cleaning_first.png,assets/scenes/planned/ep02_vc01_company_parking_asada.png,閉店前ではなく深夜営業中の通常業務へ戻る。タクミとミナが清掃用具の前で次の作業を確認する。顔、髪型、制服を固定。 タクミは全カットで同一人物として固定。キャラID: takumi。20歳前後の若い日本人男性、細身で少し猫背、短い黒髪で軽い寝癖、丸めの目、驚きや困惑が表情に出やすい普通の新人夜勤バイト。制服は全カットで同じ、濃紺ベースに深緑の前身頃、白い横ライン、緑の襟、左胸に名札「タクミ」。顔をクールな主人公顔にしない。髪型、顔立ち、制服配色、名札位置を変えない。ミナの制服と同じ店舗制服にするが、女性用に見せない。 ミナは全カットで同一人物として固定。キャラID: mina。20代前半の日本人女性、黒髪の低いひとつ結び、前髪は自然に下ろしすぎず整える、落ち着いた目、無表情に近い淡々とした顔、背筋がまっすぐ。制服はタクミと同じ店舗制服で、濃紺ベースに深緑の前身頃、白い横ライン、緑の襟、左胸に名札「ミナ」。華美にしない。髪型、顔立ち、制服配色、名札位置を変えない。ボブやロングヘアへ変更しない。 2Dアニメイラスト、ビジュアルノベル風、ゲーム立ち絵風、アニメ塗り、セルルック、線画がはっきりしたキャラクターデザイン、非写実的。人物をフォトリアルにしない。
vc18,汗田、退店,assets/scenes/planned/ep02_vc18_aseda_leaves.png,assets/scenes/planned/ep02_vc01_company_parking_asada.png,汗田がコーヒーを持って外へ出る。紫ヘルメット、黒いバイクジャケット、雨のコンビニ外観。汗田の顔と髪型を固定。 汗田竜司は54歳、現代側の自動車研究開発者で未来人ではない。キャラID: aseda_ryuji。長めの黒髪を後ろへ流し、濃い髭、スポーツサングラス、黒いバイク用ジャケット、同じ紫のフルフェイスヘルメット、黒系のCB200X風アドベンチャーバイク、コンパクトなバイク用ナビ端末。理屈っぽく責任感のある技術者で、落ち着いた大人のツッコミ役。全カットで同一人物として固定し、髪型、髭、サングラス、黒いバイクジャケット、紫ヘルメット、バイクの形を変えない。バイクに乗るカットでは両手は自然にハンドルを握り、ヘルメットは同じ紫色で統一。ヘルメットを持つカットでは指をヘルメットにめり込ませず、縁またはストラップを外側から自然につかむ。店内カットではヘルメットを片手または脇に抱え、視線はナビ端末・第十三レジ・相手の顔など場面の対象へ自然に向ける。ナビ端末は小型のバイク用ナビサイズで、巨大タブレット化しない。手指を増やさない、左手をねじらない、手を顔や画面に溶かさない。座木山のような補修眼鏡や古い地図の常連にしない。未来青年のような疲弊した若い会社員にしない。 ナビ端末は第2話で同一機体として固定。キャラID: navigation_terminal_ep02。黒い防水ケースに入ったコンパクトなバイク用ナビ端末で、小型タブレットまたは大きめスマホ程度のサイズ。シアンに発光する地図や物流ネットワーク表示を出す。バイク上ではハンドル中央付近のマウントに固定され、汗田の顔や視線の方向へ自然に画面が向く。店内ではレジカウンター上に置かれてもサイズは小型のまま。巨大タブレット化しない。毎カットで外形、黒い防水ケース、シアン画面、サイズ感を変えない。ナビが会話している場面では画面が相手に背を向けない。 2Dアニメイラスト、ビジュアルノベル風、ゲーム立ち絵風、アニメ塗り、セルルック、線画がはっきりしたキャラクターデザイン、非写実的。人物をフォトリアルにしない。
vc19,次の異常地点ナビ,assets/scenes/planned/ep02_vc19_next_anomaly_nav.png,assets/scenes/planned/ep02_vc01_company_parking_asada.png,バイクナビに次の異常地点が小さく表示される。ナビ端末は小型、防水黒ケース、シアン画面。紫ヘルメットと雨のコンビニ外観を添える。 ナビ端末は第2話で同一機体として固定。キャラID: navigation_terminal_ep02。黒い防水ケースに入ったコンパクトなバイク用ナビ端末で、小型タブレットまたは大きめスマホ程度のサイズ。シアンに発光する地図や物流ネットワーク表示を出す。バイク上ではハンドル中央付近のマウントに固定され、汗田の顔や視線の方向へ自然に画面が向く。店内ではレジカウンター上に置かれてもサイズは小型のまま。巨大タブレット化しない。毎カットで外形、黒い防水ケース、シアン画面、サイズ感を変えない。ナビが会話している場面では画面が相手に背を向けない。 汗田竜司は54歳、現代側の自動車研究開発者で未来人ではない。キャラID: aseda_ryuji。長めの黒髪を後ろへ流し、濃い髭、スポーツサングラス、黒いバイク用ジャケット、同じ紫のフルフェイスヘルメット、黒系のCB200X風アドベンチャーバイク、コンパクトなバイク用ナビ端末。理屈っぽく責任感のある技術者で、落ち着いた大人のツッコミ役。全カットで同一人物として固定し、髪型、髭、サングラス、黒いバイクジャケット、紫ヘルメット、バイクの形を変えない。バイクに乗るカットでは両手は自然にハンドルを握り、ヘルメットは同じ紫色で統一。ヘルメットを持つカットでは指をヘルメットにめり込ませず、縁またはストラップを外側から自然につかむ。店内カットではヘルメットを片手または脇に抱え、視線はナビ端末・第十三レジ・相手の顔など場面の対象へ自然に向ける。ナビ端末は小型のバイク用ナビサイズで、巨大タブレット化しない。手指を増やさない、左手をねじらない、手を顔や画面に溶かさない。座木山のような補修眼鏡や古い地図の常連にしない。未来青年のような疲弊した若い会社員にしない。 2Dアニメイラスト、ビジュアルノベル風、ゲーム立ち絵風、アニメ塗り、セルルック、線画がはっきりしたキャラクターデザイン、非写実的。人物をフォトリアルにしない。
vc20,夜勤は続く,assets/scenes/planned/ep02_vc20_night_shift_continues.png,assets/scenes/planned/ep02_vc01_company_parking_asada.png,深夜コンビニの通常業務に戻る。タクミとミナ、床清掃、棚、レジ周り。大事件の後でも普通の夜勤が続く空気。 タクミは全カットで同一人物として固定。キャラID: takumi。20歳前後の若い日本人男性、細身で少し猫背、短い黒髪で軽い寝癖、丸めの目、驚きや困惑が表情に出やすい普通の新人夜勤バイト。制服は全カットで同じ、濃紺ベースに深緑の前身頃、白い横ライン、緑の襟、左胸に名札「タクミ」。顔をクールな主人公顔にしない。髪型、顔立ち、制服配色、名札位置を変えない。ミナの制服と同じ店舗制服にするが、女性用に見せない。 ミナは全カットで同一人物として固定。キャラID: mina。20代前半の日本人女性、黒髪の低いひとつ結び、前髪は自然に下ろしすぎず整える、落ち着いた目、無表情に近い淡々とした顔、背筋がまっすぐ。制服はタクミと同じ店舗制服で、濃紺ベースに深緑の前身頃、白い横ライン、緑の襟、左胸に名札「ミナ」。華美にしない。髪型、顔立ち、制服配色、名札位置を変えない。ボブやロングヘアへ変更しない。 第十三レジは全カットで同一機体として固定。キャラID: thirteenth_register。黒く重いセルフレジ端末、角ばった金属とガラスの筐体、斜めのスクリーンにネオンシアンの短い水平な目が二本、小さな水平の口が一つだけ光る。無表情、眠そう、機械的だが意思がある。カード端末、スキャナー、レシート排出口を持つ。かわいいマスコット化しない。銀色の古いレジや人型ロボットにしない。顔表示をカットごとに変えず、二本の水平な目と小さな口だけにする。 2Dアニメイラスト、ビジュアルノベル風、ゲーム立ち絵風、アニメ塗り、セルルック、線画がはっきりしたキャラクターデザイン、非写実的。人物をフォトリアルにしない。
