deck_name,candidate_origin,route_type,proof_score,route_seed_cards,state_chain,produced_states,missing_states,required_support_roles,proof_comment,total_cost,depth
proof_based direct_attack_win #1,proof_based,direct_attack_win,69,無双竜機ボルバルザーク,無双竜機ボルバルザーク (action_window:+2 / alternate_win_progress:+3 / board:+1 / damage_pressure:+4 / extra_turn:+1 / loop_output_to_win:+1 / tempo:+4 / terminal_win:+1 / turn_count:+2 / win_progress:+4) -> direct_attack_win (action_window:+2 / alternate_win_progress:+3 / board:+1 / damage_pressure:+4 / extra_turn:+1 / loop_output_to_win:+1 / tempo:+4 / terminal_win:+1 / turn_count:+2 / win_progress:+4),"{""action_window"": 2, ""alternate_win_progress"": 3, ""board"": 1, ""damage_pressure"": 4, ""extra_turn"": 1, ""loop_output_to_win"": 1, ""tempo"": 4, ""terminal_win"": 1, ""turn_count"": 2, ""win_progress"": 4}",attack_permission,打点形成,direct_attack_winへの状態変換候補です。seed=無双竜機ボルバルザーク。作れている状態は action_window:+2 / alternate_win_progress:+3 / board:+1 / damage_pressure:+4 / extra_turn:+1 / loop_output_to_win:+1 / tempo:+4 / terminal_win:+1 / turn_count:+2 / win_progress:+4。不足は attack_permission。次は 打点形成 を探します。,7,1
proof_based direct_attack_win #2,proof_based,direct_attack_win,67,ベイB パオパオ,ベイB パオパオ (board:+1 / damage_pressure:+3 / graveyard:+1 / hand:+1 / loop_output_to_win:+1 / mana:+1 / opponent_deck_pressure:+1 / repeated_attack:+1 / resource_loop:+2 / tempo:+1) -> direct_attack_win (board:+1 / damage_pressure:+3 / graveyard:+1 / hand:+1 / loop_output_to_win:+1 / mana:+1 / opponent_deck_pressure:+1 / repeated_attack:+1 / resource_loop:+2 / tempo:+1),"{""board"": 1, ""damage_pressure"": 3, ""graveyard"": 1, ""hand"": 1, ""loop_output_to_win"": 1, ""mana"": 1, ""opponent_deck_pressure"": 1, ""repeated_attack"": 1, ""resource_loop"": 2, ""tempo"": 1}",attack_permission,打点形成,direct_attack_winへの状態変換候補です。seed=ベイB パオパオ。作れている状態は board:+1 / damage_pressure:+3 / graveyard:+1 / hand:+1 / loop_output_to_win:+1 / mana:+1 / opponent_deck_pressure:+1 / repeated_attack:+1 / resource_loop:+2 / tempo:+1。不足は attack_permission。次は 打点形成 を探します。,1,1
proof_based direct_attack_win #3,proof_based,direct_attack_win,67,ベイB パオパオ / こたつむり,ベイB パオパオ (board:+1 / damage_pressure:+3 / graveyard:+1 / hand:+1 / loop_output_to_win:+1 / mana:+1 / opponent_deck_pressure:+1 / repeated_attack:+1 / resource_loop:+2 / tempo:+1) -> こたつむり (attack_permission:-2 / board:+1 / damage_pressure:+3 / defense:+1 / loop_output_to_win:+1 / opponent_action_lock:+1 / repeated_attack:+1) -> direct_attack_win (attack_permission:-2 / board:+2 / damage_pressure:+6 / defense:+1 / graveyard:+1 / hand:+1 / loop_output_to_win:+2 / mana:+1 / opponent_action_lock:+1 / opponent_deck_pressure:+1 / repeated_attack:+2 / resource_loop:+2 / tempo:+1),"{""attack_permission"": -2, ""board"": 2, ""damage_pressure"": 6, ""defense"": 1, ""graveyard"": 1, ""hand"": 1, ""loop_output_to_win"": 2, ""mana"": 1, ""opponent_action_lock"": 1, ""opponent_deck_pressure"": 1, ""repeated_attack"": 2, ""resource_loop"": 2, ""tempo"": 1}",attack_permission,打点形成,direct_attack_winへの状態変換候補です。seed=ベイB パオパオ / こたつむり。作れている状態は attack_permission:-2 / board:+2 / damage_pressure:+6 / defense:+1 / graveyard:+1 / hand:+1 / loop_output_to_win:+2 / mana:+1 / opponent_action_lock:+1 / opponent_deck_pressure:+1 / repeated_attack:+2 / resource_loop:+2 / tempo:+1。不足は attack_permission。次は 打点形成 を探します。,3,2
proof_based direct_attack_win #4,proof_based,direct_attack_win,67,ベイB パオパオ / ザ・ユニバース・ゲート,resource_loop(existing) -> ベイB パオパオ (board:+1 / damage_pressure:+3 / graveyard:+1 / hand:+1 / loop_output_to_win:+1 / mana:+1 / opponent_deck_pressure:+1 / repeated_attack:+1 / resource_loop:+2 / tempo:+1) -> ザ・ユニバース・ゲート (action_window:+2 / alternate_win_progress:+3 / extra_turn:+1 / graveyard:+1 / loop_output_to_win:+1 / opponent_deck_pressure:+1 / resource_loop:+1 / tempo:+3 / terminal_win:+1 / turn_count:+2 / win_progress:+4) -> direct_attack_win (action_window:+2 / alternate_win_progress:+3 / board:+1 / damage_pressure:+3 / extra_turn:+1 / graveyard:+2 / hand:+1 / loop_output_to_win:+2 / mana:+1 / opponent_deck_pressure:+2 / repeated_attack:+1 / resource_loop:+3 / tempo:+4 / terminal_win:+1 / turn_count:+2 / win_progress:+4),"{""action_window"": 2, ""alternate_win_progress"": 3, ""board"": 1, ""damage_pressure"": 3, ""extra_turn"": 1, ""graveyard"": 2, ""hand"": 1, ""loop_output_to_win"": 2, ""mana"": 1, ""opponent_deck_pressure"": 2, ""repeated_attack"": 1, ""resource_loop"": 3, ""tempo"": 4, ""terminal_win"": 1, ""turn_count"": 2, ""win_progress"": 4}",attack_permission,打点形成,direct_attack_winへの状態変換候補です。seed=ベイB パオパオ / ザ・ユニバース・ゲート。作れている状態は action_window:+2 / alternate_win_progress:+3 / board:+1 / damage_pressure:+3 / extra_turn:+1 / graveyard:+2 / hand:+1 / loop_output_to_win:+2 / mana:+1 / opponent_deck_pressure:+2 / repeated_attack:+1 / resource_loop:+3 / tempo:+4 / terminal_win:+1 / turn_count:+2 / win_progress:+4。不足は attack_permission。次は 打点形成 を探します。,7,2
proof_based direct_attack_win #5,proof_based,direct_attack_win,67,ベイB パオパオ / 奇石 ミクセル/ジャミング・チャフ,resource_loop(existing) -> ベイB パオパオ (board:+1 / damage_pressure:+3 / graveyard:+1 / hand:+1 / loop_output_to_win:+1 / mana:+1 / opponent_deck_pressure:+1 / repeated_attack:+1 / resource_loop:+2 / tempo:+1) -> 奇石 ミクセル/ジャミング・チャフ (board:+1 / cast_permission:-2 / damage_pressure:+1 / disruption:+2 / loop_output_to_win:+1 / opponent_action_lock:+2 / opponent_deck_pressure:+1 / resource_loop:+1) -> direct_attack_win (board:+2 / cast_permission:-2 / damage_pressure:+4 / disruption:+2 / graveyard:+1 / hand:+1 / loop_output_to_win:+2 / mana:+1 / opponent_action_lock:+2 / opponent_deck_pressure:+2 / repeated_attack:+1 / resource_loop:+3 / tempo:+1),"{""board"": 2, ""cast_permission"": -2, ""damage_pressure"": 4, ""disruption"": 2, ""graveyard"": 1, ""hand"": 1, ""loop_output_to_win"": 2, ""mana"": 1, ""opponent_action_lock"": 2, ""opponent_deck_pressure"": 2, ""repeated_attack"": 1, ""resource_loop"": 3, ""tempo"": 1}",attack_permission,打点形成,direct_attack_winへの状態変換候補です。seed=ベイB パオパオ / 奇石 ミクセル/ジャミング・チャフ。作れている状態は board:+2 / cast_permission:-2 / damage_pressure:+4 / disruption:+2 / graveyard:+1 / hand:+1 / loop_output_to_win:+2 / mana:+1 / opponent_action_lock:+2 / opponent_deck_pressure:+2 / repeated_attack:+1 / resource_loop:+3 / tempo:+1。不足は attack_permission。次は 打点形成 を探します。,3,2
proof_based direct_attack_win #6,proof_based,direct_attack_win,67,ベイB パオパオ / 制御の翼 オリオティス,resource_loop(existing) -> ベイB パオパオ (board:+1 / damage_pressure:+3 / graveyard:+1 / hand:+1 / loop_output_to_win:+1 / mana:+1 / opponent_deck_pressure:+1 / repeated_attack:+1 / resource_loop:+2 / tempo:+1) -> 制御の翼 オリオティス (attack_permission:-2 / board:+1 / damage_pressure:+1 / defense:+1 / loop_output_to_win:+1 / opponent_action_lock:+1 / opponent_deck_pressure:+1 / resource_loop:+1) -> direct_attack_win (attack_permission:-2 / board:+2 / damage_pressure:+4 / defense:+1 / graveyard:+1 / hand:+1 / loop_output_to_win:+2 / mana:+1 / opponent_action_lock:+1 / opponent_deck_pressure:+2 / repeated_attack:+1 / resource_loop:+3 / tempo:+1),"{""attack_permission"": -2, ""board"": 2, ""damage_pressure"": 4, ""defense"": 1, ""graveyard"": 1, ""hand"": 1, ""loop_output_to_win"": 2, ""mana"": 1, ""opponent_action_lock"": 1, ""opponent_deck_pressure"": 2, ""repeated_attack"": 1, ""resource_loop"": 3, ""tempo"": 1}",attack_permission,打点形成,direct_attack_winへの状態変換候補です。seed=ベイB パオパオ / 制御の翼 オリオティス。作れている状態は attack_permission:-2 / board:+2 / damage_pressure:+4 / defense:+1 / graveyard:+1 / hand:+1 / loop_output_to_win:+2 / mana:+1 / opponent_action_lock:+1 / opponent_deck_pressure:+2 / repeated_attack:+1 / resource_loop:+3 / tempo:+1。不足は attack_permission。次は 打点形成 を探します。,3,2
proof_based direct_attack_win #7,proof_based,direct_attack_win,67,D2B バブール / ザ・ユニバース・ゲート,resource_loop(existing) -> D2B バブール (board:+1 / damage_pressure:+3 / graveyard:+1 / hand:+1 / loop_output_to_win:+1 / opponent_deck_pressure:+1 / repeated_attack:+1) -> ザ・ユニバース・ゲート (action_window:+2 / alternate_win_progress:+3 / extra_turn:+1 / graveyard:+1 / loop_output_to_win:+1 / opponent_deck_pressure:+1 / resource_loop:+1 / tempo:+3 / terminal_win:+1 / turn_count:+2 / win_progress:+4) -> direct_attack_win (action_window:+2 / alternate_win_progress:+3 / board:+1 / damage_pressure:+3 / extra_turn:+1 / graveyard:+2 / hand:+1 / loop_output_to_win:+2 / opponent_deck_pressure:+2 / repeated_attack:+1 / resource_loop:+1 / tempo:+3 / terminal_win:+1 / turn_count:+2 / win_progress:+4),"{""action_window"": 2, ""alternate_win_progress"": 3, ""board"": 1, ""damage_pressure"": 3, ""extra_turn"": 1, ""graveyard"": 2, ""hand"": 1, ""loop_output_to_win"": 2, ""opponent_deck_pressure"": 2, ""repeated_attack"": 1, ""resource_loop"": 1, ""tempo"": 3, ""terminal_win"": 1, ""turn_count"": 2, ""win_progress"": 4}",attack_permission,打点形成,direct_attack_winへの状態変換候補です。seed=D2B バブール / ザ・ユニバース・ゲート。作れている状態は action_window:+2 / alternate_win_progress:+3 / board:+1 / damage_pressure:+3 / extra_turn:+1 / graveyard:+2 / hand:+1 / loop_output_to_win:+2 / opponent_deck_pressure:+2 / repeated_attack:+1 / resource_loop:+1 / tempo:+3 / terminal_win:+1 / turn_count:+2 / win_progress:+4。不足は attack_permission。次は 打点形成 を探します。,7,2
proof_based direct_attack_win #8,proof_based,direct_attack_win,67,こたつむり / ベイB パオパオ,resource_loop(existing) -> こたつむり (attack_permission:-2 / board:+1 / damage_pressure:+3 / defense:+1 / loop_output_to_win:+1 / opponent_action_lock:+1 / repeated_attack:+1) -> ベイB パオパオ (board:+1 / damage_pressure:+3 / graveyard:+1 / hand:+1 / loop_output_to_win:+1 / mana:+1 / opponent_deck_pressure:+1 / repeated_attack:+1 / resource_loop:+2 / tempo:+1) -> direct_attack_win (attack_permission:-2 / board:+2 / damage_pressure:+6 / defense:+1 / graveyard:+1 / hand:+1 / loop_output_to_win:+2 / mana:+1 / opponent_action_lock:+1 / opponent_deck_pressure:+1 / repeated_attack:+2 / resource_loop:+2 / tempo:+1),"{""attack_permission"": -2, ""board"": 2, ""damage_pressure"": 6, ""defense"": 1, ""graveyard"": 1, ""hand"": 1, ""loop_output_to_win"": 2, ""mana"": 1, ""opponent_action_lock"": 1, ""opponent_deck_pressure"": 1, ""repeated_attack"": 2, ""resource_loop"": 2, ""tempo"": 1}",attack_permission,打点形成,direct_attack_winへの状態変換候補です。seed=こたつむり / ベイB パオパオ。作れている状態は attack_permission:-2 / board:+2 / damage_pressure:+6 / defense:+1 / graveyard:+1 / hand:+1 / loop_output_to_win:+2 / mana:+1 / opponent_action_lock:+1 / opponent_deck_pressure:+1 / repeated_attack:+2 / resource_loop:+2 / tempo:+1。不足は attack_permission。次は 打点形成 を探します。,3,2
proof_based damage_overflow_win #1,proof_based,damage_overflow_win,100,運命の選択,運命の選択 (action_window:+1 / board:+1 / damage_pressure:+5 / loop_output_to_win:+1 / repeated_attack:+1 / resource_loop:+2 / summon_permission:+1 / tempo:+3) -> damage_overflow_win (action_window:+1 / board:+1 / damage_pressure:+5 / loop_output_to_win:+1 / repeated_attack:+1 / resource_loop:+2 / summon_permission:+1 / tempo:+3),"{""action_window"": 1, ""board"": 1, ""damage_pressure"": 5, ""loop_output_to_win"": 1, ""repeated_attack"": 1, ""resource_loop"": 2, ""summon_permission"": 1, ""tempo"": 3}",,,damage_overflow_winの必須状態を満たす勝利証明候補です。seed=運命の選択。作れている状態は action_window:+1 / board:+1 / damage_pressure:+5 / loop_output_to_win:+1 / repeated_attack:+1 / resource_loop:+2 / summon_permission:+1 / tempo:+3。,4,1
proof_based damage_overflow_win #2,proof_based,damage_overflow_win,100,ベイB パオパオ,ベイB パオパオ (board:+1 / damage_pressure:+3 / graveyard:+1 / hand:+1 / loop_output_to_win:+1 / mana:+1 / opponent_deck_pressure:+1 / repeated_attack:+1 / resource_loop:+2 / tempo:+1) -> damage_overflow_win (board:+1 / damage_pressure:+3 / graveyard:+1 / hand:+1 / loop_output_to_win:+1 / mana:+1 / opponent_deck_pressure:+1 / repeated_attack:+1 / resource_loop:+2 / tempo:+1),"{""board"": 1, ""damage_pressure"": 3, ""graveyard"": 1, ""hand"": 1, ""loop_output_to_win"": 1, ""mana"": 1, ""opponent_deck_pressure"": 1, ""repeated_attack"": 1, ""resource_loop"": 2, ""tempo"": 1}",,,damage_overflow_winの必須状態を満たす勝利証明候補です。seed=ベイB パオパオ。作れている状態は board:+1 / damage_pressure:+3 / graveyard:+1 / hand:+1 / loop_output_to_win:+1 / mana:+1 / opponent_deck_pressure:+1 / repeated_attack:+1 / resource_loop:+2 / tempo:+1。,1,1
proof_based damage_overflow_win #3,proof_based,damage_overflow_win,100,眠りの森のメイ様,眠りの森のメイ様 (board:+1 / board_persistence:+2 / damage_pressure:+3 / graveyard:+1 / loop_output_to_win:+1 / mana:+1 / opponent_deck_pressure:+1 / repeated_attack:+1 / replacement_destroy:+1 / resource_loop:+2 / tempo:+1) -> damage_overflow_win (board:+1 / board_persistence:+2 / damage_pressure:+3 / graveyard:+1 / loop_output_to_win:+1 / mana:+1 / opponent_deck_pressure:+1 / repeated_attack:+1 / replacement_destroy:+1 / resource_loop:+2 / tempo:+1),"{""board"": 1, ""board_persistence"": 2, ""damage_pressure"": 3, ""graveyard"": 1, ""loop_output_to_win"": 1, ""mana"": 1, ""opponent_deck_pressure"": 1, ""repeated_attack"": 1, ""replacement_destroy"": 1, ""resource_loop"": 2, ""tempo"": 1}",,,damage_overflow_winの必須状態を満たす勝利証明候補です。seed=眠りの森のメイ様。作れている状態は board:+1 / board_persistence:+2 / damage_pressure:+3 / graveyard:+1 / loop_output_to_win:+1 / mana:+1 / opponent_deck_pressure:+1 / repeated_attack:+1 / replacement_destroy:+1 / resource_loop:+2 / tempo:+1。,4,1
proof_based damage_overflow_win #4,proof_based,damage_overflow_win,100,運命の選択 / 機真装甲ヴァルドリル,運命の選択 (action_window:+1 / board:+1 / damage_pressure:+5 / loop_output_to_win:+1 / repeated_attack:+1 / resource_loop:+2 / summon_permission:+1 / tempo:+3) -> 機真装甲ヴァルドリル (board:+1 / damage_pressure:+5 / loop_output_to_win:+1 / repeated_attack:+1 / tempo:+1) -> damage_overflow_win (action_window:+1 / board:+2 / damage_pressure:+10 / loop_output_to_win:+2 / repeated_attack:+2 / resource_loop:+2 / summon_permission:+1 / tempo:+4),"{""action_window"": 1, ""board"": 2, ""damage_pressure"": 10, ""loop_output_to_win"": 2, ""repeated_attack"": 2, ""resource_loop"": 2, ""summon_permission"": 1, ""tempo"": 4}",,,damage_overflow_winの必須状態を満たす勝利証明候補です。seed=運命の選択 / 機真装甲ヴァルドリル。作れている状態は action_window:+1 / board:+2 / damage_pressure:+10 / loop_output_to_win:+2 / repeated_attack:+2 / resource_loop:+2 / summon_permission:+1 / tempo:+4。,8,2
proof_based damage_overflow_win #5,proof_based,damage_overflow_win,100,運命の選択 / 風の1号 ハムカツマン,運命の選択 (action_window:+1 / board:+1 / damage_pressure:+5 / loop_output_to_win:+1 / repeated_attack:+1 / resource_loop:+2 / summon_permission:+1 / tempo:+3) -> 風の1号 ハムカツマン (board:+1 / damage_pressure:+4 / graveyard:+1 / loop_output_to_win:+1 / mana:+1 / opponent_deck_pressure:+1 / tempo:+2) -> damage_overflow_win (action_window:+1 / board:+2 / damage_pressure:+9 / graveyard:+1 / loop_output_to_win:+2 / mana:+1 / opponent_deck_pressure:+1 / repeated_attack:+1 / resource_loop:+2 / summon_permission:+1 / tempo:+5),"{""action_window"": 1, ""board"": 2, ""damage_pressure"": 9, ""graveyard"": 1, ""loop_output_to_win"": 2, ""mana"": 1, ""opponent_deck_pressure"": 1, ""repeated_attack"": 1, ""resource_loop"": 2, ""summon_permission"": 1, ""tempo"": 5}",,,damage_overflow_winの必須状態を満たす勝利証明候補です。seed=運命の選択 / 風の1号 ハムカツマン。作れている状態は action_window:+1 / board:+2 / damage_pressure:+9 / graveyard:+1 / loop_output_to_win:+2 / mana:+1 / opponent_deck_pressure:+1 / repeated_attack:+1 / resource_loop:+2 / summon_permission:+1 / tempo:+5。,7,2
proof_based damage_overflow_win #6,proof_based,damage_overflow_win,100,運命の選択 / 漆黒の猛虎 チェイサー,運命の選択 (action_window:+1 / board:+1 / damage_pressure:+5 / loop_output_to_win:+1 / repeated_attack:+1 / resource_loop:+2 / summon_permission:+1 / tempo:+3) -> 漆黒の猛虎 チェイサー (board:+1 / damage_pressure:+4 / graveyard:+1 / loop_output_to_win:+1 / opponent_deck_pressure:+1 / tempo:+1) -> damage_overflow_win (action_window:+1 / board:+2 / damage_pressure:+9 / graveyard:+1 / loop_output_to_win:+2 / opponent_deck_pressure:+1 / repeated_attack:+1 / resource_loop:+2 / summon_permission:+1 / tempo:+4),"{""action_window"": 1, ""board"": 2, ""damage_pressure"": 9, ""graveyard"": 1, ""loop_output_to_win"": 2, ""opponent_deck_pressure"": 1, ""repeated_attack"": 1, ""resource_loop"": 2, ""summon_permission"": 1, ""tempo"": 4}",,,damage_overflow_winの必須状態を満たす勝利証明候補です。seed=運命の選択 / 漆黒の猛虎 チェイサー。作れている状態は action_window:+1 / board:+2 / damage_pressure:+9 / graveyard:+1 / loop_output_to_win:+2 / opponent_deck_pressure:+1 / repeated_attack:+1 / resource_loop:+2 / summon_permission:+1 / tempo:+4。,6,2
proof_based damage_overflow_win #7,proof_based,damage_overflow_win,100,運命の選択 / 爆冒険 キルホルマン,運命の選択 (action_window:+1 / board:+1 / damage_pressure:+5 / loop_output_to_win:+1 / repeated_attack:+1 / resource_loop:+2 / summon_permission:+1 / tempo:+3) -> 爆冒険 キルホルマン (board:+1 / damage_pressure:+4 / graveyard:+1 / loop_output_to_win:+1 / opponent_deck_pressure:+1 / tempo:+1) -> damage_overflow_win (action_window:+1 / board:+2 / damage_pressure:+9 / graveyard:+1 / loop_output_to_win:+2 / opponent_deck_pressure:+1 / repeated_attack:+1 / resource_loop:+2 / summon_permission:+1 / tempo:+4),"{""action_window"": 1, ""board"": 2, ""damage_pressure"": 9, ""graveyard"": 1, ""loop_output_to_win"": 2, ""opponent_deck_pressure"": 1, ""repeated_attack"": 1, ""resource_loop"": 2, ""summon_permission"": 1, ""tempo"": 4}",,,damage_overflow_winの必須状態を満たす勝利証明候補です。seed=運命の選択 / 爆冒険 キルホルマン。作れている状態は action_window:+1 / board:+2 / damage_pressure:+9 / graveyard:+1 / loop_output_to_win:+2 / opponent_deck_pressure:+1 / repeated_attack:+1 / resource_loop:+2 / summon_permission:+1 / tempo:+4。,6,2
proof_based damage_overflow_win #8,proof_based,damage_overflow_win,100,運命の選択 / 超速レーサー・パラリラ,運命の選択 (action_window:+1 / board:+1 / damage_pressure:+5 / loop_output_to_win:+1 / repeated_attack:+1 / resource_loop:+2 / summon_permission:+1 / tempo:+3) -> 超速レーサー・パラリラ (board:+1 / damage_pressure:+4 / loop_output_to_win:+1 / tempo:+1) -> damage_overflow_win (action_window:+1 / board:+2 / damage_pressure:+9 / loop_output_to_win:+2 / repeated_attack:+1 / resource_loop:+2 / summon_permission:+1 / tempo:+4),"{""action_window"": 1, ""board"": 2, ""damage_pressure"": 9, ""loop_output_to_win"": 2, ""repeated_attack"": 1, ""resource_loop"": 2, ""summon_permission"": 1, ""tempo"": 4}",,,damage_overflow_winの必須状態を満たす勝利証明候補です。seed=運命の選択 / 超速レーサー・パラリラ。作れている状態は action_window:+1 / board:+2 / damage_pressure:+9 / loop_output_to_win:+2 / repeated_attack:+1 / resource_loop:+2 / summon_permission:+1 / tempo:+4。,6,2
proof_based alternate_effect_win #1,proof_based,alternate_effect_win,84,ケロヨン・カルテット / チェレンコ,resource_loop(existing) -> ケロヨン・カルテット (alternate_win_progress:+6 / board_persistence:+2 / defense:+1 / disruption:+2 / hand:+1 / loop_output_to_win:+1 / replacement_destroy:+1 / resource_loop:+1 / terminal_win:+1 / win_progress:+5) -> チェレンコ (board:+1 / damage_pressure:+1 / defense:+3 / disruption:+2 / graveyard:+1 / loop_output_to_win:+1 / opponent_deck_pressure:+1 / resource_loop:+1 / shield:+1) -> alternate_effect_win (alternate_win_progress:+6 / board:+1 / board_persistence:+2 / damage_pressure:+1 / defense:+4 / disruption:+4 / graveyard:+1 / hand:+1 / loop_output_to_win:+2 / opponent_deck_pressure:+1 / replacement_destroy:+1 / resource_loop:+2 / shield:+1 / terminal_win:+1 / win_progress:+5),"{""alternate_win_progress"": 6, ""board"": 1, ""board_persistence"": 2, ""damage_pressure"": 1, ""defense"": 4, ""disruption"": 4, ""graveyard"": 1, ""hand"": 1, ""loop_output_to_win"": 2, ""opponent_deck_pressure"": 1, ""replacement_destroy"": 1, ""resource_loop"": 2, ""shield"": 1, ""terminal_win"": 1, ""win_progress"": 5}",,,alternate_effect_winの必須状態を満たす勝利証明候補です。seed=ケロヨン・カルテット / チェレンコ。作れている状態は alternate_win_progress:+6 / board:+1 / board_persistence:+2 / damage_pressure:+1 / defense:+4 / disruption:+4 / graveyard:+1 / hand:+1 / loop_output_to_win:+2 / opponent_deck_pressure:+1 / replacement_destroy:+1 / resource_loop:+2 / shield:+1 / terminal_win:+1 / win_progress:+5。,6,2
proof_based alternate_effect_win #2,proof_based,alternate_effect_win,84,ケロヨン・カルテット / セツナノ裁徒,ケロヨン・カルテット (alternate_win_progress:+6 / board_persistence:+2 / defense:+1 / disruption:+2 / hand:+1 / loop_output_to_win:+1 / replacement_destroy:+1 / resource_loop:+1 / terminal_win:+1 / win_progress:+5) -> セツナノ裁徒 (board:+1 / damage_pressure:+1 / defense:+2 / graveyard:+1 / loop_output_to_win:+1 / opponent_deck_pressure:+1 / shield:+1) -> alternate_effect_win (alternate_win_progress:+6 / board:+1 / board_persistence:+2 / damage_pressure:+1 / defense:+3 / disruption:+2 / graveyard:+1 / hand:+1 / loop_output_to_win:+2 / opponent_deck_pressure:+1 / replacement_destroy:+1 / resource_loop:+1 / shield:+1 / terminal_win:+1 / win_progress:+5),"{""alternate_win_progress"": 6, ""board"": 1, ""board_persistence"": 2, ""damage_pressure"": 1, ""defense"": 3, ""disruption"": 2, ""graveyard"": 1, ""hand"": 1, ""loop_output_to_win"": 2, ""opponent_deck_pressure"": 1, ""replacement_destroy"": 1, ""resource_loop"": 1, ""shield"": 1, ""terminal_win"": 1, ""win_progress"": 5}",,,alternate_effect_winの必須状態を満たす勝利証明候補です。seed=ケロヨン・カルテット / セツナノ裁徒。作れている状態は alternate_win_progress:+6 / board:+1 / board_persistence:+2 / damage_pressure:+1 / defense:+3 / disruption:+2 / graveyard:+1 / hand:+1 / loop_output_to_win:+2 / opponent_deck_pressure:+1 / replacement_destroy:+1 / resource_loop:+1 / shield:+1 / terminal_win:+1 / win_progress:+5。,6,2
proof_based alternate_effect_win #3,proof_based,alternate_effect_win,84,チェレンコ / ケロヨン・カルテット,resource_loop(existing) -> チェレンコ (board:+1 / damage_pressure:+1 / defense:+3 / disruption:+2 / graveyard:+1 / loop_output_to_win:+1 / opponent_deck_pressure:+1 / resource_loop:+1 / shield:+1) -> ケロヨン・カルテット (alternate_win_progress:+6 / board_persistence:+2 / defense:+1 / disruption:+2 / hand:+1 / loop_output_to_win:+1 / replacement_destroy:+1 / resource_loop:+1 / terminal_win:+1 / win_progress:+5) -> alternate_effect_win (alternate_win_progress:+6 / board:+1 / board_persistence:+2 / damage_pressure:+1 / defense:+4 / disruption:+4 / graveyard:+1 / hand:+1 / loop_output_to_win:+2 / opponent_deck_pressure:+1 / replacement_destroy:+1 / resource_loop:+2 / shield:+1 / terminal_win:+1 / win_progress:+5),"{""alternate_win_progress"": 6, ""board"": 1, ""board_persistence"": 2, ""damage_pressure"": 1, ""defense"": 4, ""disruption"": 4, ""graveyard"": 1, ""hand"": 1, ""loop_output_to_win"": 2, ""opponent_deck_pressure"": 1, ""replacement_destroy"": 1, ""resource_loop"": 2, ""shield"": 1, ""terminal_win"": 1, ""win_progress"": 5}",,,alternate_effect_winの必須状態を満たす勝利証明候補です。seed=チェレンコ / ケロヨン・カルテット。作れている状態は alternate_win_progress:+6 / board:+1 / board_persistence:+2 / damage_pressure:+1 / defense:+4 / disruption:+4 / graveyard:+1 / hand:+1 / loop_output_to_win:+2 / opponent_deck_pressure:+1 / replacement_destroy:+1 / resource_loop:+2 / shield:+1 / terminal_win:+1 / win_progress:+5。,6,2
proof_based alternate_effect_win #4,proof_based,alternate_effect_win,83,ザ・ユニバース・ゲート / ベイB パオパオ,resource_loop(existing) -> ザ・ユニバース・ゲート (action_window:+2 / alternate_win_progress:+3 / extra_turn:+1 / graveyard:+1 / loop_output_to_win:+1 / opponent_deck_pressure:+1 / resource_loop:+1 / tempo:+3 / terminal_win:+1 / turn_count:+2 / win_progress:+4) -> ベイB パオパオ (board:+1 / damage_pressure:+3 / graveyard:+1 / hand:+1 / loop_output_to_win:+1 / mana:+1 / opponent_deck_pressure:+1 / repeated_attack:+1 / resource_loop:+2 / tempo:+1) -> alternate_effect_win (action_window:+2 / alternate_win_progress:+3 / board:+1 / damage_pressure:+3 / extra_turn:+1 / graveyard:+2 / hand:+1 / loop_output_to_win:+2 / mana:+1 / opponent_deck_pressure:+2 / repeated_attack:+1 / resource_loop:+3 / tempo:+4 / terminal_win:+1 / turn_count:+2 / win_progress:+4),"{""action_window"": 2, ""alternate_win_progress"": 3, ""board"": 1, ""damage_pressure"": 3, ""extra_turn"": 1, ""graveyard"": 2, ""hand"": 1, ""loop_output_to_win"": 2, ""mana"": 1, ""opponent_deck_pressure"": 2, ""repeated_attack"": 1, ""resource_loop"": 3, ""tempo"": 4, ""terminal_win"": 1, ""turn_count"": 2, ""win_progress"": 4}",,,alternate_effect_winの必須状態を満たす勝利証明候補です。seed=ザ・ユニバース・ゲート / ベイB パオパオ。作れている状態は action_window:+2 / alternate_win_progress:+3 / board:+1 / damage_pressure:+3 / extra_turn:+1 / graveyard:+2 / hand:+1 / loop_output_to_win:+2 / mana:+1 / opponent_deck_pressure:+2 / repeated_attack:+1 / resource_loop:+3 / tempo:+4 / terminal_win:+1 / turn_count:+2 / win_progress:+4。,7,2
proof_based alternate_effect_win #5,proof_based,alternate_effect_win,83,ザ・ユニバース・ゲート / ベイB ポレポレ,resource_loop(existing) -> ザ・ユニバース・ゲート (action_window:+2 / alternate_win_progress:+3 / extra_turn:+1 / graveyard:+1 / loop_output_to_win:+1 / opponent_deck_pressure:+1 / resource_loop:+1 / tempo:+3 / terminal_win:+1 / turn_count:+2 / win_progress:+4) -> ベイB ポレポレ (board:+1 / damage_pressure:+3 / hand:+1 / loop_output_to_win:+1 / repeated_attack:+1 / resource_loop:+2) -> alternate_effect_win (action_window:+2 / alternate_win_progress:+3 / board:+1 / damage_pressure:+3 / extra_turn:+1 / graveyard:+1 / hand:+1 / loop_output_to_win:+2 / opponent_deck_pressure:+1 / repeated_attack:+1 / resource_loop:+3 / tempo:+3 / terminal_win:+1 / turn_count:+2 / win_progress:+4),"{""action_window"": 2, ""alternate_win_progress"": 3, ""board"": 1, ""damage_pressure"": 3, ""extra_turn"": 1, ""graveyard"": 1, ""hand"": 1, ""loop_output_to_win"": 2, ""opponent_deck_pressure"": 1, ""repeated_attack"": 1, ""resource_loop"": 3, ""tempo"": 3, ""terminal_win"": 1, ""turn_count"": 2, ""win_progress"": 4}",,,alternate_effect_winの必須状態を満たす勝利証明候補です。seed=ザ・ユニバース・ゲート / ベイB ポレポレ。作れている状態は action_window:+2 / alternate_win_progress:+3 / board:+1 / damage_pressure:+3 / extra_turn:+1 / graveyard:+1 / hand:+1 / loop_output_to_win:+2 / opponent_deck_pressure:+1 / repeated_attack:+1 / resource_loop:+3 / tempo:+3 / terminal_win:+1 / turn_count:+2 / win_progress:+4。,7,2
proof_based alternate_effect_win #6,proof_based,alternate_effect_win,83,ザ・ユニバース・ゲート / ベイB ソーター,resource_loop(existing) -> ザ・ユニバース・ゲート (action_window:+2 / alternate_win_progress:+3 / extra_turn:+1 / graveyard:+1 / loop_output_to_win:+1 / opponent_deck_pressure:+1 / resource_loop:+1 / tempo:+3 / terminal_win:+1 / turn_count:+2 / win_progress:+4) -> ベイB ソーター (board:+1 / damage_pressure:+3 / hand:+1 / loop_output_to_win:+1 / repeated_attack:+1 / resource_loop:+2) -> alternate_effect_win (action_window:+2 / alternate_win_progress:+3 / board:+1 / damage_pressure:+3 / extra_turn:+1 / graveyard:+1 / hand:+1 / loop_output_to_win:+2 / opponent_deck_pressure:+1 / repeated_attack:+1 / resource_loop:+3 / tempo:+3 / terminal_win:+1 / turn_count:+2 / win_progress:+4),"{""action_window"": 2, ""alternate_win_progress"": 3, ""board"": 1, ""damage_pressure"": 3, ""extra_turn"": 1, ""graveyard"": 1, ""hand"": 1, ""loop_output_to_win"": 2, ""opponent_deck_pressure"": 1, ""repeated_attack"": 1, ""resource_loop"": 3, ""tempo"": 3, ""terminal_win"": 1, ""turn_count"": 2, ""win_progress"": 4}",,,alternate_effect_winの必須状態を満たす勝利証明候補です。seed=ザ・ユニバース・ゲート / ベイB ソーター。作れている状態は action_window:+2 / alternate_win_progress:+3 / board:+1 / damage_pressure:+3 / extra_turn:+1 / graveyard:+1 / hand:+1 / loop_output_to_win:+2 / opponent_deck_pressure:+1 / repeated_attack:+1 / resource_loop:+3 / tempo:+3 / terminal_win:+1 / turn_count:+2 / win_progress:+4。,7,2
proof_based alternate_effect_win #7,proof_based,alternate_effect_win,83,ザ・ユニバース・ゲート / ベイB クッジャ,resource_loop(existing) -> ザ・ユニバース・ゲート (action_window:+2 / alternate_win_progress:+3 / extra_turn:+1 / graveyard:+1 / loop_output_to_win:+1 / opponent_deck_pressure:+1 / resource_loop:+1 / tempo:+3 / terminal_win:+1 / turn_count:+2 / win_progress:+4) -> ベイB クッジャ (board:+1 / damage_pressure:+3 / hand:+1 / loop_output_to_win:+1 / repeated_attack:+1 / resource_loop:+2) -> alternate_effect_win (action_window:+2 / alternate_win_progress:+3 / board:+1 / damage_pressure:+3 / extra_turn:+1 / graveyard:+1 / hand:+1 / loop_output_to_win:+2 / opponent_deck_pressure:+1 / repeated_attack:+1 / resource_loop:+3 / tempo:+3 / terminal_win:+1 / turn_count:+2 / win_progress:+4),"{""action_window"": 2, ""alternate_win_progress"": 3, ""board"": 1, ""damage_pressure"": 3, ""extra_turn"": 1, ""graveyard"": 1, ""hand"": 1, ""loop_output_to_win"": 2, ""opponent_deck_pressure"": 1, ""repeated_attack"": 1, ""resource_loop"": 3, ""tempo"": 3, ""terminal_win"": 1, ""turn_count"": 2, ""win_progress"": 4}",,,alternate_effect_winの必須状態を満たす勝利証明候補です。seed=ザ・ユニバース・ゲート / ベイB クッジャ。作れている状態は action_window:+2 / alternate_win_progress:+3 / board:+1 / damage_pressure:+3 / extra_turn:+1 / graveyard:+1 / hand:+1 / loop_output_to_win:+2 / opponent_deck_pressure:+1 / repeated_attack:+1 / resource_loop:+3 / tempo:+3 / terminal_win:+1 / turn_count:+2 / win_progress:+4。,7,2
proof_based alternate_effect_win #8,proof_based,alternate_effect_win,83,ザ・ユニバース・ゲート / D2B バブール,ザ・ユニバース・ゲート (action_window:+2 / alternate_win_progress:+3 / extra_turn:+1 / graveyard:+1 / loop_output_to_win:+1 / opponent_deck_pressure:+1 / resource_loop:+1 / tempo:+3 / terminal_win:+1 / turn_count:+2 / win_progress:+4) -> D2B バブール (board:+1 / damage_pressure:+3 / graveyard:+1 / hand:+1 / loop_output_to_win:+1 / opponent_deck_pressure:+1 / repeated_attack:+1) -> alternate_effect_win (action_window:+2 / alternate_win_progress:+3 / board:+1 / damage_pressure:+3 / extra_turn:+1 / graveyard:+2 / hand:+1 / loop_output_to_win:+2 / opponent_deck_pressure:+2 / repeated_attack:+1 / resource_loop:+1 / tempo:+3 / terminal_win:+1 / turn_count:+2 / win_progress:+4),"{""action_window"": 2, ""alternate_win_progress"": 3, ""board"": 1, ""damage_pressure"": 3, ""extra_turn"": 1, ""graveyard"": 2, ""hand"": 1, ""loop_output_to_win"": 2, ""opponent_deck_pressure"": 2, ""repeated_attack"": 1, ""resource_loop"": 1, ""tempo"": 3, ""terminal_win"": 1, ""turn_count"": 2, ""win_progress"": 4}",,,alternate_effect_winの必須状態を満たす勝利証明候補です。seed=ザ・ユニバース・ゲート / D2B バブール。作れている状態は action_window:+2 / alternate_win_progress:+3 / board:+1 / damage_pressure:+3 / extra_turn:+1 / graveyard:+2 / hand:+1 / loop_output_to_win:+2 / opponent_deck_pressure:+2 / repeated_attack:+1 / resource_loop:+1 / tempo:+3 / terminal_win:+1 / turn_count:+2 / win_progress:+4。,7,2
proof_based opponent_deckout_win #1,proof_based,opponent_deckout_win,86,栄光の翼 バロンアルデ / 天斬の悪魔龍 ジュランデス,resource_loop(existing) -> 栄光の翼 バロンアルデ (attack_permission:-2 / board:+1 / damage_pressure:+1 / defense:+1 / graveyard:+1 / loop_output_to_win:+1 / mana:+1 / opponent_action_lock:+1 / opponent_deck_pressure:+2 / tempo:+1) -> 天斬の悪魔龍 ジュランデス (board:+1 / damage_pressure:+3 / disruption:+3 / loop_output_to_win:+1 / repeated_attack:+1 / resource_loop:+2 / zone_change_permission:+1) -> opponent_deckout_win (attack_permission:-2 / board:+2 / damage_pressure:+4 / defense:+1 / disruption:+3 / graveyard:+1 / loop_output_to_win:+2 / mana:+1 / opponent_action_lock:+1 / opponent_deck_pressure:+2 / repeated_attack:+1 / resource_loop:+2 / tempo:+1 / zone_change_permission:+1),"{""attack_permission"": -2, ""board"": 2, ""damage_pressure"": 4, ""defense"": 1, ""disruption"": 3, ""graveyard"": 1, ""loop_output_to_win"": 2, ""mana"": 1, ""opponent_action_lock"": 1, ""opponent_deck_pressure"": 2, ""repeated_attack"": 1, ""resource_loop"": 2, ""tempo"": 1, ""zone_change_permission"": 1}",,,opponent_deckout_winの必須状態を満たす勝利証明候補です。seed=栄光の翼 バロンアルデ / 天斬の悪魔龍 ジュランデス。作れている状態は attack_permission:-2 / board:+2 / damage_pressure:+4 / defense:+1 / disruption:+3 / graveyard:+1 / loop_output_to_win:+2 / mana:+1 / opponent_action_lock:+1 / opponent_deck_pressure:+2 / repeated_attack:+1 / resource_loop:+2 / tempo:+1 / zone_change_permission:+1。,4,2
proof_based opponent_deckout_win #2,proof_based,opponent_deckout_win,86,栄光の翼 バロンアルデ / グレイト“S-駆”,resource_loop(existing) -> 栄光の翼 バロンアルデ (attack_permission:-2 / board:+1 / damage_pressure:+1 / defense:+1 / graveyard:+1 / loop_output_to_win:+1 / mana:+1 / opponent_action_lock:+1 / opponent_deck_pressure:+2 / tempo:+1) -> グレイト“S-駆” (damage_pressure:+4 / defense:+1 / disruption:+2 / hand:+1 / loop_output_to_win:+1 / repeated_attack:+1 / resource_loop:+1 / tempo:+1) -> opponent_deckout_win (attack_permission:-2 / board:+1 / damage_pressure:+5 / defense:+2 / disruption:+2 / graveyard:+1 / hand:+1 / loop_output_to_win:+2 / mana:+1 / opponent_action_lock:+1 / opponent_deck_pressure:+2 / repeated_attack:+1 / resource_loop:+1 / tempo:+2),"{""attack_permission"": -2, ""board"": 1, ""damage_pressure"": 5, ""defense"": 2, ""disruption"": 2, ""graveyard"": 1, ""hand"": 1, ""loop_output_to_win"": 2, ""mana"": 1, ""opponent_action_lock"": 1, ""opponent_deck_pressure"": 2, ""repeated_attack"": 1, ""resource_loop"": 1, ""tempo"": 2}",,,opponent_deckout_winの必須状態を満たす勝利証明候補です。seed=栄光の翼 バロンアルデ / グレイト“S-駆”。作れている状態は attack_permission:-2 / board:+1 / damage_pressure:+5 / defense:+2 / disruption:+2 / graveyard:+1 / hand:+1 / loop_output_to_win:+2 / mana:+1 / opponent_action_lock:+1 / opponent_deck_pressure:+2 / repeated_attack:+1 / resource_loop:+1 / tempo:+2。,4,2
proof_based opponent_deckout_win #3,proof_based,opponent_deckout_win,86,栄光の翼 バロンアルデ / Dの揺籠 メリーボーイラウンド,resource_loop(existing) -> 栄光の翼 バロンアルデ (attack_permission:-2 / board:+1 / damage_pressure:+1 / defense:+1 / graveyard:+1 / loop_output_to_win:+1 / mana:+1 / opponent_action_lock:+1 / opponent_deck_pressure:+2 / tempo:+1) -> Dの揺籠 メリーボーイラウンド (damage_pressure:+2 / defense:+1 / disruption:+2 / hand:+1 / loop_output_to_win:+1 / repeated_attack:+1 / resource_loop:+2) -> opponent_deckout_win (attack_permission:-2 / board:+1 / damage_pressure:+3 / defense:+2 / disruption:+2 / graveyard:+1 / hand:+1 / loop_output_to_win:+2 / mana:+1 / opponent_action_lock:+1 / opponent_deck_pressure:+2 / repeated_attack:+1 / resource_loop:+2 / tempo:+1),"{""attack_permission"": -2, ""board"": 1, ""damage_pressure"": 3, ""defense"": 2, ""disruption"": 2, ""graveyard"": 1, ""hand"": 1, ""loop_output_to_win"": 2, ""mana"": 1, ""opponent_action_lock"": 1, ""opponent_deck_pressure"": 2, ""repeated_attack"": 1, ""resource_loop"": 2, ""tempo"": 1}",,,opponent_deckout_winの必須状態を満たす勝利証明候補です。seed=栄光の翼 バロンアルデ / Dの揺籠 メリーボーイラウンド。作れている状態は attack_permission:-2 / board:+1 / damage_pressure:+3 / defense:+2 / disruption:+2 / graveyard:+1 / hand:+1 / loop_output_to_win:+2 / mana:+1 / opponent_action_lock:+1 / opponent_deck_pressure:+2 / repeated_attack:+1 / resource_loop:+2 / tempo:+1。,4,2
proof_based opponent_deckout_win #4,proof_based,opponent_deckout_win,86,地の学び 至脚 / 天斬の悪魔龍 ジュランデス,resource_loop(existing) -> 地の学び 至脚 (attack_permission:-2 / board:+1 / damage_pressure:+1 / defense:+1 / graveyard:+1 / loop_output_to_win:+1 / mana:+1 / opponent_action_lock:+1 / opponent_deck_pressure:+2 / tempo:+1) -> 天斬の悪魔龍 ジュランデス (board:+1 / damage_pressure:+3 / disruption:+3 / loop_output_to_win:+1 / repeated_attack:+1 / resource_loop:+2 / zone_change_permission:+1) -> opponent_deckout_win (attack_permission:-2 / board:+2 / damage_pressure:+4 / defense:+1 / disruption:+3 / graveyard:+1 / loop_output_to_win:+2 / mana:+1 / opponent_action_lock:+1 / opponent_deck_pressure:+2 / repeated_attack:+1 / resource_loop:+2 / tempo:+1 / zone_change_permission:+1),"{""attack_permission"": -2, ""board"": 2, ""damage_pressure"": 4, ""defense"": 1, ""disruption"": 3, ""graveyard"": 1, ""loop_output_to_win"": 2, ""mana"": 1, ""opponent_action_lock"": 1, ""opponent_deck_pressure"": 2, ""repeated_attack"": 1, ""resource_loop"": 2, ""tempo"": 1, ""zone_change_permission"": 1}",,,opponent_deckout_winの必須状態を満たす勝利証明候補です。seed=地の学び 至脚 / 天斬の悪魔龍 ジュランデス。作れている状態は attack_permission:-2 / board:+2 / damage_pressure:+4 / defense:+1 / disruption:+3 / graveyard:+1 / loop_output_to_win:+2 / mana:+1 / opponent_action_lock:+1 / opponent_deck_pressure:+2 / repeated_attack:+1 / resource_loop:+2 / tempo:+1 / zone_change_permission:+1。,4,2
proof_based opponent_deckout_win #5,proof_based,opponent_deckout_win,86,地の学び 至脚 / グレイト“S-駆”,resource_loop(existing) -> 地の学び 至脚 (attack_permission:-2 / board:+1 / damage_pressure:+1 / defense:+1 / graveyard:+1 / loop_output_to_win:+1 / mana:+1 / opponent_action_lock:+1 / opponent_deck_pressure:+2 / tempo:+1) -> グレイト“S-駆” (damage_pressure:+4 / defense:+1 / disruption:+2 / hand:+1 / loop_output_to_win:+1 / repeated_attack:+1 / resource_loop:+1 / tempo:+1) -> opponent_deckout_win (attack_permission:-2 / board:+1 / damage_pressure:+5 / defense:+2 / disruption:+2 / graveyard:+1 / hand:+1 / loop_output_to_win:+2 / mana:+1 / opponent_action_lock:+1 / opponent_deck_pressure:+2 / repeated_attack:+1 / resource_loop:+1 / tempo:+2),"{""attack_permission"": -2, ""board"": 1, ""damage_pressure"": 5, ""defense"": 2, ""disruption"": 2, ""graveyard"": 1, ""hand"": 1, ""loop_output_to_win"": 2, ""mana"": 1, ""opponent_action_lock"": 1, ""opponent_deck_pressure"": 2, ""repeated_attack"": 1, ""resource_loop"": 1, ""tempo"": 2}",,,opponent_deckout_winの必須状態を満たす勝利証明候補です。seed=地の学び 至脚 / グレイト“S-駆”。作れている状態は attack_permission:-2 / board:+1 / damage_pressure:+5 / defense:+2 / disruption:+2 / graveyard:+1 / hand:+1 / loop_output_to_win:+2 / mana:+1 / opponent_action_lock:+1 / opponent_deck_pressure:+2 / repeated_attack:+1 / resource_loop:+1 / tempo:+2。,4,2
proof_based opponent_deckout_win #6,proof_based,opponent_deckout_win,86,地の学び 至脚 / Dの揺籠 メリーボーイラウンド,resource_loop(existing) -> 地の学び 至脚 (attack_permission:-2 / board:+1 / damage_pressure:+1 / defense:+1 / graveyard:+1 / loop_output_to_win:+1 / mana:+1 / opponent_action_lock:+1 / opponent_deck_pressure:+2 / tempo:+1) -> Dの揺籠 メリーボーイラウンド (damage_pressure:+2 / defense:+1 / disruption:+2 / hand:+1 / loop_output_to_win:+1 / repeated_attack:+1 / resource_loop:+2) -> opponent_deckout_win (attack_permission:-2 / board:+1 / damage_pressure:+3 / defense:+2 / disruption:+2 / graveyard:+1 / hand:+1 / loop_output_to_win:+2 / mana:+1 / opponent_action_lock:+1 / opponent_deck_pressure:+2 / repeated_attack:+1 / resource_loop:+2 / tempo:+1),"{""attack_permission"": -2, ""board"": 1, ""damage_pressure"": 3, ""defense"": 2, ""disruption"": 2, ""graveyard"": 1, ""hand"": 1, ""loop_output_to_win"": 2, ""mana"": 1, ""opponent_action_lock"": 1, ""opponent_deck_pressure"": 2, ""repeated_attack"": 1, ""resource_loop"": 2, ""tempo"": 1}",,,opponent_deckout_winの必須状態を満たす勝利証明候補です。seed=地の学び 至脚 / Dの揺籠 メリーボーイラウンド。作れている状態は attack_permission:-2 / board:+1 / damage_pressure:+3 / defense:+2 / disruption:+2 / graveyard:+1 / hand:+1 / loop_output_to_win:+2 / mana:+1 / opponent_action_lock:+1 / opponent_deck_pressure:+2 / repeated_attack:+1 / resource_loop:+2 / tempo:+1。,4,2
proof_based opponent_deckout_win #7,proof_based,opponent_deckout_win,86,侵略者 タネタロウ / こたつむり,侵略者 タネタロウ (defense:+1 / disruption:+2 / graveyard:+1 / hand:+1 / loop_output_to_win:+1 / mana:+1 / opponent_deck_pressure:+2 / resource_loop:+1 / tempo:+1) -> こたつむり (attack_permission:-2 / board:+1 / damage_pressure:+3 / defense:+1 / loop_output_to_win:+1 / opponent_action_lock:+1 / repeated_attack:+1) -> opponent_deckout_win (attack_permission:-2 / board:+1 / damage_pressure:+3 / defense:+2 / disruption:+2 / graveyard:+1 / hand:+1 / loop_output_to_win:+2 / mana:+1 / opponent_action_lock:+1 / opponent_deck_pressure:+2 / repeated_attack:+1 / resource_loop:+1 / tempo:+1),"{""attack_permission"": -2, ""board"": 1, ""damage_pressure"": 3, ""defense"": 2, ""disruption"": 2, ""graveyard"": 1, ""hand"": 1, ""loop_output_to_win"": 2, ""mana"": 1, ""opponent_action_lock"": 1, ""opponent_deck_pressure"": 2, ""repeated_attack"": 1, ""resource_loop"": 1, ""tempo"": 1}",,,opponent_deckout_winの必須状態を満たす勝利証明候補です。seed=侵略者 タネタロウ / こたつむり。作れている状態は attack_permission:-2 / board:+1 / damage_pressure:+3 / defense:+2 / disruption:+2 / graveyard:+1 / hand:+1 / loop_output_to_win:+2 / mana:+1 / opponent_action_lock:+1 / opponent_deck_pressure:+2 / repeated_attack:+1 / resource_loop:+1 / tempo:+1。,4,2
proof_based opponent_deckout_win #8,proof_based,opponent_deckout_win,85,栄光の翼 バロンアルデ / 「世界をつなぐ柱」の天罰,resource_loop(existing) -> 栄光の翼 バロンアルデ (attack_permission:-2 / board:+1 / damage_pressure:+1 / defense:+1 / graveyard:+1 / loop_output_to_win:+1 / mana:+1 / opponent_action_lock:+1 / opponent_deck_pressure:+2 / tempo:+1) -> 「世界をつなぐ柱」の天罰 (damage_pressure:+2 / defense:+1 / disruption:+5 / hand:+1 / loop_output_to_win:+1 / repeated_attack:+1 / resource_loop:+1 / zone_change_permission:+1) -> opponent_deckout_win (attack_permission:-2 / board:+1 / damage_pressure:+3 / defense:+2 / disruption:+5 / graveyard:+1 / hand:+1 / loop_output_to_win:+2 / mana:+1 / opponent_action_lock:+1 / opponent_deck_pressure:+2 / repeated_attack:+1 / resource_loop:+1 / tempo:+1 / zone_change_permission:+1),"{""attack_permission"": -2, ""board"": 1, ""damage_pressure"": 3, ""defense"": 2, ""disruption"": 5, ""graveyard"": 1, ""hand"": 1, ""loop_output_to_win"": 2, ""mana"": 1, ""opponent_action_lock"": 1, ""opponent_deck_pressure"": 2, ""repeated_attack"": 1, ""resource_loop"": 1, ""tempo"": 1, ""zone_change_permission"": 1}",,,opponent_deckout_winの必須状態を満たす勝利証明候補です。seed=栄光の翼 バロンアルデ / 「世界をつなぐ柱」の天罰。作れている状態は attack_permission:-2 / board:+1 / damage_pressure:+3 / defense:+2 / disruption:+5 / graveyard:+1 / hand:+1 / loop_output_to_win:+2 / mana:+1 / opponent_action_lock:+1 / opponent_deck_pressure:+2 / repeated_attack:+1 / resource_loop:+1 / tempo:+1 / zone_change_permission:+1。,5,2
proof_based lock_confirmed_win #1,proof_based,lock_confirmed_win,83,正義の煌き オーリリア / 革命の防壁,resource_loop(existing) -> 正義の煌き オーリリア (cast_permission:-2 / damage_pressure:+2 / disruption:+2 / loop_output_to_win:+1 / opponent_action_lock:+2 / repeated_attack:+1) -> 革命の防壁 (action_window:+1 / board_persistence:+2 / defense:+2 / graveyard:+1 / loop_output_to_win:+1 / opponent_deck_pressure:+1 / replacement_destroy:+1 / resource_loop:+3 / shield:+1 / summon_permission:+1 / tempo:+2) -> lock_confirmed_win (action_window:+1 / board_persistence:+2 / cast_permission:-2 / damage_pressure:+2 / defense:+2 / disruption:+2 / graveyard:+1 / loop_output_to_win:+2 / opponent_action_lock:+2 / opponent_deck_pressure:+1 / repeated_attack:+1 / replacement_destroy:+1 / resource_loop:+3 / shield:+1 / summon_permission:+1 / tempo:+2),"{""action_window"": 1, ""board_persistence"": 2, ""cast_permission"": -2, ""damage_pressure"": 2, ""defense"": 2, ""disruption"": 2, ""graveyard"": 1, ""loop_output_to_win"": 2, ""opponent_action_lock"": 2, ""opponent_deck_pressure"": 1, ""repeated_attack"": 1, ""replacement_destroy"": 1, ""resource_loop"": 3, ""shield"": 1, ""summon_permission"": 1, ""tempo"": 2}",,,lock_confirmed_winの必須状態を満たす勝利証明候補です。seed=正義の煌き オーリリア / 革命の防壁。作れている状態は action_window:+1 / board_persistence:+2 / cast_permission:-2 / damage_pressure:+2 / defense:+2 / disruption:+2 / graveyard:+1 / loop_output_to_win:+2 / opponent_action_lock:+2 / opponent_deck_pressure:+1 / repeated_attack:+1 / replacement_destroy:+1 / resource_loop:+3 / shield:+1 / summon_permission:+1 / tempo:+2。,7,2
proof_based lock_confirmed_win #2,proof_based,lock_confirmed_win,83,正義の煌き オーリリア / 革命の鉄拳,resource_loop(existing) -> 正義の煌き オーリリア (cast_permission:-2 / damage_pressure:+2 / disruption:+2 / loop_output_to_win:+1 / opponent_action_lock:+2 / repeated_attack:+1) -> 革命の鉄拳 (action_window:+1 / board:-1 / board_persistence:+2 / defense:+1 / disruption:+2 / graveyard:+1 / loop_output_to_win:+1 / opponent_deck_pressure:+1 / replacement_destroy:+1 / resource_loop:+2 / summon_permission:+1 / tempo:+2) -> lock_confirmed_win (action_window:+1 / board:-1 / board_persistence:+2 / cast_permission:-2 / damage_pressure:+2 / defense:+1 / disruption:+4 / graveyard:+1 / loop_output_to_win:+2 / opponent_action_lock:+2 / opponent_deck_pressure:+1 / repeated_attack:+1 / replacement_destroy:+1 / resource_loop:+2 / summon_permission:+1 / tempo:+2),"{""action_window"": 1, ""board"": -1, ""board_persistence"": 2, ""cast_permission"": -2, ""damage_pressure"": 2, ""defense"": 1, ""disruption"": 4, ""graveyard"": 1, ""loop_output_to_win"": 2, ""opponent_action_lock"": 2, ""opponent_deck_pressure"": 1, ""repeated_attack"": 1, ""replacement_destroy"": 1, ""resource_loop"": 2, ""summon_permission"": 1, ""tempo"": 2}",,,lock_confirmed_winの必須状態を満たす勝利証明候補です。seed=正義の煌き オーリリア / 革命の鉄拳。作れている状態は action_window:+1 / board:-1 / board_persistence:+2 / cast_permission:-2 / damage_pressure:+2 / defense:+1 / disruption:+4 / graveyard:+1 / loop_output_to_win:+2 / opponent_action_lock:+2 / opponent_deck_pressure:+1 / repeated_attack:+1 / replacement_destroy:+1 / resource_loop:+2 / summon_permission:+1 / tempo:+2。,7,2
proof_based lock_confirmed_win #3,proof_based,lock_confirmed_win,83,奇石 ミクセル/ジャミング・チャフ / 時の玉 ミラク / グレイト“S-駆”,resource_loop(existing) -> 奇石 ミクセル/ジャミング・チャフ (board:+1 / cast_permission:-2 / damage_pressure:+1 / disruption:+2 / loop_output_to_win:+1 / opponent_action_lock:+2 / opponent_deck_pressure:+1 / resource_loop:+1) -> 時の玉 ミラク (attack_permission:-2 / board:-1 / board_persistence:+2 / defense:+2 / disruption:+2 / hand:+1 / opponent_action_lock:+1 / replacement_destroy:+1 / resource_loop:+1) -> グレイト“S-駆” (damage_pressure:+4 / defense:+1 / disruption:+2 / hand:+1 / loop_output_to_win:+1 / repeated_attack:+1 / resource_loop:+1 / tempo:+1) -> lock_confirmed_win (attack_permission:-2 / board_persistence:+2 / cast_permission:-2 / damage_pressure:+5 / defense:+3 / disruption:+6 / hand:+2 / loop_output_to_win:+2 / opponent_action_lock:+3 / opponent_deck_pressure:+1 / repeated_attack:+1 / replacement_destroy:+1 / resource_loop:+3 / tempo:+1),"{""attack_permission"": -2, ""board_persistence"": 2, ""cast_permission"": -2, ""damage_pressure"": 5, ""defense"": 3, ""disruption"": 6, ""hand"": 2, ""loop_output_to_win"": 2, ""opponent_action_lock"": 3, ""opponent_deck_pressure"": 1, ""repeated_attack"": 1, ""replacement_destroy"": 1, ""resource_loop"": 3, ""tempo"": 1}",,,lock_confirmed_winの必須状態を満たす勝利証明候補です。seed=奇石 ミクセル/ジャミング・チャフ / 時の玉 ミラク / グレイト“S-駆”。作れている状態は attack_permission:-2 / board_persistence:+2 / cast_permission:-2 / damage_pressure:+5 / defense:+3 / disruption:+6 / hand:+2 / loop_output_to_win:+2 / opponent_action_lock:+3 / opponent_deck_pressure:+1 / repeated_attack:+1 / replacement_destroy:+1 / resource_loop:+3 / tempo:+1。,5,3
proof_based lock_confirmed_win #4,proof_based,lock_confirmed_win,83,奇石 ミクセル/ジャミング・チャフ / 時の玉 ミラク / D2B バブール,resource_loop(existing) -> 奇石 ミクセル/ジャミング・チャフ (board:+1 / cast_permission:-2 / damage_pressure:+1 / disruption:+2 / loop_output_to_win:+1 / opponent_action_lock:+2 / opponent_deck_pressure:+1 / resource_loop:+1) -> 時の玉 ミラク (attack_permission:-2 / board:-1 / board_persistence:+2 / defense:+2 / disruption:+2 / hand:+1 / opponent_action_lock:+1 / replacement_destroy:+1 / resource_loop:+1) -> D2B バブール (board:+1 / damage_pressure:+3 / graveyard:+1 / hand:+1 / loop_output_to_win:+1 / opponent_deck_pressure:+1 / repeated_attack:+1) -> lock_confirmed_win (attack_permission:-2 / board:+1 / board_persistence:+2 / cast_permission:-2 / damage_pressure:+4 / defense:+2 / disruption:+4 / graveyard:+1 / hand:+2 / loop_output_to_win:+2 / opponent_action_lock:+3 / opponent_deck_pressure:+2 / repeated_attack:+1 / replacement_destroy:+1 / resource_loop:+2),"{""attack_permission"": -2, ""board"": 1, ""board_persistence"": 2, ""cast_permission"": -2, ""damage_pressure"": 4, ""defense"": 2, ""disruption"": 4, ""graveyard"": 1, ""hand"": 2, ""loop_output_to_win"": 2, ""opponent_action_lock"": 3, ""opponent_deck_pressure"": 2, ""repeated_attack"": 1, ""replacement_destroy"": 1, ""resource_loop"": 2}",,,lock_confirmed_winの必須状態を満たす勝利証明候補です。seed=奇石 ミクセル/ジャミング・チャフ / 時の玉 ミラク / D2B バブール。作れている状態は attack_permission:-2 / board:+1 / board_persistence:+2 / cast_permission:-2 / damage_pressure:+4 / defense:+2 / disruption:+4 / graveyard:+1 / hand:+2 / loop_output_to_win:+2 / opponent_action_lock:+3 / opponent_deck_pressure:+2 / repeated_attack:+1 / replacement_destroy:+1 / resource_loop:+2。,5,3
proof_based lock_confirmed_win #5,proof_based,lock_confirmed_win,83,奇石 ミクセル/ジャミング・チャフ / 時の玉 ミラク / ベイB パオパオ,resource_loop(existing) -> 奇石 ミクセル/ジャミング・チャフ (board:+1 / cast_permission:-2 / damage_pressure:+1 / disruption:+2 / loop_output_to_win:+1 / opponent_action_lock:+2 / opponent_deck_pressure:+1 / resource_loop:+1) -> 時の玉 ミラク (attack_permission:-2 / board:-1 / board_persistence:+2 / defense:+2 / disruption:+2 / hand:+1 / opponent_action_lock:+1 / replacement_destroy:+1 / resource_loop:+1) -> ベイB パオパオ (board:+1 / damage_pressure:+3 / graveyard:+1 / hand:+1 / loop_output_to_win:+1 / mana:+1 / opponent_deck_pressure:+1 / repeated_attack:+1 / resource_loop:+2 / tempo:+1) -> lock_confirmed_win (attack_permission:-2 / board:+1 / board_persistence:+2 / cast_permission:-2 / damage_pressure:+4 / defense:+2 / disruption:+4 / graveyard:+1 / hand:+2 / loop_output_to_win:+2 / mana:+1 / opponent_action_lock:+3 / opponent_deck_pressure:+2 / repeated_attack:+1 / replacement_destroy:+1 / resource_loop:+4 / tempo:+1),"{""attack_permission"": -2, ""board"": 1, ""board_persistence"": 2, ""cast_permission"": -2, ""damage_pressure"": 4, ""defense"": 2, ""disruption"": 4, ""graveyard"": 1, ""hand"": 2, ""loop_output_to_win"": 2, ""mana"": 1, ""opponent_action_lock"": 3, ""opponent_deck_pressure"": 2, ""repeated_attack"": 1, ""replacement_destroy"": 1, ""resource_loop"": 4, ""tempo"": 1}",,,lock_confirmed_winの必須状態を満たす勝利証明候補です。seed=奇石 ミクセル/ジャミング・チャフ / 時の玉 ミラク / ベイB パオパオ。作れている状態は attack_permission:-2 / board:+1 / board_persistence:+2 / cast_permission:-2 / damage_pressure:+4 / defense:+2 / disruption:+4 / graveyard:+1 / hand:+2 / loop_output_to_win:+2 / mana:+1 / opponent_action_lock:+3 / opponent_deck_pressure:+2 / repeated_attack:+1 / replacement_destroy:+1 / resource_loop:+4 / tempo:+1。,5,3
proof_based lock_confirmed_win #6,proof_based,lock_confirmed_win,83,奇石 ミクセル/ジャミング・チャフ / 時の玉 ミラク / Dの揺籠 メリーボーイラウンド,resource_loop(existing) -> 奇石 ミクセル/ジャミング・チャフ (board:+1 / cast_permission:-2 / damage_pressure:+1 / disruption:+2 / loop_output_to_win:+1 / opponent_action_lock:+2 / opponent_deck_pressure:+1 / resource_loop:+1) -> 時の玉 ミラク (attack_permission:-2 / board:-1 / board_persistence:+2 / defense:+2 / disruption:+2 / hand:+1 / opponent_action_lock:+1 / replacement_destroy:+1 / resource_loop:+1) -> Dの揺籠 メリーボーイラウンド (damage_pressure:+2 / defense:+1 / disruption:+2 / hand:+1 / loop_output_to_win:+1 / repeated_attack:+1 / resource_loop:+2) -> lock_confirmed_win (attack_permission:-2 / board_persistence:+2 / cast_permission:-2 / damage_pressure:+3 / defense:+3 / disruption:+6 / hand:+2 / loop_output_to_win:+2 / opponent_action_lock:+3 / opponent_deck_pressure:+1 / repeated_attack:+1 / replacement_destroy:+1 / resource_loop:+4),"{""attack_permission"": -2, ""board_persistence"": 2, ""cast_permission"": -2, ""damage_pressure"": 3, ""defense"": 3, ""disruption"": 6, ""hand"": 2, ""loop_output_to_win"": 2, ""opponent_action_lock"": 3, ""opponent_deck_pressure"": 1, ""repeated_attack"": 1, ""replacement_destroy"": 1, ""resource_loop"": 4}",,,lock_confirmed_winの必須状態を満たす勝利証明候補です。seed=奇石 ミクセル/ジャミング・チャフ / 時の玉 ミラク / Dの揺籠 メリーボーイラウンド。作れている状態は attack_permission:-2 / board_persistence:+2 / cast_permission:-2 / damage_pressure:+3 / defense:+3 / disruption:+6 / hand:+2 / loop_output_to_win:+2 / opponent_action_lock:+3 / opponent_deck_pressure:+1 / repeated_attack:+1 / replacement_destroy:+1 / resource_loop:+4。,5,3
proof_based lock_confirmed_win #7,proof_based,lock_confirmed_win,83,奇石 ミクセル/ジャミング・チャフ / 時の玉 ミラク / 天斬の悪魔龍 ジュランデス,resource_loop(existing) -> 奇石 ミクセル/ジャミング・チャフ (board:+1 / cast_permission:-2 / damage_pressure:+1 / disruption:+2 / loop_output_to_win:+1 / opponent_action_lock:+2 / opponent_deck_pressure:+1 / resource_loop:+1) -> 時の玉 ミラク (attack_permission:-2 / board:-1 / board_persistence:+2 / defense:+2 / disruption:+2 / hand:+1 / opponent_action_lock:+1 / replacement_destroy:+1 / resource_loop:+1) -> 天斬の悪魔龍 ジュランデス (board:+1 / damage_pressure:+3 / disruption:+3 / loop_output_to_win:+1 / repeated_attack:+1 / resource_loop:+2 / zone_change_permission:+1) -> lock_confirmed_win (attack_permission:-2 / board:+1 / board_persistence:+2 / cast_permission:-2 / damage_pressure:+4 / defense:+2 / disruption:+7 / hand:+1 / loop_output_to_win:+2 / opponent_action_lock:+3 / opponent_deck_pressure:+1 / repeated_attack:+1 / replacement_destroy:+1 / resource_loop:+4 / zone_change_permission:+1),"{""attack_permission"": -2, ""board"": 1, ""board_persistence"": 2, ""cast_permission"": -2, ""damage_pressure"": 4, ""defense"": 2, ""disruption"": 7, ""hand"": 1, ""loop_output_to_win"": 2, ""opponent_action_lock"": 3, ""opponent_deck_pressure"": 1, ""repeated_attack"": 1, ""replacement_destroy"": 1, ""resource_loop"": 4, ""zone_change_permission"": 1}",,,lock_confirmed_winの必須状態を満たす勝利証明候補です。seed=奇石 ミクセル/ジャミング・チャフ / 時の玉 ミラク / 天斬の悪魔龍 ジュランデス。作れている状態は attack_permission:-2 / board:+1 / board_persistence:+2 / cast_permission:-2 / damage_pressure:+4 / defense:+2 / disruption:+7 / hand:+1 / loop_output_to_win:+2 / opponent_action_lock:+3 / opponent_deck_pressure:+1 / repeated_attack:+1 / replacement_destroy:+1 / resource_loop:+4 / zone_change_permission:+1。,5,3
proof_based lock_confirmed_win #8,proof_based,lock_confirmed_win,83,奇石 ミクセル/ジャミング・チャフ / 時の玉 ミラク / ベイB ポレポレ,resource_loop(existing) -> 奇石 ミクセル/ジャミング・チャフ (board:+1 / cast_permission:-2 / damage_pressure:+1 / disruption:+2 / loop_output_to_win:+1 / opponent_action_lock:+2 / opponent_deck_pressure:+1 / resource_loop:+1) -> 時の玉 ミラク (attack_permission:-2 / board:-1 / board_persistence:+2 / defense:+2 / disruption:+2 / hand:+1 / opponent_action_lock:+1 / replacement_destroy:+1 / resource_loop:+1) -> ベイB ポレポレ (board:+1 / damage_pressure:+3 / hand:+1 / loop_output_to_win:+1 / repeated_attack:+1 / resource_loop:+2) -> lock_confirmed_win (attack_permission:-2 / board:+1 / board_persistence:+2 / cast_permission:-2 / damage_pressure:+4 / defense:+2 / disruption:+4 / hand:+2 / loop_output_to_win:+2 / opponent_action_lock:+3 / opponent_deck_pressure:+1 / repeated_attack:+1 / replacement_destroy:+1 / resource_loop:+4),"{""attack_permission"": -2, ""board"": 1, ""board_persistence"": 2, ""cast_permission"": -2, ""damage_pressure"": 4, ""defense"": 2, ""disruption"": 4, ""hand"": 2, ""loop_output_to_win"": 2, ""opponent_action_lock"": 3, ""opponent_deck_pressure"": 1, ""repeated_attack"": 1, ""replacement_destroy"": 1, ""resource_loop"": 4}",,,lock_confirmed_winの必須状態を満たす勝利証明候補です。seed=奇石 ミクセル/ジャミング・チャフ / 時の玉 ミラク / ベイB ポレポレ。作れている状態は attack_permission:-2 / board:+1 / board_persistence:+2 / cast_permission:-2 / damage_pressure:+4 / defense:+2 / disruption:+4 / hand:+2 / loop_output_to_win:+2 / opponent_action_lock:+3 / opponent_deck_pressure:+1 / repeated_attack:+1 / replacement_destroy:+1 / resource_loop:+4。,5,3
proof_based loop_converted_win #1,proof_based,loop_converted_win,100,ケロヨン・カルテット,ケロヨン・カルテット (alternate_win_progress:+6 / board_persistence:+2 / defense:+1 / disruption:+2 / hand:+1 / loop_output_to_win:+1 / replacement_destroy:+1 / resource_loop:+1 / terminal_win:+1 / win_progress:+5) -> loop_converted_win (alternate_win_progress:+6 / board_persistence:+2 / defense:+1 / disruption:+2 / hand:+1 / loop_output_to_win:+1 / replacement_destroy:+1 / resource_loop:+1 / terminal_win:+1 / win_progress:+5),"{""alternate_win_progress"": 6, ""board_persistence"": 2, ""defense"": 1, ""disruption"": 2, ""hand"": 1, ""loop_output_to_win"": 1, ""replacement_destroy"": 1, ""resource_loop"": 1, ""terminal_win"": 1, ""win_progress"": 5}",,,loop_converted_winの必須状態を満たす勝利証明候補です。seed=ケロヨン・カルテット。作れている状態は alternate_win_progress:+6 / board_persistence:+2 / defense:+1 / disruption:+2 / hand:+1 / loop_output_to_win:+1 / replacement_destroy:+1 / resource_loop:+1 / terminal_win:+1 / win_progress:+5。,4,1
proof_based loop_converted_win #2,proof_based,loop_converted_win,100,ザ・ユニバース・ゲート,ザ・ユニバース・ゲート (action_window:+2 / alternate_win_progress:+3 / extra_turn:+1 / graveyard:+1 / loop_output_to_win:+1 / opponent_deck_pressure:+1 / resource_loop:+1 / tempo:+3 / terminal_win:+1 / turn_count:+2 / win_progress:+4) -> loop_converted_win (action_window:+2 / alternate_win_progress:+3 / extra_turn:+1 / graveyard:+1 / loop_output_to_win:+1 / opponent_deck_pressure:+1 / resource_loop:+1 / tempo:+3 / terminal_win:+1 / turn_count:+2 / win_progress:+4),"{""action_window"": 2, ""alternate_win_progress"": 3, ""extra_turn"": 1, ""graveyard"": 1, ""loop_output_to_win"": 1, ""opponent_deck_pressure"": 1, ""resource_loop"": 1, ""tempo"": 3, ""terminal_win"": 1, ""turn_count"": 2, ""win_progress"": 4}",,,loop_converted_winの必須状態を満たす勝利証明候補です。seed=ザ・ユニバース・ゲート。作れている状態は action_window:+2 / alternate_win_progress:+3 / extra_turn:+1 / graveyard:+1 / loop_output_to_win:+1 / opponent_deck_pressure:+1 / resource_loop:+1 / tempo:+3 / terminal_win:+1 / turn_count:+2 / win_progress:+4。,6,1
proof_based loop_converted_win #3,proof_based,loop_converted_win,100,運命の選択,運命の選択 (action_window:+1 / board:+1 / damage_pressure:+5 / loop_output_to_win:+1 / repeated_attack:+1 / resource_loop:+2 / summon_permission:+1 / tempo:+3) -> loop_converted_win (action_window:+1 / board:+1 / damage_pressure:+5 / loop_output_to_win:+1 / repeated_attack:+1 / resource_loop:+2 / summon_permission:+1 / tempo:+3),"{""action_window"": 1, ""board"": 1, ""damage_pressure"": 5, ""loop_output_to_win"": 1, ""repeated_attack"": 1, ""resource_loop"": 2, ""summon_permission"": 1, ""tempo"": 3}",,,loop_converted_winの必須状態を満たす勝利証明候補です。seed=運命の選択。作れている状態は action_window:+1 / board:+1 / damage_pressure:+5 / loop_output_to_win:+1 / repeated_attack:+1 / resource_loop:+2 / summon_permission:+1 / tempo:+3。,4,1
proof_based loop_converted_win #4,proof_based,loop_converted_win,100,ガルベリアス・ドラゴン,ガルベリアス・ドラゴン (board:+1 / damage_pressure:+5 / graveyard:+1 / loop_output_to_win:+1 / mana:+1 / opponent_deck_pressure:+1 / repeated_attack:+1 / resource_loop:+2 / tempo:+2) -> loop_converted_win (board:+1 / damage_pressure:+5 / graveyard:+1 / loop_output_to_win:+1 / mana:+1 / opponent_deck_pressure:+1 / repeated_attack:+1 / resource_loop:+2 / tempo:+2),"{""board"": 1, ""damage_pressure"": 5, ""graveyard"": 1, ""loop_output_to_win"": 1, ""mana"": 1, ""opponent_deck_pressure"": 1, ""repeated_attack"": 1, ""resource_loop"": 2, ""tempo"": 2}",,,loop_converted_winの必須状態を満たす勝利証明候補です。seed=ガルベリアス・ドラゴン。作れている状態は board:+1 / damage_pressure:+5 / graveyard:+1 / loop_output_to_win:+1 / mana:+1 / opponent_deck_pressure:+1 / repeated_attack:+1 / resource_loop:+2 / tempo:+2。,6,1
proof_based loop_converted_win #5,proof_based,loop_converted_win,100,居合のアラゴナイト,居合のアラゴナイト (damage_pressure:+4 / loop_output_to_win:+1 / repeated_attack:+1 / resource_loop:+2 / tempo:+1) -> loop_converted_win (damage_pressure:+4 / loop_output_to_win:+1 / repeated_attack:+1 / resource_loop:+2 / tempo:+1),"{""damage_pressure"": 4, ""loop_output_to_win"": 1, ""repeated_attack"": 1, ""resource_loop"": 2, ""tempo"": 1}",,,loop_converted_winの必須状態を満たす勝利証明候補です。seed=居合のアラゴナイト。作れている状態は damage_pressure:+4 / loop_output_to_win:+1 / repeated_attack:+1 / resource_loop:+2 / tempo:+1。,3,1
proof_based loop_converted_win #6,proof_based,loop_converted_win,100,ジャッジメント・タイム,ジャッジメント・タイム (action_window:+1 / board_persistence:+2 / damage_pressure:+2 / graveyard:+1 / loop_output_to_win:+1 / repeated_attack:+1 / replacement_destroy:+1 / resource_loop:+3 / summon_permission:+1 / tempo:+2) -> loop_converted_win (action_window:+1 / board_persistence:+2 / damage_pressure:+2 / graveyard:+1 / loop_output_to_win:+1 / repeated_attack:+1 / replacement_destroy:+1 / resource_loop:+3 / summon_permission:+1 / tempo:+2),"{""action_window"": 1, ""board_persistence"": 2, ""damage_pressure"": 2, ""graveyard"": 1, ""loop_output_to_win"": 1, ""repeated_attack"": 1, ""replacement_destroy"": 1, ""resource_loop"": 3, ""summon_permission"": 1, ""tempo"": 2}",,,loop_converted_winの必須状態を満たす勝利証明候補です。seed=ジャッジメント・タイム。作れている状態は action_window:+1 / board_persistence:+2 / damage_pressure:+2 / graveyard:+1 / loop_output_to_win:+1 / repeated_attack:+1 / replacement_destroy:+1 / resource_loop:+3 / summon_permission:+1 / tempo:+2。,5,1
proof_based loop_converted_win #7,proof_based,loop_converted_win,100,ツイン“LES”ポール/「ミュージック・スタァァァト!!!」,ツイン“LES”ポール/「ミュージック・スタァァァト!!!」 (damage_pressure:+4 / loop_output_to_win:+1 / repeated_attack:+1 / resource_loop:+2 / tempo:+1) -> loop_converted_win (damage_pressure:+4 / loop_output_to_win:+1 / repeated_attack:+1 / resource_loop:+2 / tempo:+1),"{""damage_pressure"": 4, ""loop_output_to_win"": 1, ""repeated_attack"": 1, ""resource_loop"": 2, ""tempo"": 1}",,,loop_converted_winの必須状態を満たす勝利証明候補です。seed=ツイン“LES”ポール/「ミュージック・スタァァァト!!!」。作れている状態は damage_pressure:+4 / loop_output_to_win:+1 / repeated_attack:+1 / resource_loop:+2 / tempo:+1。,6,1
proof_based loop_converted_win #8,proof_based,loop_converted_win,100,機動聖者ミールマキシマム,機動聖者ミールマキシマム (damage_pressure:+4 / loop_output_to_win:+1 / repeated_attack:+1 / resource_loop:+2 / tempo:+1) -> loop_converted_win (damage_pressure:+4 / loop_output_to_win:+1 / repeated_attack:+1 / resource_loop:+2 / tempo:+1),"{""damage_pressure"": 4, ""loop_output_to_win"": 1, ""repeated_attack"": 1, ""resource_loop"": 2, ""tempo"": 1}",,,loop_converted_winの必須状態を満たす勝利証明候補です。seed=機動聖者ミールマキシマム。作れている状態は damage_pressure:+4 / loop_output_to_win:+1 / repeated_attack:+1 / resource_loop:+2 / tempo:+1。,5,1
