card_id,card_name,card_yomi,culture,cost,card_type,power,power_disp,power_attacker,mana,rare,race,race_text,body_text,flavor_text,illustrator,voice_actor,series_title,create_disp,break_disp,super_dimensional_spell_text,super_dimensional_spell_related_cards,psychic_creature_related_cards,twinpact_related_cards,related_cards,final_forbidden_field_css,name,civilization,keyword,nd_legal,text,tags,source,source_url
1207000,ガロウズ・セブ・カイザー,ガロウズ・セブ・カイザー,水,6,サイキック・クリーチャー,,6000,,,PS,サイバー・コマンド/エイリアン,サイバー・コマンド/エイリアン,"■相手のクリーチャーが攻撃する時、カードを1枚引く。
■自分の手札が5枚以上あるなら、「ブロッカー」を得る。
■W・ブレイカー
（覚醒リンク後：《死海竜ガロウズ・デビルドラゴン》）",さぁ、処刑執行の時間だ！――ガロウズ・セブ・カイザー,Yosuke Adachi,露崎亘,LEGEND OF PLAY'S 2026,-,0,下記に表示している対象カードをパックから入手することで獲得します,1206000,"1207000,1249000",,,,ガロウズ・セブ・カイザー,水,W・ブレイカー,1,"■相手のクリーチャーが攻撃する時、カードを1枚引く。
■自分の手札が5枚以上あるなら、「ブロッカー」を得る。
■W・ブレイカー
（覚醒リンク後：《死海竜ガロウズ・デビルドラゴン》）",,dmps_official_api,https://dmps.takaratomy.co.jp/api1.0/plays/search.json
1216000,竜骨なる者ザビ・リゲル,りゅうこつなるものザビ・リゲル,闇,4,サイキック・クリーチャー,,3000,,,PS,リビング・デッド/エイリアン,リビング・デッド/エイリアン,"■自分のエイリアンが相手の呪文によってバトルゾーンを離れた時、相手の最もパワーの小さいクリーチャー1体を破壊する。（複数あるなら、その中からランダムに1体）
■P'S覚醒リンク：自分のターン開始時または自分の《ガロウズ・セブ・カイザー》がバトルゾーンに出た時、自分の《ガロウズ・セブ・カイザー》と《ハイドラ・ギルザウルス》があれば、それらとこのクリーチャーをすべて裏返し《死海竜ガロウズ・デビルドラゴン》にリンクさせる。",ザビ・リゲル、後方は任せるぜ！――ガロウズ・セブ・カイザー,Yosuke Adachi,-,LEGEND OF PLAY'S 2026,-,0,下記に表示している対象カードをパックから入手することで獲得します,1206000,"1216000,1249000",,,,竜骨なる者ザビ・リゲル,闇,P'S覚醒リンク,1,"■自分のエイリアンが相手の呪文によってバトルゾーンを離れた時、相手の最もパワーの小さいクリーチャー1体を破壊する。（複数あるなら、その中からランダムに1体）
■P'S覚醒リンク：自分のターン開始時または自分の《ガロウズ・セブ・カイザー》がバトルゾーンに出た時、自分の《ガロウズ・セブ・カイザー》と《ハイドラ・ギルザウルス》があれば、それらとこのクリーチャーをすべて裏返し《死海竜ガロウズ・デビルドラゴン》にリンクさせる。",,dmps_official_api,https://dmps.takaratomy.co.jp/api1.0/plays/search.json
1226000,ガイアール・カイザー,ガイアール・カイザー,火,8,サイキック・クリーチャー,,6000,,,PS,レッド・コマンド・ドラゴン/ハンター,レッド・コマンド・ドラゴン/ハンター,"■スピードアタッカー
■自分のシールドがブレイクされる時、そのシールドを見る。手札に加えるかわりにそれを自分の墓地に置いてもよい。そうした場合、自分の超次元ゾーンから、こうして墓地に置いたカードのいずれかと同じコストのハンター・サイキック・クリーチャー1枚をバトルゾーンに出す。
■W・ブレイカー
（覚醒リンク後：《激竜王ガイアール・オウドラゴン》）",受けよ我が剣！ガイアール・セイバー！――ガイアール・カイザー,Hisanobu Kometani,渡辺紘,LEGEND OF PLAY'S 2026,-,0,下記に表示している対象カードをパックから入手することで獲得します,1225000,"1226000,1229000",,,,ガイアール・カイザー,火,"スピードアタッカー,W・ブレイカー",1,"■スピードアタッカー
■自分のシールドがブレイクされる時、そのシールドを見る。手札に加えるかわりにそれを自分の墓地に置いてもよい。そうした場合、自分の超次元ゾーンから、こうして墓地に置いたカードのいずれかと同じコストのハンター・サイキック・クリーチャー1枚をバトルゾーンに出す。
■W・ブレイカー
（覚醒リンク後：《激竜王ガイアール・オウドラゴン》）",,dmps_official_api,https://dmps.takaratomy.co.jp/api1.0/plays/search.json
1224000,ハイドラ・ギルザウルス,ハイドラ・ギルザウルス,火,5,サイキック・クリーチャー,,5000,,,PS,ロック・ビースト/エイリアン,ロック・ビースト/エイリアン,"■相手がコストを支払わずにクリーチャーまたは呪文を実行した時、次の相手のターン終了時まで、相手の使用可能マナを1少なくする。（この効果は重複しない）
（覚醒リンク後：《死海竜ガロウズ・デビルドラゴン》）",前線を切り開け、ハイドラ・ギルザウルス！――ガロウズ・セブ・カイザー,Yosuke Adachi,-,LEGEND OF PLAY'S 2026,-,0,下記に表示している対象カードをパックから入手することで獲得します,1206000,"1224000,1249000",,,,ハイドラ・ギルザウルス,火,,0,"■相手がコストを支払わずにクリーチャーまたは呪文を実行した時、次の相手のターン終了時まで、相手の使用可能マナを1少なくする。（この効果は重複しない）
（覚醒リンク後：《死海竜ガロウズ・デビルドラゴン》）",,dmps_official_api,https://dmps.takaratomy.co.jp/api1.0/plays/search.json
1227000,ブーストグレンオー,ブーストグレンオー,火,5,サイキック・クリーチャー,,3000,,,PS,フレイム・モンスター/ハンター,フレイム・モンスター/ハンター,"■バトルゾーンに出た時、このクリーチャーよりパワーが小さい相手のクリーチャー1体を破壊する。
（覚醒リンク後：《激竜王ガイアール・オウドラゴン》）",ブーストグレンオー、邪魔者は任せた！――ガイアール・カイザー,Hisanobu Kometani,,LEGEND OF PLAY'S 2026,-,0,下記に表示している対象カードをパックから入手することで獲得します,1225000,"1227000,1229000",,,,ブーストグレンオー,火,,1,"■バトルゾーンに出た時、このクリーチャーよりパワーが小さい相手のクリーチャー1体を破壊する。
（覚醒リンク後：《激竜王ガイアール・オウドラゴン》）",,dmps_official_api,https://dmps.takaratomy.co.jp/api1.0/plays/search.json
1228000,ドラゴニック・ピッピー,ドラゴニック・ピッピー,火,3,サイキック・クリーチャー,,2000,+,,PS,ファイアー・バード/ハンター,ファイアー・バード/ハンター,"■P'S覚醒リンク：自分のターン開始時または自分の《ガイアール・カイザー》がバトルゾーンに出た時、自分の《ガイアール・カイザー》と《ブーストグレンオー》があれば、そのクリーチャーとこのクリーチャーをすべて裏返し《激竜王ガイアール・オウドラゴン》にリンクさせる。
■ハンティング",「全員揃ったな！」「さぁ、行くぜッピ！」――ガイアール・カイザー&ドラゴニック・ピッピー,Hisanobu Kometani,新井笙子,LEGEND OF PLAY'S 2026,-,0,下記に表示している対象カードをパックから入手することで獲得します,1225000,"1228000,1229000",,,,ドラゴニック・ピッピー,火,"P'S覚醒リンク,ハンティング",1,"■P'S覚醒リンク：自分のターン開始時または自分の《ガイアール・カイザー》がバトルゾーンに出た時、自分の《ガイアール・カイザー》と《ブーストグレンオー》があれば、そのクリーチャーとこのクリーチャーをすべて裏返し《激竜王ガイアール・オウドラゴン》にリンクさせる。
■ハンティング",,dmps_official_api,https://dmps.takaratomy.co.jp/api1.0/plays/search.json
805000,小結 座美の花,こむすび ザビのはな,闇,2,サイキック・クリーチャー,,1000,,,PS,リビング・デッド/エイリアン,リビング・デッド/エイリアン,"■相手のクリーチャーは、可能であればブロックする。
（覚醒リンク後：《雲龍 ディス・イズ・大横綱》）",横綱を目指してます。日々精進、突進あるのみです。まずはこの一番っす！――小結 座美の花,Yosuke Adachi,あべそういち,PLAY'S CHRONICLE PACK Ⅱ,-,0,,,"805000,811300",,,,小結 座美の花,闇,,1,"■相手のクリーチャーは、可能であればブロックする。
（覚醒リンク後：《雲龍 ディス・イズ・大横綱》）",,dmps_official_api,https://dmps.takaratomy.co.jp/api1.0/plays/search.json
806500,横綱 義留の富士,よこづな ギルのふじ,火,8,サイキック・クリーチャー,,7000,,,PS,フレイム・コマンド/エイリアン,フレイム・コマンド/エイリアン,"■W・ブレイカー
■バトルに勝った時、アンタップする。
（覚醒リンク後：《雲龍 ディス・イズ・大横綱》）",頂上であって同時に崖っぷちっス。いま強くなる稽古と、大横綱になるための稽古の両方をしなくちゃならない。――横綱 義留の富士,Yosuke Adachi,中西正樹,PLAY'S CHRONICLE PACK Ⅱ,-,0,,,"806500,811300",,,,横綱 義留の富士,火,W・ブレイカー,1,"■W・ブレイカー
■バトルに勝った時、アンタップする。
（覚醒リンク後：《雲龍 ディス・イズ・大横綱》）",,dmps_official_api,https://dmps.takaratomy.co.jp/api1.0/plays/search.json
808100,大関 地男の里,おおぜき ジオのさと,自然,3,サイキック・クリーチャー,,2000,,,PS,ワイルド・ベジーズ/エイリアン,ワイルド・ベジーズ/エイリアン,"■自分の他のエイリアンすべてのパワーは+2000される。
■P'S覚醒リンク：自分のターン開始時または自分の《横綱 義留の富士》がバトルゾーンに出た時、自分の《横綱 義留の富士》と《小結 座美の花》があれば、そのクリーチャーとこのクリーチャーをすべて裏返し《雲龍 ディス・イズ・大横綱》にリンクさせる。",強くなるために、体だけでなく心も技も鍛えるっす！――大関 地男の里,Yosuke Adachi,あべそういち,PLAY'S CHRONICLE PACK Ⅱ,-,0,,,"808100,811300",,,,大関 地男の里,自然,P'S覚醒リンク,1,"■自分の他のエイリアンすべてのパワーは+2000される。
■P'S覚醒リンク：自分のターン開始時または自分の《横綱 義留の富士》がバトルゾーンに出た時、自分の《横綱 義留の富士》と《小結 座美の花》があれば、そのクリーチャーとこのクリーチャーをすべて裏返し《雲龍 ディス・イズ・大横綱》にリンクさせる。",,dmps_official_api,https://dmps.takaratomy.co.jp/api1.0/plays/search.json
810000,マザー・エイリアン＜よろこんで＞,マザー・エイリアン＜よろこんで＞,光水,6,サイキック・クリーチャー,,6000,,,PS,エイリアン,エイリアン,"■W・ブレイカー
■自分の、名前に《エイリアン》とあるクリーチャーが破壊される時、そのパワーが0より大きいなら、かわりに自分の最もパワーの小さい、進化でもサイキックでもないエイリアン1体を破壊する。（複数あるなら、その中からランダムに1体）",よろこんで。,Hisanobu Kometani,ユリン千晶,PLAY'S CHRONICLE PACK Ⅱ,-,0,,,"810000,810200",,,,マザー・エイリアン＜よろこんで＞,光水,W・ブレイカー,1,"■W・ブレイカー
■自分の、名前に《エイリアン》とあるクリーチャーが破壊される時、そのパワーが0より大きいなら、かわりに自分の最もパワーの小さい、進化でもサイキックでもないエイリアン1体を破壊する。（複数あるなら、その中からランダムに1体）",,dmps_official_api,https://dmps.takaratomy.co.jp/api1.0/plays/search.json
810100,エイリアン・ファーザー＜1曲いかが？＞,エイリアン・ファーザー＜1きょくいかが？＞,闇火,4,サイキック・クリーチャー,,4000,,,PS,エイリアン,エイリアン,"■自分のエイリアンはすべて「スレイヤー」を得る。
■覚醒リンク：自分のターン開始時、自分の《マザー・エイリアン＜よろこんで＞》があれば、そのクリーチャーとこのクリーチャーをすべて裏返し《魅惑のダンシング・エイリアン》にリンクさせる。",1曲いかが？,Hisanobu Kometani,武内駿輔,PLAY'S CHRONICLE PACK Ⅱ,-,0,,,"810100,810200",,,,エイリアン・ファーザー＜1曲いかが？＞,闇火,覚醒リンク,1,"■自分のエイリアンはすべて「スレイヤー」を得る。
■覚醒リンク：自分のターン開始時、自分の《マザー・エイリアン＜よろこんで＞》があれば、そのクリーチャーとこのクリーチャーをすべて裏返し《魅惑のダンシング・エイリアン》にリンクさせる。",,dmps_official_api,https://dmps.takaratomy.co.jp/api1.0/plays/search.json
684400,時空の支配者ディアボロス Z,じくうのしはいしゃディアボロス ゼータ,光水闇火自然,10,サイキック・クリーチャー,,9000,,,PS,ワールド・コマンド,ワールド・コマンド,"◇ブロッカー
■攻撃できない。
■相手のクリーチャーの能力によって、相手がクリーチャーを選ぶ時、このクリーチャーは選べない。
■覚醒：自分のターン開始時、バトルゾーンの自分の他のエレメント、またはマナゾーンからカードを3枚選び、山札に加えてシャッフルしてもよい。そうした場合、このクリーチャーを《最凶の覚醒者デビル・ディアボロス Z》のほうに裏返す。",世界の狭間、パンドラ・スペース。それはゼニスにも不可侵の世界。それゆえ、もっとも恐れられ、侵略された世界。,Sansyu,宮本誉之,LEGEND OF PLAY'S 2025,-,0,,,"684400,684500",,,,時空の支配者ディアボロス Z,光水闇火自然,"ブロッカー,覚醒",0,"◇ブロッカー
■攻撃できない。
■相手のクリーチャーの能力によって、相手がクリーチャーを選ぶ時、このクリーチャーは選べない。
■覚醒：自分のターン開始時、バトルゾーンの自分の他のエレメント、またはマナゾーンからカードを3枚選び、山札に加えてシャッフルしてもよい。そうした場合、このクリーチャーを《最凶の覚醒者デビル・ディアボロス Z》のほうに裏返す。",,dmps_official_api,https://dmps.takaratomy.co.jp/api1.0/plays/search.json
684100,勝利のガイアール・カイザー,しょうりのガイアール・カイザー,闇火自然,7,サイキック・クリーチャー,,5000,,,PS,レッド・コマンド・ドラゴン/ハンター,レッド・コマンド・ドラゴン/ハンター,"■スピードアタッカー
■バトルゾーンに出た時、そのターン、アンタップしているクリーチャーを攻撃できる。
（覚醒リンク後：《唯我独尊ガイアール・オレドラゴン》）",私ある所に勝利あり！――勝利のガイアール・カイザー,kaNoi,渡辺紘,LEGEND OF PLAY'S 2025,-,0,下記に表示している対象カードをパックから入手することで獲得します,683800,"684100,684200",,,,勝利のガイアール・カイザー,闇火自然,スピードアタッカー,1,"■スピードアタッカー
■バトルゾーンに出た時、そのターン、アンタップしているクリーチャーを攻撃できる。
（覚醒リンク後：《唯我独尊ガイアール・オレドラゴン》）",,dmps_official_api,https://dmps.takaratomy.co.jp/api1.0/plays/search.json
684000,勝利のリュウセイ・カイザー,しょうりのリュウセイ・カイザー,水闇火,7,サイキック・クリーチャー,,6000,,,PS,レッド・コマンド・ドラゴン/ハンター,レッド・コマンド・ドラゴン/ハンター,"■相手が自身のカードをマナゾーンに置く時、使用可能マナは増えない。
■W・ブレイカー
（覚醒リンク後：《唯我独尊ガイアール・オレドラゴン》）",ちょっとウェイト！一旦止まれストップ！――勝利のリュウセイ・カイザー,kaNoi,武内駿輔,LEGEND OF PLAY'S 2025,-,0,下記に表示している対象カードをパックから入手することで獲得します,683800,"684000,684200",,,,勝利のリュウセイ・カイザー,水闇火,W・ブレイカー,1,"■相手が自身のカードをマナゾーンに置く時、使用可能マナは増えない。
■W・ブレイカー
（覚醒リンク後：《唯我独尊ガイアール・オレドラゴン》）",,dmps_official_api,https://dmps.takaratomy.co.jp/api1.0/plays/search.json
683900,勝利のプリンプリン,しょうりのプリンプリン,光水自然,5,サイキック・クリーチャー,,4000,,,PS,ハンター/エイリアン,ハンター/エイリアン,"■バトルゾーンに出た時、相手のクリーチャーを1体選ぶ。次の自分のターン開始時まで、そのクリーチャーは攻撃もブロックもできない。
■V覚醒リンク：自分の《勝利のガイアール・カイザー》と《勝利のリュウセイ・カイザー》がある時、そのクリーチャーとこのクリーチャーをすべて裏返し《唯我独尊ガイアール・オレドラゴン》にリンクさせる。",この戦いも当然ビクトリーじゃ！――勝利のプリンプリン,kaNoi,ユリン千晶,LEGEND OF PLAY'S 2025,-,0,下記に表示している対象カードをパックから入手することで獲得します,683800,"683900,684200",,,,勝利のプリンプリン,光水自然,V覚醒リンク,1,"■バトルゾーンに出た時、相手のクリーチャーを1体選ぶ。次の自分のターン開始時まで、そのクリーチャーは攻撃もブロックもできない。
■V覚醒リンク：自分の《勝利のガイアール・カイザー》と《勝利のリュウセイ・カイザー》がある時、そのクリーチャーとこのクリーチャーをすべて裏返し《唯我独尊ガイアール・オレドラゴン》にリンクさせる。",,dmps_official_api,https://dmps.takaratomy.co.jp/api1.0/plays/search.json
628100,時空の司令 コンボイ・トレーラー,じくうのしれい コンボイ・トレーラー,水火,7,サイキック・クリーチャー,,5000,,,PS,フレイム・コマンド/グレートメカオー/ハンター,フレイム・コマンド/グレートメカオー/ハンター,"◇ブロッカー
■攻撃できない。
■覚醒：自分のターン開始時、自分の手札から進化でないグレートメカオー1枚をバトルゾーンに出してもよい。そうした場合、このクリーチャーを《司令官の覚醒者 コンボイ》のほうに裏返す。",さて、今日のトランスフォーマーは！デュエプレの世界から、熱き戦いをお届けしよう。,-,玄田哲章,PLAY'S CHRONICLE PACK,-,0,,,"628100,628000",,,,時空の司令 コンボイ・トレーラー,水火,"ブロッカー,覚醒",0,"◇ブロッカー
■攻撃できない。
■覚醒：自分のターン開始時、自分の手札から進化でないグレートメカオー1枚をバトルゾーンに出してもよい。そうした場合、このクリーチャーを《司令官の覚醒者 コンボイ》のほうに裏返す。",,dmps_official_api,https://dmps.takaratomy.co.jp/api1.0/plays/search.json
491820,時空の悪魔龍 ディアボロス ZZ,じくうのあくまりゅう ディアボロス ダブルゼータ,闇,10,サイキック・クリーチャー,,9000,,,PS,デーモン・コマンド・ドラゴン,デーモン・コマンド・ドラゴン,"◇ブロッカー
■攻撃できない。
■相手のクリーチャーの能力によって、相手がクリーチャーを選ぶ時、このクリーチャーは選べない。
■覚醒：自分のターン開始時、バトルゾーンの自分の他のエレメント、またはマナゾーンからカードを3枚選び、墓地に置いてもよい。そうした場合、このクリーチャーを《究極の覚醒者 デビル・ディアボロス ZZ》のほうに裏返す。",これがメイドサンタのもてなしだ！,kenko,河野ひより,LEGEND OF PLAY'S 2024,-,0,,,"491820,491920",,,,時空の悪魔龍 ディアボロス ZZ,闇,"ブロッカー,覚醒",0,"◇ブロッカー
■攻撃できない。
■相手のクリーチャーの能力によって、相手がクリーチャーを選ぶ時、このクリーチャーは選べない。
■覚醒：自分のターン開始時、バトルゾーンの自分の他のエレメント、またはマナゾーンからカードを3枚選び、墓地に置いてもよい。そうした場合、このクリーチャーを《究極の覚醒者 デビル・ディアボロス ZZ》のほうに裏返す。",,dmps_official_api,https://dmps.takaratomy.co.jp/api1.0/plays/search.json
493420,時空の侍ボルメテウス・若武者・ドラゴン,じくうのさむらいボルメテウス・わかむしゃ・ドラゴン,火,7,サイキック・クリーチャー,,6000,,,PS,アーマード・ドラゴン/サムライ,アーマード・ドラゴン/サムライ,"■W・ブレイカー
■攻撃する時、相手のパワー3000以下のクリーチャー1体を破壊する。
■覚醒：自分のターン開始時、いずれかのプレイヤーのシールドが2つ以下なら、このクリーチャーを《戦国の覚醒者メビウス・武者・ドラゴン》のほうに裏返す。",華やかに行きましょう！,kenko,指出毬亜,LEGEND OF PLAY'S 2024,-,0,,,"493420,493520",,,,時空の侍ボルメテウス・若武者・ドラゴン,火,"W・ブレイカー,覚醒",0,"■W・ブレイカー
■攻撃する時、相手のパワー3000以下のクリーチャー1体を破壊する。
■覚醒：自分のターン開始時、いずれかのプレイヤーのシールドが2つ以下なら、このクリーチャーを《戦国の覚醒者メビウス・武者・ドラゴン》のほうに裏返す。",,dmps_official_api,https://dmps.takaratomy.co.jp/api1.0/plays/search.json
490300,イオの伝道師ガガ・パックン,イオのでんどうしガガ・パックン,光,4,サイキック・クリーチャー,,3000,,,PS,バーサーカー/エイリアン,バーサーカー/エイリアン,"■相手の呪文を唱えるコストは1多くなる。
■覚醒リンク：自分のターン開始時、自分の《タイタンの大地ジオ・ザ・マン》があれば、そのクリーチャーとこのクリーチャーをすべて裏返し《貪欲バリバリ・パックンガー》にリンクさせる。",よく練られた秘術は、食べ応えがある。,otumami,-,LEGEND OF PLAY'S 2024,-,0,下記に表示している対象カードをパックから入手することで獲得します,490200,"490300,495900",,,,イオの伝道師ガガ・パックン,光,覚醒リンク,1,"■相手の呪文を唱えるコストは1多くなる。
■覚醒リンク：自分のターン開始時、自分の《タイタンの大地ジオ・ザ・マン》があれば、そのクリーチャーとこのクリーチャーをすべて裏返し《貪欲バリバリ・パックンガー》にリンクさせる。",,dmps_official_api,https://dmps.takaratomy.co.jp/api1.0/plays/search.json
491800,時空の悪魔龍 ディアボロス ZZ,じくうのあくまりゅう ディアボロス ダブルゼータ,闇,10,サイキック・クリーチャー,,9000,,,PS,デーモン・コマンド・ドラゴン,デーモン・コマンド・ドラゴン,"◇ブロッカー
■攻撃できない。
■相手のクリーチャーの能力によって、相手がクリーチャーを選ぶ時、このクリーチャーは選べない。
■覚醒：自分のターン開始時、バトルゾーンの自分の他のエレメント、またはマナゾーンからカードを3枚選び、墓地に置いてもよい。そうした場合、このクリーチャーを《究極の覚醒者 デビル・ディアボロス ZZ》のほうに裏返す。",かつてドラゴ大王に滅ぼされたZ一族だったが、彼らの執念は凄まじかった。次元を越え、最後の戦いを挑んできた。,A・Guy,宮本誉之,LEGEND OF PLAY'S 2024,-,0,,,"491800,491900",,,,時空の悪魔龍 ディアボロス ZZ,闇,"ブロッカー,覚醒",0,"◇ブロッカー
■攻撃できない。
■相手のクリーチャーの能力によって、相手がクリーチャーを選ぶ時、このクリーチャーは選べない。
■覚醒：自分のターン開始時、バトルゾーンの自分の他のエレメント、またはマナゾーンからカードを3枚選び、墓地に置いてもよい。そうした場合、このクリーチャーを《究極の覚醒者 デビル・ディアボロス ZZ》のほうに裏返す。",,dmps_official_api,https://dmps.takaratomy.co.jp/api1.0/plays/search.json
493400,時空の侍ボルメテウス・若武者・ドラゴン,じくうのさむらいボルメテウス・わかむしゃ・ドラゴン,火,7,サイキック・クリーチャー,,6000,,,PS,アーマード・ドラゴン/サムライ,アーマード・ドラゴン/サムライ,"■W・ブレイカー
■攻撃する時、相手のパワー3000以下のクリーチャー1体を破壊する。
■覚醒：自分のターン開始時、いずれかのプレイヤーのシールドが2つ以下なら、このクリーチャーを《戦国の覚醒者メビウス・武者・ドラゴン》のほうに裏返す。",超次元から光が射したとき、武者はすべての枷から解放された。肉体は限界を遥かに凌駕し、その魂はまさに覚醒せんとしていた。,hippo,宮本淳,LEGEND OF PLAY'S 2024,-,0,,,"493400,493500",,,,時空の侍ボルメテウス・若武者・ドラゴン,火,"W・ブレイカー,覚醒",0,"■W・ブレイカー
■攻撃する時、相手のパワー3000以下のクリーチャー1体を破壊する。
■覚醒：自分のターン開始時、いずれかのプレイヤーのシールドが2つ以下なら、このクリーチャーを《戦国の覚醒者メビウス・武者・ドラゴン》のほうに裏返す。",,dmps_official_api,https://dmps.takaratomy.co.jp/api1.0/plays/search.json
494800,タイタンの大地ジオ・ザ・マン,タイタンのだいちジオ・ザ・マン,自然,6,サイキック・クリーチャー,,4000,,,PS,ガイア・コマンド/エイリアン,ガイア・コマンド/エイリアン,"■自分のターン終了時、自分のマナゾーンからカード1枚を手札に戻してもよい。
（覚醒リンク後：《貪欲バリバリ・パックンガー》）",よく育った大地は、食べ甲斐がある。,otumami,岡井カツノリ,LEGEND OF PLAY'S 2024,-,0,下記に表示している対象カードをパックから入手することで獲得します,494700,"494800,495900",,,,タイタンの大地ジオ・ザ・マン,自然,,1,"■自分のターン終了時、自分のマナゾーンからカード1枚を手札に戻してもよい。
（覚醒リンク後：《貪欲バリバリ・パックンガー》）",,dmps_official_api,https://dmps.takaratomy.co.jp/api1.0/plays/search.json
299100,アクア・ジェット＜BOOON・スカイ＞,アクア・ジェット＜ブーーーン・スカイ＞,水,4,サイキック・クリーチャー,,3000,+,,PS,リキッド・ピープル/ハンター,リキッド・ピープル/ハンター,"■P'S覚醒リンク：自分のターン開始時または自分の《アクア・アタック<BAGOOON・パンツァー>》がバトルゾーンに出た時、自分の《アクア・アタック<BAGOOON・パンツァー>》と《アクア・カスケード<ZABUUUN・クルーザー>》があれば、そのクリーチャーとこのクリーチャーをすべて裏返し《弩級合身！ジェット・カスケード・アタック》にリンクさせる。
■ハンティング",アタック！カスケード！行くぞ、合体だ！！――アクア・ジェット,Taro Yamazaki,高橋伸也,咆えろ漆黒のガロウズ,-,0,「咆えろ漆黒のガロウズ」を購入、または下記に表示している対象カードを生成することで獲得します,299000,"299100,299500",,,,アクア・ジェット＜BOOON・スカイ＞,水,"P'S覚醒リンク,ハンティング",0,"■P'S覚醒リンク：自分のターン開始時または自分の《アクア・アタック<BAGOOON・パンツァー>》がバトルゾーンに出た時、自分の《アクア・アタック<BAGOOON・パンツァー>》と《アクア・カスケード<ZABUUUN・クルーザー>》があれば、そのクリーチャーとこのクリーチャーをすべて裏返し《弩級合身！ジェット・カスケード・アタック》にリンクさせる。
■ハンティング",,dmps_official_api,https://dmps.takaratomy.co.jp/api1.0/plays/search.json
299200,アクア・カスケード＜ZABUUUN・クルーザー＞,アクア・カスケード＜ザブーーーン・クルーザー＞,水,3,サイキック・クリーチャー,,4000,,,PS,リキッド・ピープル/ハンター,リキッド・ピープル/ハンター,"◇ブロッカー
■攻撃できない。
（覚醒リンク後：《弩級合身！ジェット・カスケード・アタック》）",ジェット！アタック！アンノウンのボス、発見！！――アクア・カスケード,Taro Yamazaki,高橋伸也,咆えろ漆黒のガロウズ,-,0,「咆えろ漆黒のガロウズ」を購入、または下記に表示している対象カードを生成することで獲得します,299000,"299200,299500",,,,アクア・カスケード＜ZABUUUN・クルーザー＞,水,ブロッカー,0,"◇ブロッカー
■攻撃できない。
（覚醒リンク後：《弩級合身！ジェット・カスケード・アタック》）",,dmps_official_api,https://dmps.takaratomy.co.jp/api1.0/plays/search.json
299400,アクア・アタック＜BAGOOON・パンツァー＞,アクア・アタック＜バゴーーーン・パンツァー＞,光水,7,サイキック・クリーチャー,,6000,,,PS,リキッド・ピープル/ハンター,リキッド・ピープル/ハンター,"■自分のターン開始時、自分の手札が5枚以下なら、カードを1枚引く。
■自分の水のハンターは攻撃されない。
■W・ブレイカー
（覚醒リンク後：《弩級合身！ジェット・カスケード・アタック》）",こちらアタック！合体、了解！！――アクア・アタック,Taro Yamazaki,高橋伸也,咆えろ漆黒のガロウズ,-,0,「咆えろ漆黒のガロウズ」を購入、または下記に表示している対象カードを生成することで獲得します,299000,"299400,299500",,,,アクア・アタック＜BAGOOON・パンツァー＞,光水,W・ブレイカー,0,"■自分のターン開始時、自分の手札が5枚以下なら、カードを1枚引く。
■自分の水のハンターは攻撃されない。
■W・ブレイカー
（覚醒リンク後：《弩級合身！ジェット・カスケード・アタック》）",,dmps_official_api,https://dmps.takaratomy.co.jp/api1.0/plays/search.json
298100,魂の大番長「四つ牙」,たましいのだいばんちょう「クワトロ・ファング」,自然,6,サイキック・クリーチャー,,6000,,,PS,ビーストフォーク/ハンター,ビーストフォーク/ハンター,"■自分のターン開始時、自分の山札の上から1枚目をマナゾーンに置く。
■W・ブレイカー
（覚醒リンク後：《バンカラ大親分 メンチ斬ルゾウ》）",俺の魂、見せてやるぜ！――魂の大番長「四つ牙」,Kare,高橋伸也,燃えよ紅蓮のガイアール,-,0,「燃えよ紅蓮のガイアール」を購入、または下記に表示している対象カードを生成することで獲得します,298000,"298100,298500",,,,魂の大番長「四つ牙」,自然,W・ブレイカー,0,"■自分のターン開始時、自分の山札の上から1枚目をマナゾーンに置く。
■W・ブレイカー
（覚醒リンク後：《バンカラ大親分 メンチ斬ルゾウ》）",,dmps_official_api,https://dmps.takaratomy.co.jp/api1.0/plays/search.json
298200,カチコミの哲,チェーン・アーム・トライブ,自然,3,サイキック・クリーチャー,,2000,+,,PS,ビーストフォーク/ハンター,ビーストフォーク/ハンター,"■P'S覚醒リンク：自分のターン開始時または自分の《紅蓮の怒 鬼流院 刃》がバトルゾーンに出た時、自分の《紅蓮の怒 鬼流院 刃》と《魂の大番長「四つ牙」》があれば、そのクリーチャーとこのクリーチャーをすべて裏返し《バンカラ大親分 メンチ斬ルゾウ》にリンクさせる。
■ハンティング",刃のアニキ！四つ牙番長！あのすげぇ技、見せてやりたいんだな！！――カチコミの哲,kawasumi,高橋伸也,燃えよ紅蓮のガイアール,-,0,「燃えよ紅蓮のガイアール」を購入、または下記に表示している対象カードを生成することで獲得します,298000,"298200,298500",,,,カチコミの哲,自然,"ハンティング,P'S覚醒リンク",0,"■P'S覚醒リンク：自分のターン開始時または自分の《紅蓮の怒 鬼流院 刃》がバトルゾーンに出た時、自分の《紅蓮の怒 鬼流院 刃》と《魂の大番長「四つ牙」》があれば、そのクリーチャーとこのクリーチャーをすべて裏返し《バンカラ大親分 メンチ斬ルゾウ》にリンクさせる。
■ハンティング",,dmps_official_api,https://dmps.takaratomy.co.jp/api1.0/plays/search.json
298400,紅蓮の怒 鬼流院 刃,ぐれんのいかり きりゅういん じん,火自然,7,サイキック・クリーチャー,,7000,,,PS,ビースト・コマンド/ハンター,ビースト・コマンド/ハンター,"■自分の自然または火のハンターがバトルに勝った時、自分の超次元ゾーンまたはマナゾーンから、そのハンターよりコストが小さく、このターンにバトルゾーンに出たクリーチャーとは異なる名前のハンター1枚をバトルゾーンに出してもよい。
■W・ブレイカー
（覚醒リンク後：《バンカラ大親分 メンチ斬ルゾウ》）",紅蓮の怒りに、仲間も奮い立つ。,Kazuo Matsushima,小島史裕,燃えよ紅蓮のガイアール,-,0,「燃えよ紅蓮のガイアール」を購入、または下記に表示している対象カードを生成することで獲得します,298000,"298400,298500",,,,紅蓮の怒 鬼流院 刃,火自然,W・ブレイカー,0,"■自分の自然または火のハンターがバトルに勝った時、自分の超次元ゾーンまたはマナゾーンから、そのハンターよりコストが小さく、このターンにバトルゾーンに出たクリーチャーとは異なる名前のハンター1枚をバトルゾーンに出してもよい。
■W・ブレイカー
（覚醒リンク後：《バンカラ大親分 メンチ斬ルゾウ》）",,dmps_official_api,https://dmps.takaratomy.co.jp/api1.0/plays/search.json
293120,時空の火焔ボルシャック・ドラゴン,じくうのかえんボルシャック・ドラゴン,火,7,サイキック・クリーチャー,,6000,+,,PS,アーマード・ドラゴン,アーマード・ドラゴン,"■攻撃中、自分の墓地にある火のカード1枚につきパワーを+1000する。
■W・ブレイカー
■覚醒：バトルに勝った時、このクリーチャーを《勝利の覚醒者ボルシャック・メビウス》のほうに裏返す。",どんどんいっきますよーっ！――コッコ・ルピコ,MATSUMOTO EIGHT,指出毬亜,LEGEND OF PLAY'S 2023,-,0,,,"293120,293220",,,,時空の火焔ボルシャック・ドラゴン,火,"W・ブレイカー,覚醒",1,"■攻撃中、自分の墓地にある火のカード1枚につきパワーを+1000する。
■W・ブレイカー
■覚醒：バトルに勝った時、このクリーチャーを《勝利の覚醒者ボルシャック・メビウス》のほうに裏返す。",,dmps_official_api,https://dmps.takaratomy.co.jp/api1.0/plays/search.json
290600,ホワイト・TENMTH・カイザー,ホワイト・テンムス・カイザー,光,7,サイキック・クリーチャー,,6000,,,PS,ホワイト・コマンド・ドラゴン/エイリアン,ホワイト・コマンド・ドラゴン/エイリアン,"■攻撃する時、自分の墓地から呪文1枚を手札に戻してもよい。
■W・ブレイカー
（覚醒リンク後：《シャチホコ・GOLDEN・ドラゴン》）",輝く天の力を持つ龍は、その光で世界を照らす。,Toshiaki Takayama,小島史裕,LEGEND OF PLAY'S 2023,-,0,下記に表示している対象カードをパックから入手、または生成することで獲得します,294200,"290600,296100",,,,ホワイト・TENMTH・カイザー,光,W・ブレイカー,0,"■攻撃する時、自分の墓地から呪文1枚を手札に戻してもよい。
■W・ブレイカー
（覚醒リンク後：《シャチホコ・GOLDEN・ドラゴン》）",,dmps_official_api,https://dmps.takaratomy.co.jp/api1.0/plays/search.json
292400,ブラック・WILLOW・カイザー,ブラック・ウイロウ・カイザー,闇,7,サイキック・クリーチャー,,6000,,,PS,ブラック・コマンド・ドラゴン/エイリアン,ブラック・コマンド・ドラゴン/エイリアン,"■攻撃する時、そのターン、相手のクリーチャー1体のパワーを-3000する。
■W・ブレイカー
■P'S覚醒リンク：自分のターン開始時または自分の《レッド・ABYTHEN・カイザー》がバトルゾーンに出た時、自分の《レッド・ABYTHEN・カイザー》と《ホワイト・TENMTH・カイザー》があれば、そのクリーチャーとこのクリーチャーをすべて裏返し《シャチホコ・GOLDEN・ドラゴン》にリンクさせる。",漆黒の意思の力を持つ龍は、その闇で世界を識る。,Toshiaki Takayama,小島史裕,LEGEND OF PLAY'S 2023,-,0,下記に表示している対象カードをパックから入手、または生成することで獲得します,294200,"292400,296100",,,,ブラック・WILLOW・カイザー,闇,"W・ブレイカー,P'S覚醒リンク",0,"■攻撃する時、そのターン、相手のクリーチャー1体のパワーを-3000する。
■W・ブレイカー
■P'S覚醒リンク：自分のターン開始時または自分の《レッド・ABYTHEN・カイザー》がバトルゾーンに出た時、自分の《レッド・ABYTHEN・カイザー》と《ホワイト・TENMTH・カイザー》があれば、そのクリーチャーとこのクリーチャーをすべて裏返し《シャチホコ・GOLDEN・ドラゴン》にリンクさせる。",,dmps_official_api,https://dmps.takaratomy.co.jp/api1.0/plays/search.json
293100,時空の火焔ボルシャック・ドラゴン,じくうのかえんボルシャック・ドラゴン,火,7,サイキック・クリーチャー,,6000,+,,PS,アーマード・ドラゴン,アーマード・ドラゴン,"■攻撃中、自分の墓地にある火のカード1枚につきパワーを+1000する。
■W・ブレイカー
■覚醒：バトルに勝った時、このクリーチャーを《勝利の覚醒者ボルシャック・メビウス》のほうに裏返す。",戦いを通じて、ボルシャックは覚醒する。,NINNIN,高橋伸也,LEGEND OF PLAY'S 2023,-,0,,,"293100,293200",,,,時空の火焔ボルシャック・ドラゴン,火,"W・ブレイカー,覚醒",1,"■攻撃中、自分の墓地にある火のカード1枚につきパワーを+1000する。
■W・ブレイカー
■覚醒：バトルに勝った時、このクリーチャーを《勝利の覚醒者ボルシャック・メビウス》のほうに裏返す。",,dmps_official_api,https://dmps.takaratomy.co.jp/api1.0/plays/search.json
293300,レッド・ABYTHEN・カイザー,レッド・エビセン・カイザー,火,7,サイキック・クリーチャー,,6000,,,PS,レッド・コマンド・ドラゴン/エイリアン,レッド・コマンド・ドラゴン/エイリアン,"■相手がこのクリーチャーを選んだ時、相手のマナゾーンにあるカードをすべて墓地に置く。
■W・ブレイカー
（覚醒リンク後：《シャチホコ・GOLDEN・ドラゴン》）",燃え盛る深淵の力を持つ龍は、その炎で世界を焼き尽くす。,Toshiaki Takayama,小島史裕,LEGEND OF PLAY'S 2023,-,0,下記に表示している対象カードをパックから入手、または生成することで獲得します,294200,"293300,296100",,,,レッド・ABYTHEN・カイザー,火,W・ブレイカー,0,"■相手がこのクリーチャーを選んだ時、相手のマナゾーンにあるカードをすべて墓地に置く。
■W・ブレイカー
（覚醒リンク後：《シャチホコ・GOLDEN・ドラゴン》）",,dmps_official_api,https://dmps.takaratomy.co.jp/api1.0/plays/search.json
275120,流星のフォーエバー・カイザー,りゅうせいのフォーエバー・カイザー,火,6,サイキック・クリーチャー,,6000,,,PS,レッド・コマンド・ドラゴン/ハンター,レッド・コマンド・ドラゴン/ハンター,"■相手のサイキック・クリーチャーはプレイヤーを攻撃できない。
■W・ブレイカー
（覚醒リンク後：《星龍王ガイアール・リュウセイドラゴン》）",俺達は姫を守るために、ゾルゲと戦わねばならぬ！――流星のフォーエバー・カイザー,tessy,武内駿輔,希望の王女,-,0,下記に表示している対象カードをパックから入手することで獲得します,273920,"275120,275420",,,,流星のフォーエバー・カイザー,火,W・ブレイカー,0,"■相手のサイキック・クリーチャーはプレイヤーを攻撃できない。
■W・ブレイカー
（覚醒リンク後：《星龍王ガイアール・リュウセイドラゴン》）",,dmps_official_api,https://dmps.takaratomy.co.jp/api1.0/plays/search.json
275220,ウコン・ピッピー,ウコン・ピッピー,火,3,サイキック・クリーチャー,,1000,,,PS,ファイアー・バード/ハンター,ファイアー・バード/ハンター,"■自分のドラゴンすべてのパワーは+2000される。
（覚醒リンク後：《星龍王ガイアール・リュウセイドラゴン》）",某、リュウセイ殿と一緒に戦えて幸せですッピ！――ウコン・ピッピー,tessy,小堀真生,希望の王女,-,0,下記に表示している対象カードをパックから入手することで獲得します,273920,"275220,275420",,,,ウコン・ピッピー,火,,0,"■自分のドラゴンすべてのパワーは+2000される。
（覚醒リンク後：《星龍王ガイアール・リュウセイドラゴン》）",,dmps_official_api,https://dmps.takaratomy.co.jp/api1.0/plays/search.json
275320,サコン・ピッピー,サコン・ピッピー,火,2,サイキック・クリーチャー,,3000,,,PS,ファイアー・バード/ハンター,ファイアー・バード/ハンター,■P'S覚醒リンク：自分のターン開始時または自分の《流星のフォーエバー・カイザー》がバトルゾーンに出た時、自分の《流星のフォーエバー・カイザー》と《ウコン・ピッピー》があれば、そのクリーチャーとこのクリーチャーを裏返し《星龍王ガイアール・リュウセイドラゴン》にリンクさせる。,リュウセイ様！私たちがサポートしますッピ！――サコン・ピッピー,tessy,秋山絵理,希望の王女,-,0,下記に表示している対象カードをパックから入手することで獲得します,273920,"275320,275420",,,,サコン・ピッピー,火,P'S覚醒リンク,0,■P'S覚醒リンク：自分のターン開始時または自分の《流星のフォーエバー・カイザー》がバトルゾーンに出た時、自分の《流星のフォーエバー・カイザー》と《ウコン・ピッピー》があれば、そのクリーチャーとこのクリーチャーを裏返し《星龍王ガイアール・リュウセイドラゴン》にリンクさせる。,,dmps_official_api,https://dmps.takaratomy.co.jp/api1.0/plays/search.json
280420,勝利のガイアール・カイザー,しょうりのガイアール・カイザー,闇火自然,7,サイキック・クリーチャー,,5000,,,PS,レッド・コマンド・ドラゴン/ハンター,レッド・コマンド・ドラゴン/ハンター,"■スピードアタッカー
■バトルゾーンに出た時、そのターン、アンタップしているクリーチャーを攻撃できる。
（覚醒リンク後：《唯我独尊ガイアール・オレドラゴン》）",「例えこの剣が折れようとも、私達は勝つ！さあ、行きましょう！姫！」「リュウセイも暑苦しいが、お主も大概じゃな・・・」――勝利のガイアール・カイザー＆勝利のプリンプリン,Sansyu,渡辺紘、ユリン千晶,希望の王女,-,0,下記に表示している対象カードをパックから入手することで獲得します,276620,"280420,280520",,,,勝利のガイアール・カイザー,闇火自然,スピードアタッカー,1,"■スピードアタッカー
■バトルゾーンに出た時、そのターン、アンタップしているクリーチャーを攻撃できる。
（覚醒リンク後：《唯我独尊ガイアール・オレドラゴン》）",,dmps_official_api,https://dmps.takaratomy.co.jp/api1.0/plays/search.json
280320,勝利のリュウセイ・カイザー,しょうりのリュウセイ・カイザー,水闇火,7,サイキック・クリーチャー,,6000,,,PS,レッド・コマンド・ドラゴン/ハンター,レッド・コマンド・ドラゴン/ハンター,"■相手が自身のカードをマナゾーンに置く時、使用可能マナは増えない。
■W・ブレイカー
（覚醒リンク後：《唯我独尊ガイアール・オレドラゴン》）",「姫！肩を並べて戦えるとは身に余る光栄、グローリー！」「近い近い！ちと離れるのじゃ！」――勝利のリュウセイ・カイザー＆勝利のプリンプリン,KISUKE,武内駿輔、ユリン千晶,希望の王女,-,0,下記に表示している対象カードをパックから入手することで獲得します,276620,"280320,280520",,,,勝利のリュウセイ・カイザー,水闇火,W・ブレイカー,1,"■相手が自身のカードをマナゾーンに置く時、使用可能マナは増えない。
■W・ブレイカー
（覚醒リンク後：《唯我独尊ガイアール・オレドラゴン》）",,dmps_official_api,https://dmps.takaratomy.co.jp/api1.0/plays/search.json
280220,勝利のプリンプリン,しょうりのプリンプリン,光水自然,5,サイキック・クリーチャー,,4000,,,PS,ハンター/エイリアン,ハンター/エイリアン,"■バトルゾーンに出た時、相手のクリーチャーを1体選ぶ。次の自分のターン開始時まで、そのクリーチャーは攻撃もブロックもできない。
■V覚醒リンク：自分の《勝利のガイアール・カイザー》と《勝利のリュウセイ・カイザー》がある時、そのクリーチャーとこのクリーチャーをすべて裏返し《唯我独尊ガイアール・オレドラゴン》にリンクさせる。",我らは栄えある未来のために戦うのじゃ！行くぞ！リュウセイ！ガイアール！――勝利のプリンプリン,Hisanobu Kometani,ユリン千晶,希望の王女,-,0,下記に表示している対象カードをパックから入手することで獲得します,276620,"280220,280520",,,,勝利のプリンプリン,光水自然,V覚醒リンク,1,"■バトルゾーンに出た時、相手のクリーチャーを1体選ぶ。次の自分のターン開始時まで、そのクリーチャーは攻撃もブロックもできない。
■V覚醒リンク：自分の《勝利のガイアール・カイザー》と《勝利のリュウセイ・カイザー》がある時、そのクリーチャーとこのクリーチャーをすべて裏返し《唯我独尊ガイアール・オレドラゴン》にリンクさせる。",,dmps_official_api,https://dmps.takaratomy.co.jp/api1.0/plays/search.json
271000,光器セイント・アヴェ・マリア,こうきセイント・アヴェ・マリア,光,6,サイキック・クリーチャー,,5500,+,,PS,メカ・デル・ソル/ハンター,メカ・デル・ソル/ハンター,"◇ブロッカー
■ブロック中、パワーを+2000する。
■自分のターン終了時、自分のハンターをすべてアンタップする。
（覚醒リンク後：《豪遊！セイント・シャン・メリー》）",私に任せれば、皆ハッピーになれるのですわ！――光器セイント・アヴェ・マリア,Ishibashi Yosuke,城内由茄子,希望の王女,-,0,下記に表示している対象カードをパックから入手することで獲得します,270000,"271000,271300",,,,光器セイント・アヴェ・マリア,光,ブロッカー,0,"◇ブロッカー
■ブロック中、パワーを+2000する。
■自分のターン終了時、自分のハンターをすべてアンタップする。
（覚醒リンク後：《豪遊！セイント・シャン・メリー》）",,dmps_official_api,https://dmps.takaratomy.co.jp/api1.0/plays/search.json
271100,アルプスの使徒メリーアン,アルプスのしとメリーアン,光,3,サイキック・クリーチャー,,3000,,,PS,イニシエート/ハンター,イニシエート/ハンター,"◇ブロッカー
■相手プレイヤーを攻撃できない。
（覚醒リンク後：《豪遊！セイント・シャン・メリー》）",ハンターに勝利の祝福を！――アルプスの使徒メリーアン,Ishibashi Yosuke,新井笙子,希望の王女,-,0,下記に表示している対象カードをパックから入手することで獲得します,270000,"271100,271300",,,,アルプスの使徒メリーアン,光,ブロッカー,0,"◇ブロッカー
■相手プレイヤーを攻撃できない。
（覚醒リンク後：《豪遊！セイント・シャン・メリー》）",,dmps_official_api,https://dmps.takaratomy.co.jp/api1.0/plays/search.json
271200,光器シャンデリア,こうきシャンデリア,光,2,サイキック・クリーチャー,,2000,,,PS,メカ・デル・ソル/ハンター,メカ・デル・ソル/ハンター,"■各ターン、初めてバトルゾーンを離れる時、パワーが0より大きければ、かわりに自分の手札から、最もコストの小さい光のカード1枚を捨てる。（複数あるなら、その中からランダムに1枚）
■P'S覚醒リンク：自分のターン開始時または自分の《光器セイント・アヴェ・マリア》がバトルゾーンに出た時、自分の《光器セイント・アヴェ・マリア》と《アルプスの使徒メリーアン》があれば、そのクリーチャーとこのクリーチャーをすべて裏返し《豪遊！セイント・シャン・メリー》にリンクさせる。",マザーの試練を乗り越えた時、聖なる鐘の音が鳴り響く。,Ishibashi Yosuke,新井笙子,希望の王女,-,0,下記に表示している対象カードをパックから入手することで獲得します,270000,"271200,271300",,,,光器シャンデリア,光,P'S覚醒リンク,0,"■各ターン、初めてバトルゾーンを離れる時、パワーが0より大きければ、かわりに自分の手札から、最もコストの小さい光のカード1枚を捨てる。（複数あるなら、その中からランダムに1枚）
■P'S覚醒リンク：自分のターン開始時または自分の《光器セイント・アヴェ・マリア》がバトルゾーンに出た時、自分の《光器セイント・アヴェ・マリア》と《アルプスの使徒メリーアン》があれば、そのクリーチャーとこのクリーチャーをすべて裏返し《豪遊！セイント・シャン・メリー》にリンクさせる。",,dmps_official_api,https://dmps.takaratomy.co.jp/api1.0/plays/search.json
273600,ヴォルグ・サンダー,ヴォルグ・サンダー,闇,6,サイキック・クリーチャー,,7000,,,PS,デーモン・コマンド/ハンター,デーモン・コマンド/ハンター,"■バトルゾーンに出た時、自分の山札の上からクリーチャーが2枚出るまでカードを墓地に置いてもよい。
■W・ブレイカー
（覚醒リンク後：《雷獣ヴォルグ・ティーガー》）",雷を宿す牙が、魂を噛み砕く！,RUI MARUYAMA,一宮拓樹,希望の王女,-,0,下記に表示している対象カードをパックから入手することで獲得します,272500,"273600,273800",,,,ヴォルグ・サンダー,闇,W・ブレイカー,0,"■バトルゾーンに出た時、自分の山札の上からクリーチャーが2枚出るまでカードを墓地に置いてもよい。
■W・ブレイカー
（覚醒リンク後：《雷獣ヴォルグ・ティーガー》）",,dmps_official_api,https://dmps.takaratomy.co.jp/api1.0/plays/search.json
273700,サンダー・ティーガー,サンダー・ティーガー,闇,5,サイキック・クリーチャー,,3000,,,PS,デーモン・コマンド/ハンター,デーモン・コマンド/ハンター,"■バトルゾーンに出た時、そのターン、相手のクリーチャー1体のパワーを-2000する。
■覚醒リンク：自分のターン開始時、自分の《ヴォルグ・サンダー》があれば、そのクリーチャーとこのクリーチャーを裏返し《雷獣ヴォルグ・ティーガー》にリンクさせる。",雷の如き爪が、肉体を引き裂く！,RUI MARUYAMA,一宮拓樹,希望の王女,-,0,下記に表示している対象カードをパックから入手することで獲得します,272500,"273700,273800",,,,サンダー・ティーガー,闇,覚醒リンク,0,"■バトルゾーンに出た時、そのターン、相手のクリーチャー1体のパワーを-2000する。
■覚醒リンク：自分のターン開始時、自分の《ヴォルグ・サンダー》があれば、そのクリーチャーとこのクリーチャーを裏返し《雷獣ヴォルグ・ティーガー》にリンクさせる。",,dmps_official_api,https://dmps.takaratomy.co.jp/api1.0/plays/search.json
273500,シルバー・ヴォルグ,シルバー・ヴォルグ,闇,5,サイキック・クリーチャー,,6000,,,PS,ダーク・モンスター/ハンター,ダーク・モンスター/ハンター,"◇ブロッカー
■相手プレイヤーを攻撃できない。
■覚醒リンク：自分のターン開始時、自分の《プロト・ガイアール》があれば、そのクリーチャーとこのクリーチャーを裏返し《撃墜王ガイアール・キラードラゴン》にリンクさせる。",いつでもいけるぞ！プロト・ガイアール！――シルバー・ヴォルグ,Yuri Shinjuro,米田基裕,希望の王女,-,0,下記に表示している対象カードをパックから入手、または生成することで獲得します,277700,"273500,280800",,,,シルバー・ヴォルグ,闇,"ブロッカー,覚醒リンク",0,"◇ブロッカー
■相手プレイヤーを攻撃できない。
■覚醒リンク：自分のターン開始時、自分の《プロト・ガイアール》があれば、そのクリーチャーとこのクリーチャーを裏返し《撃墜王ガイアール・キラードラゴン》にリンクさせる。",,dmps_official_api,https://dmps.takaratomy.co.jp/api1.0/plays/search.json
275100,流星のフォーエバー・カイザー,りゅうせいのフォーエバー・カイザー,火,6,サイキック・クリーチャー,,6000,,,PS,レッド・コマンド・ドラゴン/ハンター,レッド・コマンド・ドラゴン/ハンター,"■相手のサイキック・クリーチャーはプレイヤーを攻撃できない。
■W・ブレイカー
（覚醒リンク後：《星龍王ガイアール・リュウセイドラゴン》）",貴方がプリン様ですか！探していた姫をとうとう見つけた、ディスカバリー！――流星のフォーエバー・カイザー,NINNIN,武内駿輔,希望の王女,-,0,下記に表示している対象カードをパックから入手することで獲得します,273900,"275100,275400",,,,流星のフォーエバー・カイザー,火,W・ブレイカー,0,"■相手のサイキック・クリーチャーはプレイヤーを攻撃できない。
■W・ブレイカー
（覚醒リンク後：《星龍王ガイアール・リュウセイドラゴン》）",,dmps_official_api,https://dmps.takaratomy.co.jp/api1.0/plays/search.json
275000,プロト・ガイアール,プロト・ガイアール,火,5,サイキック・クリーチャー,,4000,,,PS,フレイム・モンスター/ハンター,フレイム・モンスター/ハンター,"■攻撃する時、自分の超次元ゾーンから《シルバー・ヴォルグ》1枚をバトルゾーンに出してもよい。
（覚醒リンク後：《撃墜王ガイアール・キラードラゴン》）",シルバー・ヴォルグ！準備はいいか！――プロト・ガイアール,Akira Hamada,米田基裕,希望の王女,-,0,下記に表示している対象カードをパックから入手、または生成することで獲得します,278000,"275000,280800",,,,プロト・ガイアール,火,,0,"■攻撃する時、自分の超次元ゾーンから《シルバー・ヴォルグ》1枚をバトルゾーンに出してもよい。
（覚醒リンク後：《撃墜王ガイアール・キラードラゴン》）",,dmps_official_api,https://dmps.takaratomy.co.jp/api1.0/plays/search.json
275200,ウコン・ピッピー,ウコン・ピッピー,火,3,サイキック・クリーチャー,,1000,,,PS,ファイアー・バード/ハンター,ファイアー・バード/ハンター,"■自分のドラゴンすべてのパワーは+2000される。
（覚醒リンク後：《星龍王ガイアール・リュウセイドラゴン》）",流星の名の元に集いし対の鳥達は、永遠の平和を願っていた。,Daisuke Izuka,小堀真生,希望の王女,-,0,下記に表示している対象カードをパックから入手することで獲得します,273900,"275200,275400",,,,ウコン・ピッピー,火,,0,"■自分のドラゴンすべてのパワーは+2000される。
（覚醒リンク後：《星龍王ガイアール・リュウセイドラゴン》）",,dmps_official_api,https://dmps.takaratomy.co.jp/api1.0/plays/search.json
275300,サコン・ピッピー,サコン・ピッピー,火,2,サイキック・クリーチャー,,3000,,,PS,ファイアー・バード/ハンター,ファイアー・バード/ハンター,■P'S覚醒リンク：自分のターン開始時または自分の《流星のフォーエバー・カイザー》がバトルゾーンに出た時、自分の《流星のフォーエバー・カイザー》と《ウコン・ピッピー》があれば、そのクリーチャーとこのクリーチャーを裏返し《星龍王ガイアール・リュウセイドラゴン》にリンクさせる。,「全てをリュウセイ様に！」「これがわたくし達の切り札でございます！」――ウコン・ピッピー＆サコン・ピッピー,Daisuke Izuka,秋山絵理,希望の王女,-,0,下記に表示している対象カードをパックから入手することで獲得します,273900,"275300,275400",,,,サコン・ピッピー,火,P'S覚醒リンク,0,■P'S覚醒リンク：自分のターン開始時または自分の《流星のフォーエバー・カイザー》がバトルゾーンに出た時、自分の《流星のフォーエバー・カイザー》と《ウコン・ピッピー》があれば、そのクリーチャーとこのクリーチャーを裏返し《星龍王ガイアール・リュウセイドラゴン》にリンクさせる。,,dmps_official_api,https://dmps.takaratomy.co.jp/api1.0/plays/search.json
280600,時空の双英ジョン・タッチャブル,じくうのそうえいジョン・タッチャブル,光自然,5,サイキック・クリーチャー,,3000,,,PS,グレートメカオー/ドリームメイト,グレートメカオー/ドリームメイト,"■相手はこのクリーチャーを選べない。
■覚醒：自分のターン終了時、そのターン、自分の他のクリーチャーが3体以上バトルゾーンに出ていたなら、このクリーチャーを《変貌の覚醒者ジョジョン・パワード》のほうに裏返す。",「僕達が！」「新たなヒーローになるんだ！」――時空の双英ジョン・タッチャブル,Kare,渡辺紘、柚木尚子,希望の王女,-,0,,,"280600,280700",,,,時空の双英ジョン・タッチャブル,光自然,覚醒,0,"■相手はこのクリーチャーを選べない。
■覚醒：自分のターン終了時、そのターン、自分の他のクリーチャーが3体以上バトルゾーンに出ていたなら、このクリーチャーを《変貌の覚醒者ジョジョン・パワード》のほうに裏返す。",,dmps_official_api,https://dmps.takaratomy.co.jp/api1.0/plays/search.json
279900,激沸騰！オンセン・ガロウズ,げきふっとう！オンセン・ガロウズ,水火,7,サイキック・クリーチャー,,6000,,,PS,サイバー・コマンド/フレイム・コマンド/エイリアン,サイバー・コマンド/フレイム・コマンド/エイリアン,"■W・ブレイカー
■自分のターン中、自分の水または火の進化でないクリーチャーが召喚によってバトルゾーンに出た時、そのクリーチャーを自分の山札の一番上に置いてもよい。そうした場合、そのクリーチャーを山札の上からバトルゾーンに戻す。
（覚醒リンク後：《絶対絶命 ガロウズ・ゴクドラゴン》）",ならば俺も奥の手を出すしかないな ・・・。まさかアンノウンがここまでやるとはねえ！――激沸騰！オンセン・ガロウズ,Toshiaki Takayama,露崎亘,希望の王女,-,0,下記に表示している対象カードをパックから入手、または生成することで獲得します,276500,"279900,280100",,,,激沸騰！オンセン・ガロウズ,水火,W・ブレイカー,0,"■W・ブレイカー
■自分のターン中、自分の水または火の進化でないクリーチャーが召喚によってバトルゾーンに出た時、そのクリーチャーを自分の山札の一番上に置いてもよい。そうした場合、そのクリーチャーを山札の上からバトルゾーンに戻す。
（覚醒リンク後：《絶対絶命 ガロウズ・ゴクドラゴン》）",,dmps_official_api,https://dmps.takaratomy.co.jp/api1.0/plays/search.json
279800,激天下！シャチホコ・カイザー,げきてんか！シャチホコ・カイザー,光闇火,7,サイキック・クリーチャー,,5500,,,PS,レインボー・コマンド・ドラゴン/エイリアン,レインボー・コマンド・ドラゴン/エイリアン,"■自分のターン開始時、自分の墓地からコスト3以下のクリーチャー1枚をバトルゾーンに出してもよい。
（覚醒リンク後：《絶対絶命 ガロウズ・ゴクドラゴン》）",王と女王の仇を討つため、パンドラの力はもう1体のサイキック・スーパー・クリーチャーを誕生させた！,Toshiaki Takayama,宮本誉之,希望の王女,-,0,下記に表示している対象カードをパックから入手、または生成することで獲得します,276500,"279800,280100",,,,激天下！シャチホコ・カイザー,光闇火,,0,"■自分のターン開始時、自分の墓地からコスト3以下のクリーチャー1枚をバトルゾーンに出してもよい。
（覚醒リンク後：《絶対絶命 ガロウズ・ゴクドラゴン》）",,dmps_official_api,https://dmps.takaratomy.co.jp/api1.0/plays/search.json
280400,勝利のガイアール・カイザー,しょうりのガイアール・カイザー,闇火自然,7,サイキック・クリーチャー,,5000,,,PS,レッド・コマンド・ドラゴン/ハンター,レッド・コマンド・ドラゴン/ハンター,"■スピードアタッカー
■バトルゾーンに出た時、そのターン、アンタップしているクリーチャーを攻撃できる。
（覚醒リンク後：《唯我独尊ガイアール・オレドラゴン》）",ハンターとエイリアンは、姫の下で一丸となり強敵に立ち向かう。その先にある勝利を信じて。,Hisanobu Kometani,渡辺紘,希望の王女,-,0,下記に表示している対象カードをパックから入手、または生成することで獲得します,276600,"280400,280500",,,,勝利のガイアール・カイザー,闇火自然,スピードアタッカー,1,"■スピードアタッカー
■バトルゾーンに出た時、そのターン、アンタップしているクリーチャーを攻撃できる。
（覚醒リンク後：《唯我独尊ガイアール・オレドラゴン》）",,dmps_official_api,https://dmps.takaratomy.co.jp/api1.0/plays/search.json
280300,勝利のリュウセイ・カイザー,しょうりのリュウセイ・カイザー,水闇火,7,サイキック・クリーチャー,,6000,,,PS,レッド・コマンド・ドラゴン/ハンター,レッド・コマンド・ドラゴン/ハンター,"■相手が自身のカードをマナゾーンに置く時、使用可能マナは増えない。
■W・ブレイカー
（覚醒リンク後：《唯我独尊ガイアール・オレドラゴン》）",王女プリンは無念の亡き父・母の遺志、そして世界を命がけで守ろうとしている！我はその思いに賛同し、最後まで戦うのだ！！――勝利のリュウセイ・カイザー,NINNIN,武内駿輔,希望の王女,-,0,下記に表示している対象カードをパックから入手、または生成することで獲得します,276600,"280300,280500",,,,勝利のリュウセイ・カイザー,水闇火,W・ブレイカー,1,"■相手が自身のカードをマナゾーンに置く時、使用可能マナは増えない。
■W・ブレイカー
（覚醒リンク後：《唯我独尊ガイアール・オレドラゴン》）",,dmps_official_api,https://dmps.takaratomy.co.jp/api1.0/plays/search.json
280000,激相撲！ツッパリキシ,げきずもう！ツッパリキシ,闇火自然,5,サイキック・クリーチャー,,5000,,,PS,フレイム・コマンド/エイリアン,フレイム・コマンド/エイリアン,"■自分の他のクリーチャーのパワーは、そのクリーチャーが持つ文明ひとつにつき+1000される。
■P'S覚醒リンク：自分のターン開始時または自分の《激沸騰！オンセン・ガロウズ》がバトルゾーンに出た時、自分の《激沸騰！オンセン・ガロウズ》と《激天下！シャチホコ・カイザー》があれば、そのクリーチャーとこのクリーチャーをすべて裏返し《絶対絶命 ガロウズ・ゴクドラゴン》にリンクさせる。",王と女王は土俵際でも諦めなかった。俺達が諦めちまったら、お二人に顔向けができないぜ！――激相撲！ツッパリキシ,RUI MARUYAMA,宮本誉之,希望の王女,-,0,下記に表示している対象カードをパックから入手、または生成することで獲得します,276500,"280000,280100",,,,激相撲！ツッパリキシ,闇火自然,P'S覚醒リンク,0,"■自分の他のクリーチャーのパワーは、そのクリーチャーが持つ文明ひとつにつき+1000される。
■P'S覚醒リンク：自分のターン開始時または自分の《激沸騰！オンセン・ガロウズ》がバトルゾーンに出た時、自分の《激沸騰！オンセン・ガロウズ》と《激天下！シャチホコ・カイザー》があれば、そのクリーチャーとこのクリーチャーをすべて裏返し《絶対絶命 ガロウズ・ゴクドラゴン》にリンクさせる。",,dmps_official_api,https://dmps.takaratomy.co.jp/api1.0/plays/search.json
280200,勝利のプリンプリン,しょうりのプリンプリン,光水自然,5,サイキック・クリーチャー,,4000,,,PS,ハンター/エイリアン,ハンター/エイリアン,"■バトルゾーンに出た時、相手のクリーチャーを1体選ぶ。次の自分のターン開始時まで、そのクリーチャーは攻撃もブロックもできない。
■V覚醒リンク：自分の《勝利のガイアール・カイザー》と《勝利のリュウセイ・カイザー》がある時、そのクリーチャーとこのクリーチャーをすべて裏返し《唯我独尊ガイアール・オレドラゴン》にリンクさせる。",わらわのかわいい弟達のためにも、ここでやられるわけにいかんのじゃ！ゆくぞ、リュウセイ！ガイアール！――勝利のプリンプリン,Hisanobu Kometani,ユリン千晶,希望の王女,-,0,下記に表示している対象カードをパックから入手、または生成することで獲得します,276600,"280200,280500",,,,勝利のプリンプリン,光水自然,V覚醒リンク,1,"■バトルゾーンに出た時、相手のクリーチャーを1体選ぶ。次の自分のターン開始時まで、そのクリーチャーは攻撃もブロックもできない。
■V覚醒リンク：自分の《勝利のガイアール・カイザー》と《勝利のリュウセイ・カイザー》がある時、そのクリーチャーとこのクリーチャーをすべて裏返し《唯我独尊ガイアール・オレドラゴン》にリンクさせる。",,dmps_official_api,https://dmps.takaratomy.co.jp/api1.0/plays/search.json
250120,ガイアール・カイザー,ガイアール・カイザー,火,8,サイキック・クリーチャー,,6000,,,PS,レッド・コマンド・ドラゴン/ハンター,レッド・コマンド・ドラゴン/ハンター,"■スピードアタッカー
■自分のシールドがブレイクされる時、そのシールドを見る。手札に加えるかわりにそれを自分の墓地に置いてもよい。そうした場合、自分の超次元ゾーンから、こうして墓地に置いたカードのいずれかと同じコストのハンター・サイキック・クリーチャー1枚をバトルゾーンに出す。
■W・ブレイカー
（覚醒リンク後：《激竜王ガイアール・オウドラゴン》）",行く先にあるのは、勝利のみ！,Ishibashi Yosuke,渡辺紘,激竜王の目覚め,-,0,下記に表示している対象カードをパックから入手することで獲得します,250020,"250120,250420",,,,ガイアール・カイザー,火,"スピードアタッカー,W・ブレイカー",1,"■スピードアタッカー
■自分のシールドがブレイクされる時、そのシールドを見る。手札に加えるかわりにそれを自分の墓地に置いてもよい。そうした場合、自分の超次元ゾーンから、こうして墓地に置いたカードのいずれかと同じコストのハンター・サイキック・クリーチャー1枚をバトルゾーンに出す。
■W・ブレイカー
（覚醒リンク後：《激竜王ガイアール・オウドラゴン》）",,dmps_official_api,https://dmps.takaratomy.co.jp/api1.0/plays/search.json
250220,ブーストグレンオー,ブーストグレンオー,火,5,サイキック・クリーチャー,,3000,,,PS,フレイム・モンスター/ハンター,フレイム・モンスター/ハンター,"■バトルゾーンに出た時、このクリーチャーよりパワーが小さい相手のクリーチャー1体を破壊する。
（覚醒リンク後：《激竜王ガイアール・オウドラゴン》）",その咆哮が勝利の雄叫び！,Ishibashi Yosuke,-,激竜王の目覚め,-,0,下記に表示している対象カードをパックから入手することで獲得します,250020,"250220,250420",,,,ブーストグレンオー,火,,1,"■バトルゾーンに出た時、このクリーチャーよりパワーが小さい相手のクリーチャー1体を破壊する。
（覚醒リンク後：《激竜王ガイアール・オウドラゴン》）",,dmps_official_api,https://dmps.takaratomy.co.jp/api1.0/plays/search.json
250320,ドラゴニック・ピッピー,ドラゴニック・ピッピー,火,3,サイキック・クリーチャー,,2000,+,,PS,ファイアー・バード/ハンター,ファイアー・バード/ハンター,"■P'S覚醒リンク：自分のターン開始時または自分の《ガイアール・カイザー》がバトルゾーンに出た時、自分の《ガイアール・カイザー》と《ブーストグレンオー》があれば、そのクリーチャーとこのクリーチャーをすべて裏返し《激竜王ガイアール・オウドラゴン》にリンクさせる。
■ハンティング",これが僕達の、勇気と覚悟の結晶だッピ！――ドラゴニック・ピッピー,Ishibashi Yosuke,新井笙子,激竜王の目覚め,-,0,下記に表示している対象カードをパックから入手することで獲得します,250020,"250320,250420",,,,ドラゴニック・ピッピー,火,"P'S覚醒リンク,ハンティング",1,"■P'S覚醒リンク：自分のターン開始時または自分の《ガイアール・カイザー》がバトルゾーンに出た時、自分の《ガイアール・カイザー》と《ブーストグレンオー》があれば、そのクリーチャーとこのクリーチャーをすべて裏返し《激竜王ガイアール・オウドラゴン》にリンクさせる。
■ハンティング",,dmps_official_api,https://dmps.takaratomy.co.jp/api1.0/plays/search.json
253500,時空のガガ・シリウス,じくうのガガ・シリウス,光,6,サイキック・クリーチャー,,11500,,,PS,エンジェル・コマンド/エイリアン,エンジェル・コマンド/エイリアン,"◇ブロッカー
■相手プレイヤーを攻撃できない。
■ループ覚醒：自分のターン開始時、このクリーチャーを《時空のセブ・ランサー》のほうに裏返してもよい。",強者の記憶に新たな強敵。素晴らしい、この世界に来た甲斐があるというものだ。――時空のセブ・ランサー,hippo,水中雅章,激竜王の目覚め,-,0,,,"253500,255400",,,,時空のガガ・シリウス,光,"ブロッカー,ループ覚醒",0,"◇ブロッカー
■相手プレイヤーを攻撃できない。
■ループ覚醒：自分のターン開始時、このクリーチャーを《時空のセブ・ランサー》のほうに裏返してもよい。",,dmps_official_api,https://dmps.takaratomy.co.jp/api1.0/plays/search.json
253600,イオの伝道師ガガ・パックン,イオのでんどうしガガ・パックン,光,4,サイキック・クリーチャー,,3000,,,PS,バーサーカー/エイリアン,バーサーカー/エイリアン,"■相手の呪文を唱えるコストは1多くなる。
■覚醒リンク：自分のターン開始時、自分の《タイタンの大地ジオ・ザ・マン》があれば、そのクリーチャーとこのクリーチャーをすべて裏返し《貪欲バリバリ・パックンガー》にリンクさせる。",獲物を求めパックンパックン。,Eel,-,激竜王の目覚め,-,0,下記に表示している対象カードをパックから入手、または生成することで獲得します,252900,"253600,260100",,,,イオの伝道師ガガ・パックン,光,覚醒リンク,1,"■相手の呪文を唱えるコストは1多くなる。
■覚醒リンク：自分のターン開始時、自分の《タイタンの大地ジオ・ザ・マン》があれば、そのクリーチャーとこのクリーチャーをすべて裏返し《貪欲バリバリ・パックンガー》にリンクさせる。",,dmps_official_api,https://dmps.takaratomy.co.jp/api1.0/plays/search.json
255300,ガロウズ・セブ・カイザー,ガロウズ・セブ・カイザー,水,6,サイキック・クリーチャー,,6000,,,PS,サイバー・コマンド/エイリアン,サイバー・コマンド/エイリアン,"■相手のクリーチャーが攻撃する時、カードを1枚引く。
■自分の手札が5枚以上あるなら、「ブロッカー」を得る。
■W・ブレイカー
（覚醒リンク後：《死海竜ガロウズ・デビルドラゴン》）",選ばれし三体が「地獄の断頭台」に集まる時、真の処刑人が姿を現す。,Yosuke Adachi ,露崎亘,激竜王の目覚め,-,0,下記に表示している対象カードをパックから入手、または生成することで獲得します,253700,"255300,260000",,,,ガロウズ・セブ・カイザー,水,W・ブレイカー,1,"■相手のクリーチャーが攻撃する時、カードを1枚引く。
■自分の手札が5枚以上あるなら、「ブロッカー」を得る。
■W・ブレイカー
（覚醒リンク後：《死海竜ガロウズ・デビルドラゴン》）",,dmps_official_api,https://dmps.takaratomy.co.jp/api1.0/plays/search.json
257200,時空のジキル ザビ・ガンマン,じくうのジキル ザビ・ガンマン,闇,4,サイキック・クリーチャー,,1000,,,PS,リビング・デッド/エイリアン,リビング・デッド/エイリアン,"◇ブロッカー
■攻撃できない。
■ループ覚醒：このクリーチャーがブロックした時または攻撃された時、自分の山札の上から2枚を墓地に置き、その後、このクリーチャーを《時空のハイド ジオ・マッチョ》のほうに裏返す。",大地を駆ける筋肉が我に力を与え、新たな命を吹き込む！そしてその命が尽きかけたとき、別の自分に生まれ変わるのだ。――時空のジキル ザビ・ガンマン,Taro Yamazaki,-,激竜王の目覚め,-,0,,,"257200,259100",,,,時空のジキル ザビ・ガンマン,闇,"ブロッカー,ループ覚醒",0,"◇ブロッカー
■攻撃できない。
■ループ覚醒：このクリーチャーがブロックした時または攻撃された時、自分の山札の上から2枚を墓地に置き、その後、このクリーチャーを《時空のハイド ジオ・マッチョ》のほうに裏返す。",,dmps_official_api,https://dmps.takaratomy.co.jp/api1.0/plays/search.json
257100,竜骨なる者ザビ・リゲル,りゅうこつなるものザビ・リゲル,闇,4,サイキック・クリーチャー,,3000,,,PS,リビング・デッド/エイリアン,リビング・デッド/エイリアン,"■自分のエイリアンが相手の呪文によってバトルゾーンを離れた時、相手の最もパワーの小さいクリーチャー1体を破壊する。（複数あるなら、その中からランダムに1体）
■P'S覚醒リンク：自分のターン開始時または自分の《ガロウズ・セブ・カイザー》がバトルゾーンに出た時、自分の《ガロウズ・セブ・カイザー》と《ハイドラ・ギルザウルス》があれば、それらとこのクリーチャーをすべて裏返し《死海竜ガロウズ・デビルドラゴン》にリンクさせる。",前線を切り開くハイドラ・ギルザウルスと、後方支援に長けたザビ・リゲル。熱さと冷静さを備えた二人組は、ガロウズ・セブ・カイザーとの連携でその力を最大限に発揮する。,Yosuke Adachi ,-,激竜王の目覚め,-,0,下記に表示している対象カードをパックから入手、または生成することで獲得します,253700,"257100,260000",,,,竜骨なる者ザビ・リゲル,闇,P'S覚醒リンク,1,"■自分のエイリアンが相手の呪文によってバトルゾーンを離れた時、相手の最もパワーの小さいクリーチャー1体を破壊する。（複数あるなら、その中からランダムに1体）
■P'S覚醒リンク：自分のターン開始時または自分の《ガロウズ・セブ・カイザー》がバトルゾーンに出た時、自分の《ガロウズ・セブ・カイザー》と《ハイドラ・ギルザウルス》があれば、それらとこのクリーチャーをすべて裏返し《死海竜ガロウズ・デビルドラゴン》にリンクさせる。",,dmps_official_api,https://dmps.takaratomy.co.jp/api1.0/plays/search.json
257300,マシュマロ人形ザビ・ポリマ,マシュマロにんぎょうザビ・ポリマ,闇,2,サイキック・クリーチャー,,2000,,,PS,デスパペット/エイリアン,デスパペット/エイリアン,■覚醒リンク：自分のターン開始時、自分の《ギル・ポリマのペンチ》があれば、そのクリーチャーとこのクリーチャーを裏返し《幻惑の魔手ドン・マシュマロ》にリンクさせる。,見た目に惑わされるな。ヤツらを放っておくと大変な事になる！――暴騒兵スクラッチ,kawasumi,ユリン千晶,激竜王の目覚め,-,0,下記に表示している対象カードをパックから入手することで獲得します,254400,"257300,260200",,,,マシュマロ人形ザビ・ポリマ,闇,覚醒リンク,0,■覚醒リンク：自分のターン開始時、自分の《ギル・ポリマのペンチ》があれば、そのクリーチャーとこのクリーチャーを裏返し《幻惑の魔手ドン・マシュマロ》にリンクさせる。,,dmps_official_api,https://dmps.takaratomy.co.jp/api1.0/plays/search.json
250100,ガイアール・カイザー,ガイアール・カイザー,火,8,サイキック・クリーチャー,,6000,,,PS,レッド・コマンド・ドラゴン/ハンター,レッド・コマンド・ドラゴン/ハンター,"■スピードアタッカー
■自分のシールドがブレイクされる時、そのシールドを見る。手札に加えるかわりにそれを自分の墓地に置いてもよい。そうした場合、自分の超次元ゾーンから、こうして墓地に置いたカードのいずれかと同じコストのハンター・サイキック・クリーチャー1枚をバトルゾーンに出す。
■W・ブレイカー
（覚醒リンク後：《激竜王ガイアール・オウドラゴン》）",新たな時代を切り開く赤き竜！それがガイアール！,Hisanobu Kometani,渡辺紘,激竜王の目覚め,-,0,下記に表示している対象カードをパックから入手、または生成することで獲得します,250000,"250100,250400",,,,ガイアール・カイザー,火,"スピードアタッカー,W・ブレイカー",1,"■スピードアタッカー
■自分のシールドがブレイクされる時、そのシールドを見る。手札に加えるかわりにそれを自分の墓地に置いてもよい。そうした場合、自分の超次元ゾーンから、こうして墓地に置いたカードのいずれかと同じコストのハンター・サイキック・クリーチャー1枚をバトルゾーンに出す。
■W・ブレイカー
（覚醒リンク後：《激竜王ガイアール・オウドラゴン》）",,dmps_official_api,https://dmps.takaratomy.co.jp/api1.0/plays/search.json
250500,ハイドラ・ギルザウルス,ハイドラ・ギルザウルス,火,5,サイキック・クリーチャー,,5000,,,PS,ロック・ビースト/エイリアン,ロック・ビースト/エイリアン,"■相手がコストを支払わずにクリーチャーまたは呪文を実行した時、次の相手のターン終了時まで、相手の使用可能マナを1少なくする。（この効果は重複しない）
（覚醒リンク後：《死海竜ガロウズ・デビルドラゴン》）",これが俺達の覚醒リンク！――ガロウズ・セブ・カイザー,Yosuke Adachi ,-,激竜王の目覚め,-,0,下記に表示している対象カードをパックから入手、または生成することで獲得します,253700,"250500,260000",,,,ハイドラ・ギルザウルス,火,,1,"■相手がコストを支払わずにクリーチャーまたは呪文を実行した時、次の相手のターン終了時まで、相手の使用可能マナを1少なくする。（この効果は重複しない）
（覚醒リンク後：《死海竜ガロウズ・デビルドラゴン》）",,dmps_official_api,https://dmps.takaratomy.co.jp/api1.0/plays/search.json
250200,ブーストグレンオー,ブーストグレンオー,火,5,サイキック・クリーチャー,,3000,,,PS,フレイム・モンスター/ハンター,フレイム・モンスター/ハンター,"■バトルゾーンに出た時、このクリーチャーよりパワーが小さい相手のクリーチャー1体を破壊する。
（覚醒リンク後：《激竜王ガイアール・オウドラゴン》）",その三体の力がビクトリーをもたらす。,Hisanobu Kometani,-,激竜王の目覚め,-,0,下記に表示している対象カードをパックから入手、または生成することで獲得します,250000,"250200,250400",,,,ブーストグレンオー,火,,1,"■バトルゾーンに出た時、このクリーチャーよりパワーが小さい相手のクリーチャー1体を破壊する。
（覚醒リンク後：《激竜王ガイアール・オウドラゴン》）",,dmps_official_api,https://dmps.takaratomy.co.jp/api1.0/plays/search.json
252000,ギル・ポリマのペンチ,ギル・ポリマのペンチ,火,3,サイキック・クリーチャー,,3000,,,PS,ゼノパーツ/エイリアン,ゼノパーツ/エイリアン,（覚醒リンク後：《幻惑の魔手ドン・マシュマロ》）,合体したくて歯ぐきがウズウズする！超かいーの！！――ギル・ポリマのペンチ,Yuri Shinjuro,-,激竜王の目覚め,-,0,下記に表示している対象カードをパックから入手、または生成することで獲得します,256300,"252000,260200",,,,ギル・ポリマのペンチ,火,,0,（覚醒リンク後：《幻惑の魔手ドン・マシュマロ》）,,dmps_official_api,https://dmps.takaratomy.co.jp/api1.0/plays/search.json
250300,ドラゴニック・ピッピー,ドラゴニック・ピッピー,火,3,サイキック・クリーチャー,,2000,+,,PS,ファイアー・バード/ハンター,ファイアー・バード/ハンター,"■P'S覚醒リンク：自分のターン開始時または自分の《ガイアール・カイザー》がバトルゾーンに出た時、自分の《ガイアール・カイザー》と《ブーストグレンオー》があれば、そのクリーチャーとこのクリーチャーをすべて裏返し《激竜王ガイアール・オウドラゴン》にリンクさせる。
■ハンティング",ハンター達は最期の瞬間まで諦めない。,Hisanobu Kometani,新井笙子,激竜王の目覚め,-,0,下記に表示している対象カードをパックから入手、または生成することで獲得します,250000,"250300,250400",,,,ドラゴニック・ピッピー,火,"P'S覚醒リンク,ハンティング",1,"■P'S覚醒リンク：自分のターン開始時または自分の《ガイアール・カイザー》がバトルゾーンに出た時、自分の《ガイアール・カイザー》と《ブーストグレンオー》があれば、そのクリーチャーとこのクリーチャーをすべて裏返し《激竜王ガイアール・オウドラゴン》にリンクさせる。
■ハンティング",,dmps_official_api,https://dmps.takaratomy.co.jp/api1.0/plays/search.json
259000,タイタンの大地ジオ・ザ・マン,タイタンのだいちジオ・ザ・マン,自然,6,サイキック・クリーチャー,,4000,,,PS,ガイア・コマンド/エイリアン,ガイア・コマンド/エイリアン,"■自分のターン終了時、自分のマナゾーンからカード1枚を手札に戻してもよい。
（覚醒リンク後：《貪欲バリバリ・パックンガー》）",選ばれしエイリアンは、さらに優れた覚醒の力を手にした。それこそが覚醒リンクと呼ばれる巨大な力である。,Eel,岡井カツノリ,激竜王の目覚め,-,0,下記に表示している対象カードをパックから入手、または生成することで獲得します,257600,"259000,260100",,,,タイタンの大地ジオ・ザ・マン,自然,,1,"■自分のターン終了時、自分のマナゾーンからカード1枚を手札に戻してもよい。
（覚醒リンク後：《貪欲バリバリ・パックンガー》）",,dmps_official_api,https://dmps.takaratomy.co.jp/api1.0/plays/search.json
231520,時空の不滅ギャラクシー,じくうのふめつギャラクシー,光,7,サイキック・クリーチャー,,5000,,,PS,エンジェル・コマンド,エンジェル・コマンド,■覚醒：バトルゾーンを離れる時、かわりにこのクリーチャーを《撃滅の覚醒者キング・オブ・ギャラクシー》のほうに裏返す。,不滅の力こそ完全なる象徴。悪しき力に屈する事はない！,hati,城内由茄子,超覚醒嵐舞,-,0,,,"231520,231420",,,,時空の不滅ギャラクシー,光,覚醒,0,■覚醒：バトルゾーンを離れる時、かわりにこのクリーチャーを《撃滅の覚醒者キング・オブ・ギャラクシー》のほうに裏返す。,,dmps_official_api,https://dmps.takaratomy.co.jp/api1.0/plays/search.json
236920,超時空ストームG・XX,ちょうじくうストームゲンジ・ダブルクロス,火,20,進化サイキック・クリーチャー,,24000,,,PS,アーマード・ドラゴン/フレイム・コマンド/サムライ,アーマード・ドラゴン/フレイム・コマンド/サムライ,"■超無限進化：サイキック・クリーチャーまたは名前に《XX》とあるクリーチャーでコストの合計20以上
■自分のサイキック・クリーチャーがバトルゾーンに出た時、または覚醒した時、このクリーチャーを自分の超次元ゾーンからバトルゾーンに出してもよい。
■Q・ブレイカー
■メテオバーン覚醒：自分のターン開始時、このクリーチャーの下に重ねたカードをすべて墓地に置き、その後、このクリーチャーを《超覚醒ラスト・ストームXX》のほうに裏返す。",「見せてくれよ！おまえの最高の決闘を」――切札勝舞,Yuukoo009,小林由美子,超覚醒嵐舞,-,0,,,"236920,236820",,,,超時空ストームG・XX,火,"超無限進化,Q・ブレイカー,メテオバーン覚醒",0,"■超無限進化：サイキック・クリーチャーまたは名前に《XX》とあるクリーチャーでコストの合計20以上
■自分のサイキック・クリーチャーがバトルゾーンに出た時、または覚醒した時、このクリーチャーを自分の超次元ゾーンからバトルゾーンに出してもよい。
■Q・ブレイカー
■メテオバーン覚醒：自分のターン開始時、このクリーチャーの下に重ねたカードをすべて墓地に置き、その後、このクリーチャーを《超覚醒ラスト・ストームXX》のほうに裏返す。",,dmps_official_api,https://dmps.takaratomy.co.jp/api1.0/plays/search.json
240720,時空の支配者ディアボロス Z,じくうのしはいしゃディアボロス ゼータ,光水闇火自然,10,サイキック・クリーチャー,,9000,,,PS,ワールド・コマンド,ワールド・コマンド,"◇ブロッカー
■攻撃できない。
■相手のクリーチャーの能力によって、相手がクリーチャーを選ぶ時、このクリーチャーは選べない。
■覚醒：自分のターン開始時、バトルゾーンの自分の他のエレメント、またはマナゾーンからカードを3枚選び、山札に加えてシャッフルしてもよい。そうした場合、このクリーチャーを《最凶の覚醒者デビル・ディアボロス Z》のほうに裏返す。",「大地を抉り、天を衝け！」――ディー,Futaro,室元気,超覚醒嵐舞,-,0,,,"240720,240620",,,,時空の支配者ディアボロス Z,光水闇火自然,"ブロッカー,覚醒",0,"◇ブロッカー
■攻撃できない。
■相手のクリーチャーの能力によって、相手がクリーチャーを選ぶ時、このクリーチャーは選べない。
■覚醒：自分のターン開始時、バトルゾーンの自分の他のエレメント、またはマナゾーンからカードを3枚選び、山札に加えてシャッフルしてもよい。そうした場合、このクリーチャーを《最凶の覚醒者デビル・ディアボロス Z》のほうに裏返す。",,dmps_official_api,https://dmps.takaratomy.co.jp/api1.0/plays/search.json
231500,時空の不滅ギャラクシー,じくうのふめつギャラクシー,光,7,サイキック・クリーチャー,,5000,,,PS,エンジェル・コマンド,エンジェル・コマンド,■覚醒：バトルゾーンを離れる時、かわりにこのクリーチャーを《撃滅の覚醒者キング・オブ・ギャラクシー》のほうに裏返す。,超次元の力を携えて、不滅の天使が戦場へと舞い降りる。,Daisuke Izuka,城内由茄子,超覚醒嵐舞,-,0,,,"231500,231400",,,,時空の不滅ギャラクシー,光,覚醒,0,■覚醒：バトルゾーンを離れる時、かわりにこのクリーチャーを《撃滅の覚醒者キング・オブ・ギャラクシー》のほうに裏返す。,,dmps_official_api,https://dmps.takaratomy.co.jp/api1.0/plays/search.json
231700,時空の幸運ファイブスター,じくうのこううんファイブスター,光,6,サイキック・クリーチャー,,5500,,,PS,エンジェル・コマンド,エンジェル・コマンド,"■覚醒：自分のターン開始時、自分の、パワーの最後の三桁が「500」のクリーチャーが3体以上あれば、このクリーチャーを《天運の覚醒者ライトニング・ファイブスター》のほうに裏返す。
■火のクリーチャーから攻撃されない。",どんな絶望を前にしても怯まぬ勇者たちに幸運あれ！――時空の幸運ファイブスター,TUBAKI HALSAME,新井笙子,超覚醒嵐舞,-,0,,,"231700,231600",,,,時空の幸運ファイブスター,光,覚醒,0,"■覚醒：自分のターン開始時、自分の、パワーの最後の三桁が「500」のクリーチャーが3体以上あれば、このクリーチャーを《天運の覚醒者ライトニング・ファイブスター》のほうに裏返す。
■火のクリーチャーから攻撃されない。",,dmps_official_api,https://dmps.takaratomy.co.jp/api1.0/plays/search.json
233200,時空のスター・G・ホーガン,じくうのスター・ジー・ホーガン,水,7,サイキック・クリーチャー,,7000,,,PS,サイバー・コマンド,サイバー・コマンド,"■自分の水のクリーチャーの召喚コストを1少なくする。ただし1より少なくならず、かつそのクリーチャーの持つ文明の数より少なくならない。
■覚醒：自分のターン終了時、そのターン、自分のクリーチャーが3体以上バトルゾーンに出ていたなら、このクリーチャーを《イチバンの覚醒者オーシャン・G・ホーガン》のほうに裏返す。
■W・ブレイカー ",五文明連合でも、オレがイチバン！！――時空のスター・G・ホーガン,hideki ishikawa,槙野旦,超覚醒嵐舞,-,0,,,"233200,233100",,,,時空のスター・G・ホーガン,水,"覚醒,W・ブレイカー ",0,"■自分の水のクリーチャーの召喚コストを1少なくする。ただし1より少なくならず、かつそのクリーチャーの持つ文明の数より少なくならない。
■覚醒：自分のターン終了時、そのターン、自分のクリーチャーが3体以上バトルゾーンに出ていたなら、このクリーチャーを《イチバンの覚醒者オーシャン・G・ホーガン》のほうに裏返す。
■W・ブレイカー ",,dmps_official_api,https://dmps.takaratomy.co.jp/api1.0/plays/search.json
234900,時空の凶兵ブラック・ガンヴィート,じくうのきょうへいブラック・ガンヴィート,闇,7,サイキック・クリーチャー,,5000,,,PS,デーモン・コマンド,デーモン・コマンド,"■バトルゾーンに出た時、相手のタップされているクリーチャー1体を破壊する。
■覚醒：相手のターンの終了時、相手の手札が1枚もなければ、このクリーチャーを《凶刀の覚醒者ダークネス・ガンヴィート》のほうに裏返す。",Zとの戦いに勝利し、俺は闇文明の誇りを取り戻す！――時空の凶兵ブラック・ガンヴィート,RUI MARUYAMA,槙野旦,超覚醒嵐舞,-,0,,,"234900,234800",,,,時空の凶兵ブラック・ガンヴィート,闇,覚醒,1,"■バトルゾーンに出た時、相手のタップされているクリーチャー1体を破壊する。
■覚醒：相手のターンの終了時、相手の手札が1枚もなければ、このクリーチャーを《凶刀の覚醒者ダークネス・ガンヴィート》のほうに裏返す。",,dmps_official_api,https://dmps.takaratomy.co.jp/api1.0/plays/search.json
234700,時空の斬将オルゼキア,じくうのざんしょうオルゼキア,闇,7,サイキック・クリーチャー,,6000,,,PS,デーモン・コマンド,デーモン・コマンド,"■W・ブレイカー
■覚醒：各ターンの終了時、そのターンに自分のデーモン・コマンドが破壊されていれば、そのターンの終わりにこのクリーチャーを《魔刻の覚醒者G・オルゼキア》のほうに裏返す。 ",超次元の力と共に、魔刻が再び訪れる。,hippo,渡辺紘,超覚醒嵐舞,-,0,,,"234700,234600",,,,時空の斬将オルゼキア,闇,"W・ブレイカー,覚醒",0,"■W・ブレイカー
■覚醒：各ターンの終了時、そのターンに自分のデーモン・コマンドが破壊されていれば、そのターンの終わりにこのクリーチャーを《魔刻の覚醒者G・オルゼキア》のほうに裏返す。 ",,dmps_official_api,https://dmps.takaratomy.co.jp/api1.0/plays/search.json
237100,時空の剣士GENJI・XX,じくうのけんしゲンジ・ダブルクロス,火,7,サイキック・クリーチャー,,7000,,,PS,アーマード・ドラゴン/フレイム・コマンド/サムライ,アーマード・ドラゴン/フレイム・コマンド/サムライ,"■覚醒：自分のターン終了時、自分のクリーチャーがすべてタップされているなら、このクリーチャーを《剣豪の覚醒者クリムゾンGENJI・XX》のほうに裏返す。
■W・ブレイカー",全ての決着をつける時！――時空の剣士GENJI・XX,Toshiaki Takayama,小島史裕,超覚醒嵐舞,-,0,,,"237100,237000",,,,時空の剣士GENJI・XX,火,"覚醒,W・ブレイカー",0,"■覚醒：自分のターン終了時、自分のクリーチャーがすべてタップされているなら、このクリーチャーを《剣豪の覚醒者クリムゾンGENJI・XX》のほうに裏返す。
■W・ブレイカー",,dmps_official_api,https://dmps.takaratomy.co.jp/api1.0/plays/search.json
236900,超時空ストームG・XX,ちょうじくうストームゲンジ・ダブルクロス,火,20,進化サイキック・クリーチャー,,24000,,,PS,アーマード・ドラゴン/フレイム・コマンド/サムライ,アーマード・ドラゴン/フレイム・コマンド/サムライ,"■超無限進化：サイキック・クリーチャーまたは名前に《XX》とあるクリーチャーでコストの合計20以上
■自分のサイキック・クリーチャーがバトルゾーンに出た時、または覚醒した時、このクリーチャーを自分の超次元ゾーンからバトルゾーンに出してもよい。
■Q・ブレイカー
■メテオバーン覚醒：自分のターン開始時、このクリーチャーの下に重ねたカードをすべて墓地に置き、その後、このクリーチャーを《超覚醒ラスト・ストームXX》のほうに裏返す。",クリムゾン・GENJI XXにファイナル・ストームXX NEXの魂が宿り、最強のXXへと進化した！,Daisuke Izuka,小島史裕、梶川翔平,超覚醒嵐舞,-,0,,,"236900,236800",,,,超時空ストームG・XX,火,"超無限進化,Q・ブレイカー,メテオバーン覚醒",0,"■超無限進化：サイキック・クリーチャーまたは名前に《XX》とあるクリーチャーでコストの合計20以上
■自分のサイキック・クリーチャーがバトルゾーンに出た時、または覚醒した時、このクリーチャーを自分の超次元ゾーンからバトルゾーンに出してもよい。
■Q・ブレイカー
■メテオバーン覚醒：自分のターン開始時、このクリーチャーの下に重ねたカードをすべて墓地に置き、その後、このクリーチャーを《超覚醒ラスト・ストームXX》のほうに裏返す。",,dmps_official_api,https://dmps.takaratomy.co.jp/api1.0/plays/search.json
238700,時空の護りフィオナ,じくうのまもりフィオナ,自然,7,サイキック・クリーチャー,,5000,+,,PS,ホーン・ビースト/ガイア・コマンド,ホーン・ビースト/ガイア・コマンド,"■相手のターン中、パワーを+5000する。
■覚醒：各ターン終了時、そのターン、自分のマナゾーンにカードが3枚以上置かれているなら、このクリーチャーを《森域の覚醒者グレート・フィオナ》のほうに裏返す。",フィオナの森から力を得て、守護神が戦場に現れる。,nablange,熊谷海麗,超覚醒嵐舞,-,0,,,"238700,238600",,,,時空の護りフィオナ,自然,覚醒,0,"■相手のターン中、パワーを+5000する。
■覚醒：各ターン終了時、そのターン、自分のマナゾーンにカードが3枚以上置かれているなら、このクリーチャーを《森域の覚醒者グレート・フィオナ》のほうに裏返す。",,dmps_official_api,https://dmps.takaratomy.co.jp/api1.0/plays/search.json
238900,時空の役者カンクロウ,じくうのやくしゃカンクロウ,自然,7,サイキック・クリーチャー,,6000,,,PS,アース・ドラゴン/ジャイアント/サムライ,アース・ドラゴン/ジャイアント/サムライ,"■覚醒：自分のターン終了時、そのターン、自分のパワー7000以上のクリーチャーがバトルゾーンに出ていたなら、このクリーチャーを《大見得の覚醒者ジャングル・カンクロウ》のほうに裏返す。
■W・ブレイカー",我らの力を合わせれば、恐れる者など何もなし！――時空の役者カンクロウ,Hisanobu Kometani,田島章寛、城内由茄子,超覚醒嵐舞,-,0,,,"238900,238800",,,,時空の役者カンクロウ,自然,"覚醒,W・ブレイカー",0,"■覚醒：自分のターン終了時、そのターン、自分のパワー7000以上のクリーチャーがバトルゾーンに出ていたなら、このクリーチャーを《大見得の覚醒者ジャングル・カンクロウ》のほうに裏返す。
■W・ブレイカー",,dmps_official_api,https://dmps.takaratomy.co.jp/api1.0/plays/search.json
240700,時空の支配者ディアボロス Z,じくうのしはいしゃディアボロス ゼータ,光水闇火自然,10,サイキック・クリーチャー,,9000,,,PS,ワールド・コマンド,ワールド・コマンド,"◇ブロッカー
■攻撃できない。
■相手のクリーチャーの能力によって、相手がクリーチャーを選ぶ時、このクリーチャーは選べない。
■覚醒：自分のターン開始時、バトルゾーンの自分の他のエレメント、またはマナゾーンからカードを3枚選び、山札に加えてシャッフルしてもよい。そうした場合、このクリーチャーを《最凶の覚醒者デビル・ディアボロス Z》のほうに裏返す。",Zに取り込まれた光文明の力を使い、不完全ではあるものの、ディアボロスZが再び動き出す。,Sansyu,宮本誉之,超覚醒嵐舞,-,0,,,"240700,240600",,,,時空の支配者ディアボロス Z,光水闇火自然,"ブロッカー,覚醒",0,"◇ブロッカー
■攻撃できない。
■相手のクリーチャーの能力によって、相手がクリーチャーを選ぶ時、このクリーチャーは選べない。
■覚醒：自分のターン開始時、バトルゾーンの自分の他のエレメント、またはマナゾーンからカードを3枚選び、山札に加えてシャッフルしてもよい。そうした場合、このクリーチャーを《最凶の覚醒者デビル・ディアボロス Z》のほうに裏返す。",,dmps_official_api,https://dmps.takaratomy.co.jp/api1.0/plays/search.json
221600,時空の邪眼ロマノフZ,じくうのじゃがんロマノフゼータ,闇,10,サイキック・クリーチャー,,8000,,,PS,デーモン・コマンド/ドラゴン・ゾンビ/ナイト,デーモン・コマンド/ドラゴン・ゾンビ/ナイト,"■自分のターン終了時、自分の山札の上から1枚目を墓地に置く。
■覚醒：自分のターン開始時、自分の墓地に呪文または闇のカードが10枚以上あれば、墓地のカードをすべて山札に加えてシャッフルする。その後、このクリーチャーを《邪神の覚醒者ロマノフ・Z・ウィザード》のほうに裏返す。
■W・ブレイカー",ロマノフとなったZは、NEXの遺志を継ぐ者たちと戦いはじめた。,Sansyu,岡井カツノリ,マスター・オブ・ロマノフ,-,0,,,"221600,221500",,,,時空の邪眼ロマノフZ,闇,"覚醒,W・ブレイカー",0,"■自分のターン終了時、自分の山札の上から1枚目を墓地に置く。
■覚醒：自分のターン開始時、自分の墓地に呪文または闇のカードが10枚以上あれば、墓地のカードをすべて山札に加えてシャッフルする。その後、このクリーチャーを《邪神の覚醒者ロマノフ・Z・ウィザード》のほうに裏返す。
■W・ブレイカー",,dmps_official_api,https://dmps.takaratomy.co.jp/api1.0/plays/search.json
221300,時空の翼マスター・ルピア,じくうのつばさマスター・ルピア,火,7,サイキック・クリーチャー,,4000,,,PS,ファイアー・バード,ファイアー・バード,"■自分の、名前に《ルピア》とあるクリーチャー1体につき、自分のドラゴンの召喚コストを1少なくする。ただし1より少なくならず、かつそのクリーチャーの持つ文明の数より少なくならない。
■覚醒：自分のターン開始時、自分のドラゴンまたは名前に《ルピア》とあるクリーチャーが3体以上あれば、このクリーチャーを《蒼炎の覚醒者サイキック・NEX》のほうに裏返す。",ファイアー・バードを司る存在が、NEXに新たな力を与える。,Toshiaki Takayama,岡井カツノリ,マスター・オブ・NEX,-,0,,,"221300,221200",,,,時空の翼マスター・ルピア,火,覚醒,0,"■自分の、名前に《ルピア》とあるクリーチャー1体につき、自分のドラゴンの召喚コストを1少なくする。ただし1より少なくならず、かつそのクリーチャーの持つ文明の数より少なくならない。
■覚醒：自分のターン開始時、自分のドラゴンまたは名前に《ルピア》とあるクリーチャーが3体以上あれば、このクリーチャーを《蒼炎の覚醒者サイキック・NEX》のほうに裏返す。",,dmps_official_api,https://dmps.takaratomy.co.jp/api1.0/plays/search.json
211620,時空の精圧ドラヴィタ,じくうのせいあつドラヴィタ,光,7,サイキック・クリーチャー,,5500,,,PS,エンジェル・コマンド,エンジェル・コマンド,"■相手が呪文を唱えた時、相手のクリーチャー1体をタップしてもよい。
■バトルに勝った時、アンタップする。
■覚醒：自分のターン開始時、自分のフレイム・コマンド、光または火のドラゴンが2体以上あれば、このクリーチャーを《龍圧の覚醒者ヴァーミリオン・ドラヴィタ》のほうに裏返す。",悪しき覚醒の力に対抗するべく、精霊の制圧力が発揮される！,MITSUAKI MATSUMOTO,熊谷海麗,爆竜覚醒録,-,0,,,"211620,220220",,,,時空の精圧ドラヴィタ,光,覚醒,0,"■相手が呪文を唱えた時、相手のクリーチャー1体をタップしてもよい。
■バトルに勝った時、アンタップする。
■覚醒：自分のターン開始時、自分のフレイム・コマンド、光または火のドラゴンが2体以上あれば、このクリーチャーを《龍圧の覚醒者ヴァーミリオン・ドラヴィタ》のほうに裏返す。",,dmps_official_api,https://dmps.takaratomy.co.jp/api1.0/plays/search.json
215620,時空の封殺ディアス Z,じくうのふうさつディアス ゼータ,闇,8,サイキック・クリーチャー,,7000,,,PS,デーモン・コマンド/ドラゴン・ゾンビ,デーモン・コマンド/ドラゴン・ゾンビ,"■殲滅返霊4
　【HR】相手は自身のクリーチャー1体または手札1枚を山札の一番下に置く。
■W・ブレイカー
■覚醒：自分のターン終了時、そのターン、相手のクリーチャーが3体以上バトルゾーンを離れていたなら、このクリーチャーを《殲滅の覚醒者ディアボロス Z》のほうに裏返す。",天上天下、封殺せん！――ダピコ,Moopic/アートアンフ,河野ひより,爆竜覚醒録,-,0,,,"215620,215520",,,,時空の封殺ディアス Z,闇,"殲滅返霊,W・ブレイカー,覚醒",0,"■殲滅返霊4
　【HR】相手は自身のクリーチャー1体または手札1枚を山札の一番下に置く。
■W・ブレイカー
■覚醒：自分のターン終了時、そのターン、相手のクリーチャーが3体以上バトルゾーンを離れていたなら、このクリーチャーを《殲滅の覚醒者ディアボロス Z》のほうに裏返す。",,dmps_official_api,https://dmps.takaratomy.co.jp/api1.0/plays/search.json
211600,時空の精圧ドラヴィタ,じくうのせいあつドラヴィタ,光,7,サイキック・クリーチャー,,5500,,,PS,エンジェル・コマンド,エンジェル・コマンド,"■相手が呪文を唱えた時、相手のクリーチャー1体をタップしてもよい。
■バトルに勝った時、アンタップする。
■覚醒：自分のターン開始時、自分のフレイム・コマンド、光または火のドラゴンが2体以上あれば、このクリーチャーを《龍圧の覚醒者ヴァーミリオン・ドラヴィタ》のほうに裏返す。",古の脅威も乗り越えたこの世界、私が守る！――時空の精圧ドラヴィタ,TUBAKI HALSAME,熊谷海麗,爆竜覚醒録,-,0,,,"211600,220200",,,,時空の精圧ドラヴィタ,光,覚醒,0,"■相手が呪文を唱えた時、相手のクリーチャー1体をタップしてもよい。
■バトルに勝った時、アンタップする。
■覚醒：自分のターン開始時、自分のフレイム・コマンド、光または火のドラゴンが2体以上あれば、このクリーチャーを《龍圧の覚醒者ヴァーミリオン・ドラヴィタ》のほうに裏返す。",,dmps_official_api,https://dmps.takaratomy.co.jp/api1.0/plays/search.json
211700,時空の英雄アンタッチャブル,じくうのえいゆうアンタッチャブル,光,2,サイキック・クリーチャー,,1000,,,PS,グレートメカオー,グレートメカオー,"■相手はこのクリーチャーを選べない。
■覚醒：各ターンの開始時、その前のターンに自分の他のサイキック・クリーチャーが覚醒していたなら、このクリーチャーを《変幻の覚醒者アンタッチャブル・パワード》のほうに裏返す。",超次元の力が、変幻せし英雄を呼び出す！,AMON,渡辺紘,爆竜覚醒録,-,0,,,"211700,213600",,,,時空の英雄アンタッチャブル,光,覚醒,1,"■相手はこのクリーチャーを選べない。
■覚醒：各ターンの開始時、その前のターンに自分の他のサイキック・クリーチャーが覚醒していたなら、このクリーチャーを《変幻の覚醒者アンタッチャブル・パワード》のほうに裏返す。",,dmps_official_api,https://dmps.takaratomy.co.jp/api1.0/plays/search.json
213500,時空の戦猫シンカイヤヌス,じくうのせんびょうシンカイヤヌス,水,4,サイキック・クリーチャー,,4000,,,PS,ブルー・モンスター,ブルー・モンスター,"■このクリーチャーに覚醒した時、カードを1枚引く。
■ループ覚醒：自分のターン中、自分の火のクリーチャーがバトルゾーンに出た時、このクリーチャーを《時空の戦猫ヤヌスグレンオー》のほうに裏返す。",その俊敏さ、流水の如し。,MATSUMOTO EIGHT,-,爆竜覚醒録,-,0,,,"213500,217500",,,,時空の戦猫シンカイヤヌス,水,ループ覚醒,1,"■このクリーチャーに覚醒した時、カードを1枚引く。
■ループ覚醒：自分のターン中、自分の火のクリーチャーがバトルゾーンに出た時、このクリーチャーを《時空の戦猫ヤヌスグレンオー》のほうに裏返す。",,dmps_official_api,https://dmps.takaratomy.co.jp/api1.0/plays/search.json
213700,時空の踊り子マティーニ,じくうのおどりこマティーニ,水,3,サイキック・クリーチャー,,1000,,,PS,スプラッシュ・クイーン,スプラッシュ・クイーン,"◇ブロッカー
■攻撃できない。
■覚醒：自分の「ブロッカー」を持つコスト4以上のクリーチャーがバトルゾーンに出た時、このクリーチャーを《舞姫の覚醒者ユリア・マティーナ》のほうに裏返す。",超次元の力が、踊り子を煌びやかな舞姫へと変化させる。,Hisanobu Kometani,城内由茄子,爆竜覚醒録,-,0,,,"213700,211800",,,,時空の踊り子マティーニ,水,"ブロッカー,覚醒",1,"◇ブロッカー
■攻撃できない。
■覚醒：自分の「ブロッカー」を持つコスト4以上のクリーチャーがバトルゾーンに出た時、このクリーチャーを《舞姫の覚醒者ユリア・マティーナ》のほうに裏返す。",,dmps_official_api,https://dmps.takaratomy.co.jp/api1.0/plays/search.json
215600,時空の封殺ディアス Z,じくうのふうさつディアス ゼータ,闇,8,サイキック・クリーチャー,,7000,,,PS,デーモン・コマンド/ドラゴン・ゾンビ,デーモン・コマンド/ドラゴン・ゾンビ,"■殲滅返霊4
　【HR】相手は自身のクリーチャー1体または手札1枚を山札の一番下に置く。
■W・ブレイカー
■覚醒：自分のターン終了時、そのターン、相手のクリーチャーが3体以上バトルゾーンを離れていたなら、このクリーチャーを《殲滅の覚醒者ディアボロス Z》のほうに裏返す。",この世界は我らZが支配する！――時空の封殺ディアスZ,Yuichi Maekawa,宮本誉之,爆竜覚醒録,-,0,,,"215600,215500",,,,時空の封殺ディアス Z,闇,"殲滅返霊,W・ブレイカー,覚醒",0,"■殲滅返霊4
　【HR】相手は自身のクリーチャー1体または手札1枚を山札の一番下に置く。
■W・ブレイカー
■覚醒：自分のターン終了時、そのターン、相手のクリーチャーが3体以上バトルゾーンを離れていたなら、このクリーチャーを《殲滅の覚醒者ディアボロス Z》のほうに裏返す。",,dmps_official_api,https://dmps.takaratomy.co.jp/api1.0/plays/search.json
217400,時空の神風ストーム・カイザー XX,じくうのかみかぜストーム・カイザー ダブルクロス,火,10,サイキック・クリーチャー,,12000,,,PS,アーマード・ドラゴン/フレイム・コマンド,アーマード・ドラゴン/フレイム・コマンド,"■T・ブレイカー
■覚醒：自分のターン開始時、自分の山札の上から1枚目を墓地に置く。それがドラゴンであれば、このクリーチャーを《奇跡の覚醒者ファイナル・ストーム XX NEX》のほうに裏返す。",炎のキズナを以て、悪を討つ！GENJI・XXよ！ついてこれるか！？――時空の神風ストーム・カイザー XX,Daisuke Izuka,梶川翔平,爆竜覚醒録,-,0,,,"217400,217300",,,,時空の神風ストーム・カイザー XX,火,"T・ブレイカー,覚醒",0,"■T・ブレイカー
■覚醒：自分のターン開始時、自分の山札の上から1枚目を墓地に置く。それがドラゴンであれば、このクリーチャーを《奇跡の覚醒者ファイナル・ストーム XX NEX》のほうに裏返す。",,dmps_official_api,https://dmps.takaratomy.co.jp/api1.0/plays/search.json
217600,時空の喧嘩屋キル,じくうのけんかやキル,火,2,サイキック・クリーチャー,,1000,,,PS,ヒューマノイド,ヒューマノイド,"■相手のターン中、相手の呪文または相手のクリーチャーの能力によって、自分のサイキック・クリーチャーが手札に戻される時、かわりにバトルゾーンにとどまる。
■覚醒：自分のターン開始時、自分のパワー6000以上のクリーチャーがあれば、このクリーチャーを《巨人の覚醒者セツダン》のほうに裏返す。",超次元の力が、喧嘩屋に眠る巨人の力を呼び覚ます。,hippo,木部ショータ,爆竜覚醒録,-,0,,,"217600,219500",,,,時空の喧嘩屋キル,火,覚醒,1,"■相手のターン中、相手の呪文または相手のクリーチャーの能力によって、自分のサイキック・クリーチャーが手札に戻される時、かわりにバトルゾーンにとどまる。
■覚醒：自分のターン開始時、自分のパワー6000以上のクリーチャーがあれば、このクリーチャーを《巨人の覚醒者セツダン》のほうに裏返す。",,dmps_official_api,https://dmps.takaratomy.co.jp/api1.0/plays/search.json
219400,時空の鬼若コーシロウ,じくうのおにわかコーシロウ,自然,6,サイキック・クリーチャー,,4000,,,PS,ビーストフォーク,ビーストフォーク,■覚醒：自分のターン開始時、自分のマナゾーンにカードが8枚以上あれば、このクリーチャーを《戦鬼の覚醒者ダンジューロウ》のほうに裏返す。,十八番の演者は我と決まっている！――時空の鬼若コーシロウ,hippo,槙野旦,爆竜覚醒録,-,0,,,"219400,219300",,,,時空の鬼若コーシロウ,自然,覚醒,0,■覚醒：自分のターン開始時、自分のマナゾーンにカードが8枚以上あれば、このクリーチャーを《戦鬼の覚醒者ダンジューロウ》のほうに裏返す。,,dmps_official_api,https://dmps.takaratomy.co.jp/api1.0/plays/search.json
219600,時空の探検家ジョン,じくうのたんけんかジョン,自然,3,サイキック・クリーチャー,,2000,,,PS,ドリームメイト,ドリームメイト,"■相手のコスト3以下の進化クリーチャーは、バトルゾーンに出たターン、攻撃できない。
■覚醒：自分のターン終了時、そのターン、自分の他のクリーチャーが2体以上バトルゾーンに出ていたなら、このクリーチャーを《冒険の覚醒者ジョンジョ・ジョン》のほうに裏返す。",超次元の力が、夢見る探検家を冒険へと駆り立てる！,Hokuyu,柚木尚子,爆竜覚醒録,-,0,,,"219600,217700",,,,時空の探検家ジョン,自然,覚醒,1,"■相手のコスト3以下の進化クリーチャーは、バトルゾーンに出たターン、攻撃できない。
■覚醒：自分のターン終了時、そのターン、自分の他のクリーチャーが2体以上バトルゾーンに出ていたなら、このクリーチャーを《冒険の覚醒者ジョンジョ・ジョン》のほうに裏返す。",,dmps_official_api,https://dmps.takaratomy.co.jp/api1.0/plays/search.json
220400,時空の霊魔シュヴァル,じくうのれいまシュヴァル,光闇,5,サイキック・クリーチャー,,4500,,,PS,エンジェル・コマンド/デーモン・コマンド,エンジェル・コマンド/デーモン・コマンド,■覚醒：各ターンの開始時、自分のコスト6以上のエンジェル・コマンドまたはデーモン・コマンドが2体以上あれば、このクリーチャーを《霊魔の覚醒者シューヴェルト》のほうに裏返す。,ディアボロスZは光の力を取り込み、闇と光、双方の力を持った霊魔を生み出した。,YOICHI ITO,柚木尚子、坂本悠里,爆竜覚醒録,-,0,,,"220400,220300",,,,時空の霊魔シュヴァル,光闇,覚醒,1,■覚醒：各ターンの開始時、自分のコスト6以上のエンジェル・コマンドまたはデーモン・コマンドが2体以上あれば、このクリーチャーを《霊魔の覚醒者シューヴェルト》のほうに裏返す。,,dmps_official_api,https://dmps.takaratomy.co.jp/api1.0/plays/search.json
190120,時空の雷龍チャクラ,じくうのらいりゅうチャクラ,光,7,サイキック・クリーチャー,,5500,,,PS,アポロニア・ドラゴン,アポロニア・ドラゴン,"◇ブロッカー
■相手プレイヤーを攻撃できない。
■ホーリー・フィールド
　【HF】覚醒：自分のターン開始時、このクリーチャーを《雷電の覚醒者グレート・チャクラ》のほうに裏返す。",光の高度な科学力が、未知なる力を解析し、煌く。,Mikio Masuda,夏谷美希,超次元開放,-,0,,,"190120,190020",,,,時空の雷龍チャクラ,光,"ブロッカー,ホーリー・フィールド,覚醒",1,"◇ブロッカー
■相手プレイヤーを攻撃できない。
■ホーリー・フィールド
　【HF】覚醒：自分のターン開始時、このクリーチャーを《雷電の覚醒者グレート・チャクラ》のほうに裏返す。",,dmps_official_api,https://dmps.takaratomy.co.jp/api1.0/plays/search.json
194320,時空の賢者ランブル,じくうのけんじゃランブル,闇,7,サイキック・クリーチャー,,5000,,,PS,デーモン・コマンド,デーモン・コマンド,"■覚醒：自分のターン開始時、自分の山札の下から3枚を見て、その中から1枚を選ぶ。それが山札の一番下のカードと同じ名前のカードであれば、山札をシャッフルし、このクリーチャーを《恐気の覚醒者ランブル・レクター》のほうに裏返す。
■スレイヤー",闇の怪しき探求心が、まだ見ぬ世界の力を引き出し、蠢く。,Nottsuo,秋山絵理,超次元開放,-,0,,,"194320,194220",,,,時空の賢者ランブル,闇,"覚醒,スレイヤー",1,"■覚醒：自分のターン開始時、自分の山札の下から3枚を見て、その中から1枚を選ぶ。それが山札の一番下のカードと同じ名前のカードであれば、山札をシャッフルし、このクリーチャーを《恐気の覚醒者ランブル・レクター》のほうに裏返す。
■スレイヤー",,dmps_official_api,https://dmps.takaratomy.co.jp/api1.0/plays/search.json
196420,時空の火焔ボルシャック・ドラゴン,じくうのかえんボルシャック・ドラゴン,火,7,サイキック・クリーチャー,,6000,+,,PS,アーマード・ドラゴン,アーマード・ドラゴン,"■攻撃中、自分の墓地にある火のカード1枚につきパワーを+1000する。
■W・ブレイカー
■覚醒：バトルに勝った時、このクリーチャーを《勝利の覚醒者ボルシャック・メビウス》のほうに裏返す。",強き意志で勝利をつかみ、新たな力を呼び起こせ！,Yuukoo009,高橋伸也,超次元開放,-,0,,,"196420,196320",,,,時空の火焔ボルシャック・ドラゴン,火,"W・ブレイカー,覚醒",1,"■攻撃中、自分の墓地にある火のカード1枚につきパワーを+1000する。
■W・ブレイカー
■覚醒：バトルに勝った時、このクリーチャーを《勝利の覚醒者ボルシャック・メビウス》のほうに裏返す。",,dmps_official_api,https://dmps.takaratomy.co.jp/api1.0/plays/search.json
190100,時空の雷龍チャクラ,じくうのらいりゅうチャクラ,光,7,サイキック・クリーチャー,,5500,,,PS,アポロニア・ドラゴン,アポロニア・ドラゴン,"◇ブロッカー
■相手プレイヤーを攻撃できない。
■ホーリー・フィールド
　【HF】覚醒：自分のターン開始時、このクリーチャーを《雷電の覚醒者グレート・チャクラ》のほうに裏返す。",聖域からの雷が裁きを下す。,Sansyu,夏谷美希,超次元開放,-,0,,,"190100,190000",,,,時空の雷龍チャクラ,光,"ブロッカー,ホーリー・フィールド,覚醒",1,"◇ブロッカー
■相手プレイヤーを攻撃できない。
■ホーリー・フィールド
　【HF】覚醒：自分のターン開始時、このクリーチャーを《雷電の覚醒者グレート・チャクラ》のほうに裏返す。",,dmps_official_api,https://dmps.takaratomy.co.jp/api1.0/plays/search.json
191500,時空の勇躍ディアナ,じくうのゆうやくディアナ,光,5,サイキック・クリーチャー,,5000,,,PS,アーク・セラフィム,アーク・セラフィム,■覚醒：相手プレイヤーを攻撃してブロックされなかった時、相手のクリーチャー1体をタップする。その攻撃の後、このクリーチャーを《閃光の覚醒者エル・ディアナ》のほうに裏返す。,光軍は闇軍の覚醒をあっと言う間に分析し、己の物とした。,hokuyu,石黒史剛,超次元開放,-,0,,,"191500,191400",,,,時空の勇躍ディアナ,光,覚醒,0,■覚醒：相手プレイヤーを攻撃してブロックされなかった時、相手のクリーチャー1体をタップする。その攻撃の後、このクリーチャーを《閃光の覚醒者エル・ディアナ》のほうに裏返す。,,dmps_official_api,https://dmps.takaratomy.co.jp/api1.0/plays/search.json
192200,時空の尖塔ルナ・アレグル,じくうのせんとうルナ・アレグル,水,7,サイキック・クリーチャー,,5000,,,PS,サイバー・ムーン,サイバー・ムーン,"■自分のターン終了時、カードを1枚引き、その後、手札を1枚捨てる。
■覚醒：自分のターン開始時、自分の墓地に呪文が6枚以上あれば、自分の墓地からすべての呪文を山札に戻してシャッフルする。その後、このクリーチャーを《要塞の覚醒者ルナ・アレグリア》のほうに裏返す。",電脳の月が、ふたたび地上に現れる。,Daisuke Izuka,-,超次元開放,-,0,,,"192200,192100",,,,時空の尖塔ルナ・アレグル,水,覚醒,1,"■自分のターン終了時、カードを1枚引き、その後、手札を1枚捨てる。
■覚醒：自分のターン開始時、自分の墓地に呪文が6枚以上あれば、自分の墓地からすべての呪文を山札に戻してシャッフルする。その後、このクリーチャーを《要塞の覚醒者ルナ・アレグリア》のほうに裏返す。",,dmps_official_api,https://dmps.takaratomy.co.jp/api1.0/plays/search.json
193600,時空の剣士アクア・カトラス,じくうのけんしアクア・カトラス,水,5,サイキック・クリーチャー,,5000,,,PS,リキッド・ピープル,リキッド・ピープル,■覚醒：相手プレイヤーを攻撃してブロックされなかった時、カードを1枚引く。その攻撃の後、このクリーチャーを《青藍の覚醒者アクア・エクスカリバー》のほうに裏返す。,ついに覚醒への悟りを得た！,Okera,京花優希,超次元開放,-,0,,,"193600,193500",,,,時空の剣士アクア・カトラス,水,覚醒,0,■覚醒：相手プレイヤーを攻撃してブロックされなかった時、カードを1枚引く。その攻撃の後、このクリーチャーを《青藍の覚醒者アクア・エクスカリバー》のほうに裏返す。,,dmps_official_api,https://dmps.takaratomy.co.jp/api1.0/plays/search.json
194300,時空の賢者ランブル,じくうのけんじゃランブル,闇,7,サイキック・クリーチャー,,5000,,,PS,デーモン・コマンド,デーモン・コマンド,"■覚醒：自分のターン開始時、自分の山札の下から3枚を見て、その中から1枚を選ぶ。それが山札の一番下のカードと同じ名前のカードであれば、山札をシャッフルし、このクリーチャーを《恐気の覚醒者ランブル・レクター》のほうに裏返す。
■スレイヤー",異空間より降臨した神との闘いを経て、彼らはその未知なる力を知り、覚醒する術を得た。,ittoku,秋山絵理,超次元開放,-,0,,,"194300,194200",,,,時空の賢者ランブル,闇,"覚醒,スレイヤー",1,"■覚醒：自分のターン開始時、自分の山札の下から3枚を見て、その中から1枚を選ぶ。それが山札の一番下のカードと同じ名前のカードであれば、山札をシャッフルし、このクリーチャーを《恐気の覚醒者ランブル・レクター》のほうに裏返す。
■スレイヤー",,dmps_official_api,https://dmps.takaratomy.co.jp/api1.0/plays/search.json
195700,時空の銃姫エイプリル,じくうのじゅうきエイプリル,闇,5,サイキック・クリーチャー,,5000,,,PS,ダークロード,ダークロード,■覚醒：相手プレイヤーを攻撃してブロックされなかった時、相手は自身の手札を1枚捨てる。その攻撃の後、このクリーチャーを《鎮魂の覚醒者デス・エイプリル》のほうに裏返す。,「サイコー！！」とエイプリルは叫んだ！戦いという快感が彼女を戦場にいざなう！,TUBAKI HALSAME,柚木尚子,超次元開放,-,0,,,"195700,195600",,,,時空の銃姫エイプリル,闇,覚醒,0,■覚醒：相手プレイヤーを攻撃してブロックされなかった時、相手は自身の手札を1枚捨てる。その攻撃の後、このクリーチャーを《鎮魂の覚醒者デス・エイプリル》のほうに裏返す。,,dmps_official_api,https://dmps.takaratomy.co.jp/api1.0/plays/search.json
196400,時空の火焔ボルシャック・ドラゴン,じくうのかえんボルシャック・ドラゴン,火,7,サイキック・クリーチャー,,6000,+,,PS,アーマード・ドラゴン,アーマード・ドラゴン,"■攻撃中、自分の墓地にある火のカード1枚につきパワーを+1000する。
■W・ブレイカー
■覚醒：バトルに勝った時、このクリーチャーを《勝利の覚醒者ボルシャック・メビウス》のほうに裏返す。",覚醒の力を得るべく、オリジナル・ハートの爆心地にある超次元の穴へ、勇気ある者たちが飛び込んでいった！,NINNIN,高橋伸也,超次元開放,-,0,,,"196400,196300",,,,時空の火焔ボルシャック・ドラゴン,火,"W・ブレイカー,覚醒",1,"■攻撃中、自分の墓地にある火のカード1枚につきパワーを+1000する。
■W・ブレイカー
■覚醒：バトルに勝った時、このクリーチャーを《勝利の覚醒者ボルシャック・メビウス》のほうに裏返す。",,dmps_official_api,https://dmps.takaratomy.co.jp/api1.0/plays/search.json
197800,時空の魔陣オーフレイム,じくうのまじんオーフレイム,火,5,サイキック・クリーチャー,,5000,,,PS,フレイム・コマンド,フレイム・コマンド,■覚醒：相手プレイヤーを攻撃してブロックされなかった時、そのターン、自分の他のコスト5以下のサイキック・クリーチャーはすべて、「パワーアタッカー+2000」を得、シールドをさらに1つブレイクする。その攻撃の後、このクリーチャーを《破壊陣の覚醒者オーフレイヤー》のほうに裏返す。,逆巻く炎が新たな力を芽吹かせる！,hippo,小島史裕,超次元開放,-,0,,,"197800,197700",,,,時空の魔陣オーフレイム,火,覚醒,0,■覚醒：相手プレイヤーを攻撃してブロックされなかった時、そのターン、自分の他のコスト5以下のサイキック・クリーチャーはすべて、「パワーアタッカー+2000」を得、シールドをさらに1つブレイクする。その攻撃の後、このクリーチャーを《破壊陣の覚醒者オーフレイヤー》のほうに裏返す。,,dmps_official_api,https://dmps.takaratomy.co.jp/api1.0/plays/search.json
198500,時空の豪腕ジャパン,じくうのごうわんジャパン,自然,7,サイキック・クリーチャー,,8000,,,PS,ジャイアント,ジャイアント,"■覚醒：自分のターン開始時、自分の他のクリーチャーが3体以上あれば、このクリーチャーを《乱打の覚醒者ジャパニカ》のほうに裏返す。
■W・ブレイカー",闇文明の許し難い行為に対し、自然文明は怒りを大きな力に変える必要があった！,MURAYAMA RYOTA,岡井カツノリ,超次元開放,-,0,,,"198500,198400",,,,時空の豪腕ジャパン,自然,"W・ブレイカー,覚醒",1,"■覚醒：自分のターン開始時、自分の他のクリーチャーが3体以上あれば、このクリーチャーを《乱打の覚醒者ジャパニカ》のほうに裏返す。
■W・ブレイカー",,dmps_official_api,https://dmps.takaratomy.co.jp/api1.0/plays/search.json
199900,時空の花カイマン,じくうのはなカイマン,自然,5,サイキック・クリーチャー,,5000,,,PS,ビーストフォーク,ビーストフォーク,■覚醒：相手プレイヤーを攻撃してブロックされなかった時、自分の山札の上から1枚目をマナゾーンに置く。その攻撃の後、このクリーチャーを《華獣の覚醒者アリゲーター》のほうに裏返す。,俺を呼ぶのは誰だ！身体が今にも破裂しそうだ。――時空の花カイマン,hideki ishikawa,宮本誉之,超次元開放,-,0,,,"199900,199800",,,,時空の花カイマン,自然,覚醒,0,■覚醒：相手プレイヤーを攻撃してブロックされなかった時、自分の山札の上から1枚目をマナゾーンに置く。その攻撃の後、このクリーチャーを《華獣の覚醒者アリゲーター》のほうに裏返す。,,dmps_official_api,https://dmps.takaratomy.co.jp/api1.0/plays/search.json
636300,オプティマスプライムトレーラー,オプティマスプライムトレーラー,水火,7,サイキック・クリーチャー,,5000,,,PS,フレイム・コマンド/グレートメカオー/ハンター,フレイム・コマンド/グレートメカオー/ハンター,"◇ブロッカー
■攻撃できない。
■覚醒：自分のターン開始時、自分の手札から進化でないグレートメカオー1枚をバトルゾーンに出してもよい。そうした場合、このクリーチャーを《サイバトロン司令官 オプティマスプライム》のほうに裏返す。
（このカードは《時空の司令 コンボイ・トレーラー》として扱う）",トランス、フォーム！,otumami,玄田哲章,プライズ,-,-,,,"636300,636400",,,,オプティマスプライムトレーラー,水火,"ブロッカー,覚醒",0,"◇ブロッカー
■攻撃できない。
■覚醒：自分のターン開始時、自分の手札から進化でないグレートメカオー1枚をバトルゾーンに出してもよい。そうした場合、このクリーチャーを《サイバトロン司令官 オプティマスプライム》のほうに裏返す。
（このカードは《時空の司令 コンボイ・トレーラー》として扱う）",,dmps_official_api,https://dmps.takaratomy.co.jp/api1.0/plays/search.json
499500,勝利のガイアール・カイザー,しょうりのガイアール・カイザー,闇火自然,7,サイキック・クリーチャー,,5000,,,PS,レッド・コマンド・ドラゴン/ハンター,レッド・コマンド・ドラゴン/ハンター,"■スピードアタッカー
■バトルゾーンに出た時、そのターン、アンタップしているクリーチャーを攻撃できる。
（覚醒リンク後：《唯我独尊ガイアール・オレドラゴン》）",「ガイアール！我らの戦いはまだまだ続くのじゃ！」「お任せください！」――勝利のプリンプリン&勝利のガイアール・カイザー,shosuke,渡辺紘,プライズ,-,-,下記に表示している対象カードを「燃えよ覇闘のドラゴン魂」から入手することで獲得します,499200,"499500,499600",,,,勝利のガイアール・カイザー,闇火自然,スピードアタッカー,1,"■スピードアタッカー
■バトルゾーンに出た時、そのターン、アンタップしているクリーチャーを攻撃できる。
（覚醒リンク後：《唯我独尊ガイアール・オレドラゴン》）",,dmps_official_api,https://dmps.takaratomy.co.jp/api1.0/plays/search.json
499400,勝利のリュウセイ・カイザー,しょうりのリュウセイ・カイザー,水闇火,7,サイキック・クリーチャー,,6000,,,PS,レッド・コマンド・ドラゴン/ハンター,レッド・コマンド・ドラゴン/ハンター,"■相手が自身のカードをマナゾーンに置く時、使用可能マナは増えない。
■W・ブレイカー
（覚醒リンク後：《唯我独尊ガイアール・オレドラゴン》）",「リュウセイ！新たな世界が我らを待っているのじゃ！」「共に行きましょう、フォーエバー！」――勝利のプリンプリン&勝利のリュウセイ・カイザー,moi,武内駿輔,プライズ,-,-,下記に表示している対象カードを「燃えよ覇闘のドラゴン魂」から入手することで獲得します,499200,"499400,499600",,,,勝利のリュウセイ・カイザー,水闇火,W・ブレイカー,1,"■相手が自身のカードをマナゾーンに置く時、使用可能マナは増えない。
■W・ブレイカー
（覚醒リンク後：《唯我独尊ガイアール・オレドラゴン》）",,dmps_official_api,https://dmps.takaratomy.co.jp/api1.0/plays/search.json
499300,勝利のプリンプリン,しょうりのプリンプリン,光水自然,5,サイキック・クリーチャー,,4000,,,PS,ハンター/エイリアン,ハンター/エイリアン,"■バトルゾーンに出た時、相手のクリーチャーを1体選ぶ。次の自分のターン開始時まで、そのクリーチャーは攻撃もブロックもできない。
■V覚醒リンク：自分の《勝利のガイアール・カイザー》と《勝利のリュウセイ・カイザー》がある時、そのクリーチャーとこのクリーチャーをすべて裏返し《唯我独尊ガイアール・オレドラゴン》にリンクさせる。",どんな世界でも、どんな戦いでも、わらわのやることは変わらんのじゃ！――勝利のプリンプリン,KOUSAKU,ユリン千晶,プライズ,-,-,下記に表示している対象カードを「燃えよ覇闘のドラゴン魂」から入手することで獲得します,499200,"499300,499600",,,,勝利のプリンプリン,光水自然,V覚醒リンク,1,"■バトルゾーンに出た時、相手のクリーチャーを1体選ぶ。次の自分のターン開始時まで、そのクリーチャーは攻撃もブロックもできない。
■V覚醒リンク：自分の《勝利のガイアール・カイザー》と《勝利のリュウセイ・カイザー》がある時、そのクリーチャーとこのクリーチャーをすべて裏返し《唯我独尊ガイアール・オレドラゴン》にリンクさせる。",,dmps_official_api,https://dmps.takaratomy.co.jp/api1.0/plays/search.json
265100,時空の英雄アンタッチャブル,じくうのえいゆうアンタッチャブル,光,2,サイキック・クリーチャー,,1000,,1,PS,グレートメカオー,グレートメカオー,"■相手はこのクリーチャーを選べない。
■覚醒：各ターンの開始時、その前のターンに自分の他のサイキック・クリーチャーが覚醒していたなら、このクリーチャーを《変幻の覚醒者アンタッチャブル・パワード》のほうに裏返す。",リゼ・ヘルエスタ、いきます！――リゼ・ヘルエスタ,Naoya Hashimoto,リゼ・ヘルエスタ,プライズ,-,-,,,"265100,265200",,,,時空の英雄アンタッチャブル,光,覚醒,1,"■相手はこのクリーチャーを選べない。
■覚醒：各ターンの開始時、その前のターンに自分の他のサイキック・クリーチャーが覚醒していたなら、このクリーチャーを《変幻の覚醒者アンタッチャブル・パワード》のほうに裏返す。",,dmps_official_api,https://dmps.takaratomy.co.jp/api1.0/plays/search.json
265400,時空の凶兵ブラック・ガンヴィート,じくうのきょうへいブラック・ガンヴィート,闇,7,サイキック・クリーチャー,,5000,,1,PS,デーモン・コマンド,デーモン・コマンド,"■バトルゾーンに出た時、相手のタップされているクリーチャー1体を破壊する。
■覚醒：相手のターンの終了時、相手の手札が1枚もなければ、このクリーチャーを《凶刀の覚醒者ダークネス・ガンヴィート》のほうに裏返す。",戌亥どこ？　戌亥ここ！――戌亥とこ,KISUKE,戌亥とこ,プライズ,-,-,,,"265400,265500",,,,時空の凶兵ブラック・ガンヴィート,闇,覚醒,1,"■バトルゾーンに出た時、相手のタップされているクリーチャー1体を破壊する。
■覚醒：相手のターンの終了時、相手の手札が1枚もなければ、このクリーチャーを《凶刀の覚醒者ダークネス・ガンヴィート》のほうに裏返す。",,dmps_official_api,https://dmps.takaratomy.co.jp/api1.0/plays/search.json
265700,時空の喧嘩屋キル,じくうのけんかやキル,火,2,サイキック・クリーチャー,,1000,,1,PS,ヒューマノイド,ヒューマノイド,"■相手のターン中、相手の呪文または相手のクリーチャーの能力によって、自分のサイキック・クリーチャーが手札に戻される時、かわりにバトルゾーンにとどまる。
■覚醒：自分のターン開始時、自分のパワー6000以上のクリーチャーがあれば、このクリーチャーを《巨人の覚醒者セツダン》のほうに裏返す。",お待たせ、待った？――アンジュ・カトリーナ,Ishibashi Yosuke,アンジュ・カトリーナ,プライズ,-,-,,,"265700,265800",,,,時空の喧嘩屋キル,火,覚醒,1,"■相手のターン中、相手の呪文または相手のクリーチャーの能力によって、自分のサイキック・クリーチャーが手札に戻される時、かわりにバトルゾーンにとどまる。
■覚醒：自分のターン開始時、自分のパワー6000以上のクリーチャーがあれば、このクリーチャーを《巨人の覚醒者セツダン》のほうに裏返す。",,dmps_official_api,https://dmps.takaratomy.co.jp/api1.0/plays/search.json
223200,時空の雷龍チャクラ,じくうのらいりゅうチャクラ,光,7,サイキック・クリーチャー,,5500,,,PS,アポロニア・ドラゴン,アポロニア・ドラゴン,"◇ブロッカー
■相手プレイヤーを攻撃できない。
■ホーリー・フィールド
　【HF】覚醒：自分のターン開始時、このクリーチャーを《雷電の覚醒者グレート・チャクラ》のほうに裏返す。",お姉さん、頑張っちゃうよー！―― 一花,Sansyu＆アートアンフ,夏谷美希,プライズ,-,-,,,"223100,223200",,,,時空の雷龍チャクラ,光,"ブロッカー,ホーリー・フィールド,覚醒",1,"◇ブロッカー
■相手プレイヤーを攻撃できない。
■ホーリー・フィールド
　【HF】覚醒：自分のターン開始時、このクリーチャーを《雷電の覚醒者グレート・チャクラ》のほうに裏返す。",,dmps_official_api,https://dmps.takaratomy.co.jp/api1.0/plays/search.json
223800,時空の尖塔ルナ・アレグル,じくうのせんとうルナ・アレグル,水,7,サイキック・クリーチャー,,5000,,,PS,サイバー・ムーン,サイバー・ムーン,"■自分のターン終了時、カードを1枚引き、その後、手札を1枚捨てる。
■覚醒：自分のターン開始時、自分の墓地に呪文が6枚以上あれば、自分の墓地からすべての呪文を山札に戻してシャッフルする。その後、このクリーチャーを《要塞の覚醒者ルナ・アレグリア》のほうに裏返す。",もう、迷わない――三玖,Daisuke Izuka＆アートアンフ,,プライズ,-,-,,,"223700,223800",,,,時空の尖塔ルナ・アレグル,水,覚醒,1,"■自分のターン終了時、カードを1枚引き、その後、手札を1枚捨てる。
■覚醒：自分のターン開始時、自分の墓地に呪文が6枚以上あれば、自分の墓地からすべての呪文を山札に戻してシャッフルする。その後、このクリーチャーを《要塞の覚醒者ルナ・アレグリア》のほうに裏返す。",,dmps_official_api,https://dmps.takaratomy.co.jp/api1.0/plays/search.json
223500,時空の賢者ランブル,じくうのけんじゃランブル,闇,7,サイキック・クリーチャー,,5000,,,PS,デーモン・コマンド,デーモン・コマンド,"■覚醒：自分のターン開始時、自分の山札の下から3枚を見て、その中から1枚を選ぶ。それが山札の一番下のカードと同じ名前のカードであれば、山札をシャッフルし、このクリーチャーを《恐気の覚醒者ランブル・レクター》のほうに裏返す。
■スレイヤー",あたしに任せておきなさい！――二乃,ittoku＆アートアンフ,秋山絵理,プライズ,-,-,,,"223400,223500",,,,時空の賢者ランブル,闇,"覚醒,スレイヤー",1,"■覚醒：自分のターン開始時、自分の山札の下から3枚を見て、その中から1枚を選ぶ。それが山札の一番下のカードと同じ名前のカードであれば、山札をシャッフルし、このクリーチャーを《恐気の覚醒者ランブル・レクター》のほうに裏返す。
■スレイヤー",,dmps_official_api,https://dmps.takaratomy.co.jp/api1.0/plays/search.json
224400,時空の火焔ボルシャック・ドラゴン,じくうのかえんボルシャック・ドラゴン,火,7,サイキック・クリーチャー,,6000,+,,PS,アーマード・ドラゴン,アーマード・ドラゴン,"■攻撃中、自分の墓地にある火のカード1枚につきパワーを+1000する。
■W・ブレイカー
■覚醒：バトルに勝った時、このクリーチャーを《勝利の覚醒者ボルシャック・メビウス》のほうに裏返す。",なりふりかまってられません！――五月,NINNIN＆アートアンフ,高橋伸也,プライズ,-,-,,,"224300,224400",,,,時空の火焔ボルシャック・ドラゴン,火,"W・ブレイカー,覚醒",1,"■攻撃中、自分の墓地にある火のカード1枚につきパワーを+1000する。
■W・ブレイカー
■覚醒：バトルに勝った時、このクリーチャーを《勝利の覚醒者ボルシャック・メビウス》のほうに裏返す。",,dmps_official_api,https://dmps.takaratomy.co.jp/api1.0/plays/search.json
224100,時空の豪腕ジャパン,じくうのごうわんジャパン,自然,7,サイキック・クリーチャー,,8000,,,PS,ジャイアント,ジャイアント,"■覚醒：自分のターン開始時、自分の他のクリーチャーが3体以上あれば、このクリーチャーを《乱打の覚醒者ジャパニカ》のほうに裏返す。
■W・ブレイカー",ばーん！颯爽と登場です！――四葉,MURAYAMA RYOTA＆アートアンフ,岡井カツノリ,プライズ,-,-,,,"224000,224100",,,,時空の豪腕ジャパン,自然,"W・ブレイカー,覚醒",1,"■覚醒：自分のターン開始時、自分の他のクリーチャーが3体以上あれば、このクリーチャーを《乱打の覚醒者ジャパニカ》のほうに裏返す。
■W・ブレイカー",,dmps_official_api,https://dmps.takaratomy.co.jp/api1.0/plays/search.json
510120,真聖教会 エンドレス・ヘブン,しんせいきょうかい エンドレス・ヘブン,光,5,ドラグハート・フォートレス,,-,,,PS,,,"■自分のクリーチャーが破壊された時、自分のシールドが9つ以下なら、自分の山札の上から1枚目をシールド化する。（自分の《真聖教会 エンドレス・ヘブン》のこの効果は、各ターン中1回のみ発動する）
■龍解：自分のターン終了時、自分のシールドが相手より多ければ、このドラグハートを《真・天命王 ネバーエンド》のほうに裏返す。",真なる正義が、光文明に新たな力をもたらす。,Ayane Ozawa,,龍魂超決戦,-,0,,,"510120,510220",,,landscape,真聖教会 エンドレス・ヘブン,光,"シールド化,龍解",0,"■自分のクリーチャーが破壊された時、自分のシールドが9つ以下なら、自分の山札の上から1枚目をシールド化する。（自分の《真聖教会 エンドレス・ヘブン》のこの効果は、各ターン中1回のみ発動する）
■龍解：自分のターン終了時、自分のシールドが相手より多ければ、このドラグハートを《真・天命王 ネバーエンド》のほうに裏返す。",,dmps_official_api,https://dmps.takaratomy.co.jp/api1.0/plays/search.json
510130,真聖教会 エンドレス・ヘブン,しんせいきょうかい エンドレス・ヘブン,光,5,ドラグハート・フォートレス,,-,,,PS,,,"■自分のクリーチャーが破壊された時、自分のシールドが9つ以下なら、自分の山札の上から1枚目をシールド化する。（自分の《真聖教会 エンドレス・ヘブン》のこの効果は、各ターン中1回のみ発動する）
■龍解：自分のターン終了時、自分のシールドが相手より多ければ、このドラグハートを《真・天命王 ネバーエンド》のほうに裏返す。",ネバーラストが真の正義を遂行する時、賛美歌が流れ、ここに真なる天命王が誕生した。,Yuukoo009,,龍魂超決戦,-,0,,,"510130,510230",,,landscape,真聖教会 エンドレス・ヘブン,光,"シールド化,龍解",0,"■自分のクリーチャーが破壊された時、自分のシールドが9つ以下なら、自分の山札の上から1枚目をシールド化する。（自分の《真聖教会 エンドレス・ヘブン》のこの効果は、各ターン中1回のみ発動する）
■龍解：自分のターン終了時、自分のシールドが相手より多ければ、このドラグハートを《真・天命王 ネバーエンド》のほうに裏返す。",,dmps_official_api,https://dmps.takaratomy.co.jp/api1.0/plays/search.json
514520,極魔王殿 ウェルカム・ヘル,ごくまおうでん ウェルカム・ヘル,闇,5,ドラグハート・フォートレス,,-,,,PS,,,"■バトルゾーンに出た時、または自分のドラグナーが攻撃する時、自分の墓地から闇のコスト5以下のクリーチャー1枚をバトルゾーンに出してもよい。
■龍解：自分のターン終了時、自分のクリーチャー4体を破壊してもよい。そうした場合、このドラグハートを《極・魔壊王 デスゴロス》のほうに裏返す。",魔壊王の力が、お前の罪を映し出す。,Ayane Ozawa,,龍魂超決戦,-,0,,,"514520,514620",,,landscape,極魔王殿 ウェルカム・ヘル,闇,龍解,0,"■バトルゾーンに出た時、または自分のドラグナーが攻撃する時、自分の墓地から闇のコスト5以下のクリーチャー1枚をバトルゾーンに出してもよい。
■龍解：自分のターン終了時、自分のクリーチャー4体を破壊してもよい。そうした場合、このドラグハートを《極・魔壊王 デスゴロス》のほうに裏返す。",,dmps_official_api,https://dmps.takaratomy.co.jp/api1.0/plays/search.json
514530,極魔王殿 ウェルカム・ヘル,ごくまおうでん ウェルカム・ヘル,闇,5,ドラグハート・フォートレス,,-,,,PS,,,"■バトルゾーンに出た時、または自分のドラグナーが攻撃する時、自分の墓地から闇のコスト5以下のクリーチャー1枚をバトルゾーンに出してもよい。
■龍解：自分のターン終了時、自分のクリーチャー4体を破壊してもよい。そうした場合、このドラグハートを《極・魔壊王 デスゴロス》のほうに裏返す。",デスシラズが新たに手にした力とは、命をも自在に操れるという悪魔龍の力を極めたものであった。,NAKAMURA 8,,龍魂超決戦,-,0,,,"514530,514630",,,landscape,極魔王殿 ウェルカム・ヘル,闇,龍解,0,"■バトルゾーンに出た時、または自分のドラグナーが攻撃する時、自分の墓地から闇のコスト5以下のクリーチャー1枚をバトルゾーンに出してもよい。
■龍解：自分のターン終了時、自分のクリーチャー4体を破壊してもよい。そうした場合、このドラグハートを《極・魔壊王 デスゴロス》のほうに裏返す。",,dmps_official_api,https://dmps.takaratomy.co.jp/api1.0/plays/search.json
516620,闘将銀河城 ハートバーン,とうしょうぎんがじょう ハートバーン,火,5,ドラグハート・フォートレス,,-,,,PS,,,"■自分のドラゴンはすべて「スピードアタッカー」を得る。
■龍解：自分のドラゴンがアンタップされた時、このドラグハートを《超戦覇龍 ガイNEXT》のほうに裏返す。",3つの力を、いまこそ1つに！,Shiobara,,龍魂超決戦,-,0,,,"516620,516720",,,landscape,闘将銀河城 ハートバーン,火,龍解,0,"■自分のドラゴンはすべて「スピードアタッカー」を得る。
■龍解：自分のドラゴンがアンタップされた時、このドラグハートを《超戦覇龍 ガイNEXT》のほうに裏返す。",,dmps_official_api,https://dmps.takaratomy.co.jp/api1.0/plays/search.json
516630,闘将銀河城 ハートバーン,とうしょうぎんがじょう ハートバーン,火,5,ドラグハート・フォートレス,,-,,,PS,,,"■自分のドラゴンはすべて「スピードアタッカー」を得る。
■龍解：自分のドラゴンがアンタップされた時、このドラグハートを《超戦覇龍 ガイNEXT》のほうに裏返す。",5人のドラグナーたちによってオール・オーバー・ザ・ワールドは撃破された。しかし、そこに消えた筈のザ＝デッドマンが再び現れた。力を使い果たし、対抗する術を持たないドラグナーたち。だが5文明の想いが、モルトの次なる力を呼び起こした。その名も・・・モルトNEXT！,shosuke,,龍魂超決戦,-,0,,,"516630,516730",,,landscape,闘将銀河城 ハートバーン,火,龍解,0,"■自分のドラゴンはすべて「スピードアタッカー」を得る。
■龍解：自分のドラゴンがアンタップされた時、このドラグハートを《超戦覇龍 ガイNEXT》のほうに裏返す。",,dmps_official_api,https://dmps.takaratomy.co.jp/api1.0/plays/search.json
510100,真聖教会 エンドレス・ヘブン,しんせいきょうかい エンドレス・ヘブン,光,5,ドラグハート・フォートレス,,-,,,PS,,,"■自分のクリーチャーが破壊された時、自分のシールドが9つ以下なら、自分の山札の上から1枚目をシールド化する。（自分の《真聖教会 エンドレス・ヘブン》のこの効果は、各ターン中1回のみ発動する）
■龍解：自分のターン終了時、自分のシールドが相手より多ければ、このドラグハートを《真・天命王 ネバーエンド》のほうに裏返す。",その教会が象徴する物、それは真の正義。,Yuukoo009,,龍魂超決戦,-,0,,,"510100,510200",,,landscape,真聖教会 エンドレス・ヘブン,光,"シールド化,龍解",0,"■自分のクリーチャーが破壊された時、自分のシールドが9つ以下なら、自分の山札の上から1枚目をシールド化する。（自分の《真聖教会 エンドレス・ヘブン》のこの効果は、各ターン中1回のみ発動する）
■龍解：自分のターン終了時、自分のシールドが相手より多ければ、このドラグハートを《真・天命王 ネバーエンド》のほうに裏返す。",,dmps_official_api,https://dmps.takaratomy.co.jp/api1.0/plays/search.json
521300,龍魂教会 ホワイティ,りゅうこんきょうかい ホワイティ,光,3,ドラグハート・フォートレス,,-,,,PS,,,"■バトルゾーンに出た時、相手のクリーチャー1体をタップしてもよい。そのクリーチャーは、次の相手のターン開始時にアンタップしない。
■極真龍魂
（スーパー龍解後：《極真龍魂 オール・オーバー・ザ・ワールド》）",正義？なるほど君ラの正義に利用価値はあるかもしれない。なんであれ、強く信じる気持ちは良いドラグハートの素になるからナ。――龍覇 ザ＝デッドマン,Morechand,,龍魂超決戦,-,0,下記に表示している対象カードをパックから入手、または生成することで獲得します,521200,"521300,521800",,,landscape,龍魂教会 ホワイティ,光,極真龍魂,0,"■バトルゾーンに出た時、相手のクリーチャー1体をタップしてもよい。そのクリーチャーは、次の相手のターン開始時にアンタップしない。
■極真龍魂
（スーパー龍解後：《極真龍魂 オール・オーバー・ザ・ワールド》）",,dmps_official_api,https://dmps.takaratomy.co.jp/api1.0/plays/search.json
512300,超龍素要塞 エビデシュタイン,ちょうりゅうそようさい エビデシュタイン,水,5,ドラグハート・フォートレス,,-,,,PS,,,"■自分の呪文を唱えるコストを1少なくする。ただし1より少なくならず、かつその呪文の持つ文明の数より少なくならない。
■龍解：自分のターン終了時、そのターン中に呪文を3枚以上唱えていれば、このドラグハートを《ν・龍素王 Q-END》のほうに裏返す。",水文明の使者たちが共闘を呼び掛ける中、Q-ENDは決戦に必要な最後の証明に取り掛かっていた。,A・Guy,,龍魂超決戦,-,0,,,"512300,512400",,,landscape,超龍素要塞 エビデシュタイン,水,龍解,0,"■自分の呪文を唱えるコストを1少なくする。ただし1より少なくならず、かつその呪文の持つ文明の数より少なくならない。
■龍解：自分のターン終了時、そのターン中に呪文を3枚以上唱えていれば、このドラグハートを《ν・龍素王 Q-END》のほうに裏返す。",,dmps_official_api,https://dmps.takaratomy.co.jp/api1.0/plays/search.json
521400,龍魂要塞 ブルニカ,りゅうこんようさい ブルニカ,水,3,ドラグハート・フォートレス,,-,,,PS,,,"■バトルゾーンに出た時、カードを1枚引く。
■極真龍魂
（スーパー龍解後：《極真龍魂 オール・オーバー・ザ・ワールド》）",オオ、知識の力とナ？それは素晴らしい。蓄えた知識のすべてをドラグハートの礎とするがよいゾ。――龍覇 ザ＝デッドマン,Tanaka Kenichi,,龍魂超決戦,-,0,下記に表示している対象カードをパックから入手、または生成することで獲得します,521200,"521400,521800",,,landscape,龍魂要塞 ブルニカ,水,極真龍魂,0,"■バトルゾーンに出た時、カードを1枚引く。
■極真龍魂
（スーパー龍解後：《極真龍魂 オール・オーバー・ザ・ワールド》）",,dmps_official_api,https://dmps.takaratomy.co.jp/api1.0/plays/search.json
512900,龍芭扇 ファンパイ,りゅうばせん ファンパイ,水,3,ドラグハート・ウエポン,,-,,,PS,,,"■これを装備したクリーチャーが攻撃する時、相手の山札の上から1枚目を公開させる。それが呪文であれば、自分がコストを支払わずに唱えてもよい。そうしないなら、公開させたカードを山札の一番下に置く。
■龍解：自分のターン終了時、相手の墓地にカードが4枚以上あれば、このドラグハートを《龍脈空船 トンナンシャーペ》のほうに裏返す。",ピタゴラスから独立していた龍脈術のメンバーだったが、弱者を守りたいという想いに変わりは無かった。,NAKAMURA 8,,龍魂超決戦,-,0,,,"512900,513000,513100",,,,龍芭扇 ファンパイ,水,龍解,0,"■これを装備したクリーチャーが攻撃する時、相手の山札の上から1枚目を公開させる。それが呪文であれば、自分がコストを支払わずに唱えてもよい。そうしないなら、公開させたカードを山札の一番下に置く。
■龍解：自分のターン終了時、相手の墓地にカードが4枚以上あれば、このドラグハートを《龍脈空船 トンナンシャーペ》のほうに裏返す。",,dmps_official_api,https://dmps.takaratomy.co.jp/api1.0/plays/search.json
514500,極魔王殿 ウェルカム・ヘル,ごくまおうでん ウェルカム・ヘル,闇,5,ドラグハート・フォートレス,,-,,,PS,,,"■バトルゾーンに出た時、または自分のドラグナーが攻撃する時、自分の墓地から闇のコスト5以下のクリーチャー1枚をバトルゾーンに出してもよい。
■龍解：自分のターン終了時、自分のクリーチャー4体を破壊してもよい。そうした場合、このドラグハートを《極・魔壊王 デスゴロス》のほうに裏返す。",デスシラズは更なる力を求めてウェルカム・ヘルとの融合を果たし、デスゴロスへとパワーアップした。,NAKAMURA 8,,龍魂超決戦,-,0,,,"514500,514600",,,landscape,極魔王殿 ウェルカム・ヘル,闇,龍解,0,"■バトルゾーンに出た時、または自分のドラグナーが攻撃する時、自分の墓地から闇のコスト5以下のクリーチャー1枚をバトルゾーンに出してもよい。
■龍解：自分のターン終了時、自分のクリーチャー4体を破壊してもよい。そうした場合、このドラグハートを《極・魔壊王 デスゴロス》のほうに裏返す。",,dmps_official_api,https://dmps.takaratomy.co.jp/api1.0/plays/search.json
521500,龍魂宮殿 ブラックロ,りゅうこんきゅうでん ブラックロ,闇,3,ドラグハート・フォートレス,,-,,,PS,,,"■バトルゾーンに出た時、相手は自身の手札を1枚捨てる。
■極真龍魂
（スーパー龍解後：《極真龍魂 オール・オーバー・ザ・ワールド》）",好奇心はとてもヨい凶器となるナ。こうしてうまれたドラグハートに殺されることも、貴様たちには楽しみなのカ？――龍覇 ザ＝デッドマン,Tanaka Kenichi,,龍魂超決戦,-,0,下記に表示している対象カードをパックから入手、または生成することで獲得します,521200,"521500,521800",,,landscape,龍魂宮殿 ブラックロ,闇,極真龍魂,0,"■バトルゾーンに出た時、相手は自身の手札を1枚捨てる。
■極真龍魂
（スーパー龍解後：《極真龍魂 オール・オーバー・ザ・ワールド》）",,dmps_official_api,https://dmps.takaratomy.co.jp/api1.0/plays/search.json
516600,闘将銀河城 ハートバーン,とうしょうぎんがじょう ハートバーン,火,5,ドラグハート・フォートレス,,-,,,PS,,,"■自分のドラゴンはすべて「スピードアタッカー」を得る。
■龍解：自分のドラゴンがアンタップされた時、このドラグハートを《超戦覇龍 ガイNEXT》のほうに裏返す。",ギンガとラオウ！二つのドラグハートが一つになった時！史上最強のフォートレスが完成したのだ！それが、闘将銀河城 ハートバーン！,shosuke,,龍魂超決戦,-,0,,,"516600,516700",,,landscape,闘将銀河城 ハートバーン,火,龍解,0,"■自分のドラゴンはすべて「スピードアタッカー」を得る。
■龍解：自分のドラゴンがアンタップされた時、このドラグハートを《超戦覇龍 ガイNEXT》のほうに裏返す。",,dmps_official_api,https://dmps.takaratomy.co.jp/api1.0/plays/search.json
517100,最前戦 XX幕府,さいぜんせん ダブルクロスばくふ,火,3,ドラグハート・フォートレス,,-,,,PS,,,"■自分の火のドラゴンが攻撃する時、相手の「ブロッカー」を持つクリーチャー1体を破壊する。
■龍解：自分の火のクリーチャーが攻撃する時、それがそのターン2度目の火のクリーチャーによる攻撃であれば、このドラグハートを《熱血龍 GENJI「天」》のほうに裏返す。",怯むなモルト！ドラグハートたちを救い、新しい時代を切り開くのはお前だ！！――爆師匠 フィディック,Yuukoo009,,龍魂超決戦,-,0,,,"517100,517200",,,landscape,最前戦 XX幕府,火,龍解,0,"■自分の火のドラゴンが攻撃する時、相手の「ブロッカー」を持つクリーチャー1体を破壊する。
■龍解：自分の火のクリーチャーが攻撃する時、それがそのターン2度目の火のクリーチャーによる攻撃であれば、このドラグハートを《熱血龍 GENJI「天」》のほうに裏返す。",,dmps_official_api,https://dmps.takaratomy.co.jp/api1.0/plays/search.json
521600,龍魂城閣 レッドゥル,りゅうこんじょうかく レッドゥル,火,3,ドラグハート・フォートレス,,-,,,PS,,,"■バトルゾーンに出た時、そのターン、自分のクリーチャー1体は「スピードアタッカー」を得る。
■極真龍魂
■スーパー龍解：自分の《龍魂教会 ホワイティ》《龍魂要塞 ブルニカ》《龍魂宮殿 ブラックロ》《龍魂城閣 レッドゥル》《龍魂遺跡 グリーネ》がリンクしている《極真龍魂》があれば、それを《極真龍魂 オール・オーバー・ザ・ワールド》のほうに裏返す。",熱血とは実に面白いナ。激しく熱かりし魂・・・大きな感情の力こそが、より強いドラグハートを生み出してくれるからナ。――龍覇 ザ＝デッドマン,boyaking,,龍魂超決戦,-,0,下記に表示している対象カードをパックから入手、または生成することで獲得します,521200,"521600,521800",,,landscape,龍魂城閣 レッドゥル,火,"極真龍魂,スーパー龍解",0,"■バトルゾーンに出た時、そのターン、自分のクリーチャー1体は「スピードアタッカー」を得る。
■極真龍魂
■スーパー龍解：自分の《龍魂教会 ホワイティ》《龍魂要塞 ブルニカ》《龍魂宮殿 ブラックロ》《龍魂城閣 レッドゥル》《龍魂遺跡 グリーネ》がリンクしている《極真龍魂》があれば、それを《極真龍魂 オール・オーバー・ザ・ワールド》のほうに裏返す。",,dmps_official_api,https://dmps.takaratomy.co.jp/api1.0/plays/search.json
517700,熱龍爪 メリケン・バルク,ねつりゅうそう メリケン・バルク,火,2,ドラグハート・ウエポン,,-,,,PS,,,"■これを装備したクリーチャーが攻撃する時、相手のパワー2000以下のクリーチャー1体を破壊する。
■龍解：自分のターン終了時、これを装備したクリーチャーがタップしていれば、このドラグハートを《熱決闘場 バルク・アリーナ》のほうに裏返す。 ",武器を使いこなすコツ、それはまず己を鍛えることだ。,hippo,,龍魂超決戦,-,0,,,"517700,517800,517900",,,,熱龍爪 メリケン・バルク,火,龍解,0,"■これを装備したクリーチャーが攻撃する時、相手のパワー2000以下のクリーチャー1体を破壊する。
■龍解：自分のターン終了時、これを装備したクリーチャーがタップしていれば、このドラグハートを《熱決闘場 バルク・アリーナ》のほうに裏返す。 ",,dmps_official_api,https://dmps.takaratomy.co.jp/api1.0/plays/search.json
519500,恐龍界樹 ジュダイオウ,ジュラシック・ジャングル ジュダイオウ,自然,5,ドラグハート・フォートレス,,-,,,PS,,,"■相手のパワー4000以下のクリーチャーが攻撃する時、攻撃しているクリーチャーをマナゾーンに置く。
■龍解：自分のターン開始時、自分のクリーチャーのコストの合計が25以上であれば、このドラグハートを《恐・古代王 サウザールピオ》のほうに裏返す。",ドングリを集め、ドラゴンを生み出す。それが不器用なサソリスなりの、責任の取り方だった。,MATSUMOTO EIGHT,,龍魂超決戦,-,0,,,"519500,519600",,,landscape,恐龍界樹 ジュダイオウ,自然,龍解,0,"■相手のパワー4000以下のクリーチャーが攻撃する時、攻撃しているクリーチャーをマナゾーンに置く。
■龍解：自分のターン開始時、自分のクリーチャーのコストの合計が25以上であれば、このドラグハートを《恐・古代王 サウザールピオ》のほうに裏返す。",,dmps_official_api,https://dmps.takaratomy.co.jp/api1.0/plays/search.json
521700,龍魂遺跡 グリーネ,りゅうこんいせき グリーネ,自然,3,ドラグハート・フォートレス,,-,,,PS,,,"■バトルゾーンに出た時、自分の山札の上から1枚目をマナゾーンに置く。
■極真龍魂
（スーパー龍解後：《極真龍魂 オール・オーバー・ザ・ワールド》）",原始の力は惜しかったゾ。このザ＝デッドマンのようにもっと欲望に忠実になれば最強にたどり着いていただろうナ。――龍覇 ザ＝デッドマン,nejita,,龍魂超決戦,-,0,下記に表示している対象カードをパックから入手、または生成することで獲得します,521200,"521700,521800",,,landscape,龍魂遺跡 グリーネ,自然,極真龍魂,0,"■バトルゾーンに出た時、自分の山札の上から1枚目をマナゾーンに置く。
■極真龍魂
（スーパー龍解後：《極真龍魂 オール・オーバー・ザ・ワールド》）",,dmps_official_api,https://dmps.takaratomy.co.jp/api1.0/plays/search.json
498100,覇闘将龍剣 ガイオウバーン,はどうしょうりゅうけん ガイオウバーン,火,5,ドラグハート・ウエポン,,-,,,PS,,,"■バトルゾーンに出た時、相手のクリーチャー1体を選び、このドラグハートを装備したクリーチャーをバトルさせる。
■バトル中、これを装備したクリーチャーのパワーは+3000される。
■龍解：自分のクリーチャーがバトルに勝った時、それがそのターン中、自分のクリーチャーがバトルに勝った2度目であれば、このドラグハートを《勝利の覇闘 ガイラオウ》のほうに裏返す。 ",かつて『デュエル・マスターズ』を優勝した伝説の龍。彼の魂が封じられたドラグハートはザ＝デッドマンの手を離れデストロキールの元にあった。それがガイラオウ！,shosuke,-,燃えよ覇闘のドラゴン魂,-,0,,,"498100,498200",,,,覇闘将龍剣 ガイオウバーン,火,龍解,0,"■バトルゾーンに出た時、相手のクリーチャー1体を選び、このドラグハートを装備したクリーチャーをバトルさせる。
■バトル中、これを装備したクリーチャーのパワーは+3000される。
■龍解：自分のクリーチャーがバトルに勝った時、それがそのターン中、自分のクリーチャーがバトルに勝った2度目であれば、このドラグハートを《勝利の覇闘 ガイラオウ》のほうに裏返す。 ",,dmps_official_api,https://dmps.takaratomy.co.jp/api1.0/plays/search.json
493000,爆熱剣 バトライ刃,ばくねつけん バトライバ,火,3,ドラグハート・ウエポン,,-,,,PS,,,"■これを装備したクリーチャーが攻撃する時、自分の山札の上から1枚目を表向きにする。そのカードが進化でないドラゴンか進化でないヒューマノイドであればバトルゾーンに出し、それ以外なら山札の一番下に置く。
■これを装備したクリーチャーは攻撃されない。
■龍解：自分のターン終了時、そのターン、自分のドラゴンがバトルゾーンに出ていれば、このドラグハートを《爆熱天守 バトライ閣》のほうに裏返す。",バトライオウが自らをドラグハートへと変化させたもの、それがバトライ刃だ。,TUBAKI HALSAME,-,LEGEND OF PLAY'S 2024,-,0,,,"493000,493100,493200",,,,爆熱剣 バトライ刃,火,龍解,0,"■これを装備したクリーチャーが攻撃する時、自分の山札の上から1枚目を表向きにする。そのカードが進化でないドラゴンか進化でないヒューマノイドであればバトルゾーンに出し、それ以外なら山札の一番下に置く。
■これを装備したクリーチャーは攻撃されない。
■龍解：自分のターン終了時、そのターン、自分のドラゴンがバトルゾーンに出ていれば、このドラグハートを《爆熱天守 バトライ閣》のほうに裏返す。",,dmps_official_api,https://dmps.takaratomy.co.jp/api1.0/plays/search.json
494400,邪帝斧 ボアロアックス,イビルトマホーク ボアロアックス,自然,4,ドラグハート・ウエポン,,-,,,PS,,,"■バトルゾーンに出た時、またはこれを装備したクリーチャーが攻撃する時、自分のマナゾーンから自然のコスト5以下のクリーチャー1枚をバトルゾーンに出してもよい。
■龍解：自分のターンの終了時、自分のクリーチャーのコストの合計が20以上であれば、このドラグハートを《邪帝遺跡 ボアロパゴス》のほうに裏返す。",「欲」のタガさえ外してしまえば、支配することなど容易だ。,YOICHI ITO,-,LEGEND OF PLAY'S 2024,-,0,,,"494400,494500,494600",,,,邪帝斧 ボアロアックス,自然,龍解,0,"■バトルゾーンに出た時、またはこれを装備したクリーチャーが攻撃する時、自分のマナゾーンから自然のコスト5以下のクリーチャー1枚をバトルゾーンに出してもよい。
■龍解：自分のターンの終了時、自分のクリーチャーのコストの合計が20以上であれば、このドラグハートを《邪帝遺跡 ボアロパゴス》のほうに裏返す。",,dmps_official_api,https://dmps.takaratomy.co.jp/api1.0/plays/search.json
472620,龍波動空母 エビデゴラス,りゅうはどうくうぼ エビデゴラス,水,4,ドラグハート・フォートレス,,-,,,PS,,,"■自分のターン開始時、自分の手札が8枚以下なら、カードを1枚引く。
■龍解：自分がカードを引いた時、それがそのターン引く4枚目以降のカードであれば、このドラグハートを《最終龍理 Q.E.D.+》のほうに裏返す。",「いざ！」「はっしーん！」――龍覇 M・A・S&最終龍理 Q.E.D.+,Ayane Ozawa,-,双剣王凱旋,-,0,,,"472620,472720",,,landscape,龍波動空母 エビデゴラス,水,龍解,0,"■自分のターン開始時、自分の手札が8枚以下なら、カードを1枚引く。
■龍解：自分がカードを引いた時、それがそのターン引く4枚目以降のカードであれば、このドラグハートを《最終龍理 Q.E.D.+》のほうに裏返す。",,dmps_official_api,https://dmps.takaratomy.co.jp/api1.0/plays/search.json
477020,無敵王剣 ギガハート,むてきおうけん ギガハート,火,6,ドラグハート・ウエポン,,-,,,PS,,,"■これを装備したクリーチャーは「スピードアタッカー」を得、攻撃中、パワーが0より大きければ、破壊されない。
■龍解：自分のドラゴンが攻撃する時、そのターン2度目のドラゴンによる攻撃であれば、攻撃の後、このドラグハートを《最強熱血 オウギンガ》のほうに裏返す。",その剣は、王者の持つ剣。,neko61,,双剣王凱旋,-,0,,,"477020,477120",,,,無敵王剣 ギガハート,火,龍解,0,"■これを装備したクリーチャーは「スピードアタッカー」を得、攻撃中、パワーが0より大きければ、破壊されない。
■龍解：自分のドラゴンが攻撃する時、そのターン2度目のドラゴンによる攻撃であれば、攻撃の後、このドラグハートを《最強熱血 オウギンガ》のほうに裏返す。",,dmps_official_api,https://dmps.takaratomy.co.jp/api1.0/plays/search.json
477220,銀河剣 プロトハート,ぎんがけん プロトハート,火,4,ドラグハート・ウエポン,,-,,,PS,,,"■各ターン、これを装備したクリーチャーが初めてタップした時、アンタップする。
■龍解：自分のターン終了時、そのターン、これを装備したクリーチャーが2度攻撃していたら、このドラグハートを《星龍解 ガイギンガ・ソウル》のほうに裏返す。",その剣は、始まりの剣。,kenko,,双剣王凱旋,-,0,,,"477220,477320",,,,銀河剣 プロトハート,火,龍解,0,"■各ターン、これを装備したクリーチャーが初めてタップした時、アンタップする。
■龍解：自分のターン終了時、そのターン、これを装備したクリーチャーが2度攻撃していたら、このドラグハートを《星龍解 ガイギンガ・ソウル》のほうに裏返す。",,dmps_official_api,https://dmps.takaratomy.co.jp/api1.0/plays/search.json
470100,天獄の正義 ヘブンズ・ヘブン,てんごくのせいぎ ヘブンズ・ヘブン,光,5,ドラグハート・フォートレス,,-,,,PS,,,"■自分のターン終了時、自分の手札から「ブロッカー」を持つ光のクリーチャー1枚をバトルゾーンに出してもよい。
■光以外の呪文を唱えるコストは1多くなる。
■龍解：自分のターン開始時、自分の「ブロッカー」を持つクリーチャーが3体以上あれば、このドラグハートを《天命讃華 ネバーラスト》のほうに裏返す。",長き瞑想にも、終わりの時がきた。,NAKAMURA 8,,双剣王凱旋,-,0,,,"470100,470200",,,landscape,天獄の正義 ヘブンズ・ヘブン,光,龍解,0,"■自分のターン終了時、自分の手札から「ブロッカー」を持つ光のクリーチャー1枚をバトルゾーンに出してもよい。
■光以外の呪文を唱えるコストは1多くなる。
■龍解：自分のターン開始時、自分の「ブロッカー」を持つクリーチャーが3体以上あれば、このドラグハートを《天命讃華 ネバーラスト》のほうに裏返す。",,dmps_official_api,https://dmps.takaratomy.co.jp/api1.0/plays/search.json
471100,浮遊する賛美歌 ゾディアック,ふゆうするさんびか ゾディアック,光,3,ドラグハート・フォートレス,,-,,,PS,,,"■自分の光のクリーチャーすべてのパワーは+1000される。
■龍解：自分のターン開始時、自分の光のクリーチャーが2体以上あれば、このドラグハートを《賛美の精霊龍 ハレルヤ・ゾディア》のほうに裏返す。",天命王を賛美し、ゾディアックを賛美する歌は、龍の力を解放させる。すべての歌は正義の為にあり。,Ishibashi Yosuke,,双剣王凱旋,-,0,,,"471100,471200",,,landscape,浮遊する賛美歌 ゾディアック,光,龍解,0,"■自分の光のクリーチャーすべてのパワーは+1000される。
■龍解：自分のターン開始時、自分の光のクリーチャーが2体以上あれば、このドラグハートを《賛美の精霊龍 ハレルヤ・ゾディア》のほうに裏返す。",,dmps_official_api,https://dmps.takaratomy.co.jp/api1.0/plays/search.json
471500,革命槍 ジャンヌ・ミゼル,かくめいそう ジャンヌ・ミゼル,光,2,ドラグハート・ウエポン,,-,,,PS,,,"■これを装備したクリーチャーが攻撃する時、相手のクリーチャー1体をタップしてもよい。
■龍解：自分のターン終了時、これを装備したクリーチャーがタップされていれば、このドラグハートを《聖槍の精霊龍 ダルク・アン・シエル》のほうに裏返す。",アリエースよ。正義のために我が力を使いたまえ。――革命槍 ジャンヌ・ミゼル,Takeuchi Kohei,,双剣王凱旋,-,0,,,"471500,471600",,,,革命槍 ジャンヌ・ミゼル,光,龍解,0,"■これを装備したクリーチャーが攻撃する時、相手のクリーチャー1体をタップしてもよい。
■龍解：自分のターン終了時、これを装備したクリーチャーがタップされていれば、このドラグハートを《聖槍の精霊龍 ダルク・アン・シエル》のほうに裏返す。",,dmps_official_api,https://dmps.takaratomy.co.jp/api1.0/plays/search.json
472600,龍波動空母 エビデゴラス,りゅうはどうくうぼ エビデゴラス,水,4,ドラグハート・フォートレス,,-,,,PS,,,"■自分のターン開始時、自分の手札が8枚以下なら、カードを1枚引く。
■龍解：自分がカードを引いた時、それがそのターン引く4枚目以降のカードであれば、このドラグハートを《最終龍理 Q.E.D.+》のほうに裏返す。",幾何学艦隊の切り札が、遂に戦場へと到着した。,NAKAMURA 8,,双剣王凱旋,-,0,,,"472600,472700",,,landscape,龍波動空母 エビデゴラス,水,龍解,0,"■自分のターン開始時、自分の手札が8枚以下なら、カードを1枚引く。
■龍解：自分がカードを引いた時、それがそのターン引く4枚目以降のカードであれば、このドラグハートを《最終龍理 Q.E.D.+》のほうに裏返す。",,dmps_official_api,https://dmps.takaratomy.co.jp/api1.0/plays/search.json
474900,獄龍刃 ディアボロス,ごくりゅうじん ディアボロス,闇,4,ドラグハート・ウエポン,,-,,,PS,,,"■バトルゾーンに出た時、自分の墓地からクリーチャー1枚を手札に戻す。
■龍解：自分のターン開始時、自分の手札からクリーチャー1枚を捨ててもよい。そうした場合、このドラグハートを《破滅の悪魔龍 ディアジゴク》のほうに裏返す。",死神の鎌が、破滅をもたらす。,Yuukoo009,,双剣王凱旋,-,0,,,"474900,475000",,,,獄龍刃 ディアボロス,闇,龍解,0,"■バトルゾーンに出た時、自分の墓地からクリーチャー1枚を手札に戻す。
■龍解：自分のターン開始時、自分の手札からクリーチャー1枚を捨ててもよい。そうした場合、このドラグハートを《破滅の悪魔龍 ディアジゴク》のほうに裏返す。",,dmps_official_api,https://dmps.takaratomy.co.jp/api1.0/plays/search.json
475600,魂喰いの魔狼月下城,たましいぐいのまろうげっかじょう,闇,3,ドラグハート・フォートレス,,-,,,PS,,,"■自分の闇のクリーチャーはすべて「スレイヤー」を得る。
■龍解：自分のターン開始時、自分の闇のクリーチャーが2体以上あれば、このドラグハートを《魔狼の悪魔龍 ミナゴロッセオ》のほうに裏返す。",ここは、すべての死を求めるものが集い闘う場所。その死者たちの魂は、ここに眠る龍の心を呼び覚ます。,Kutay,,双剣王凱旋,-,0,,,"475600,475700",,,landscape,魂喰いの魔狼月下城,闇,龍解,0,"■自分の闇のクリーチャーはすべて「スレイヤー」を得る。
■龍解：自分のターン開始時、自分の闇のクリーチャーが2体以上あれば、このドラグハートを《魔狼の悪魔龍 ミナゴロッセオ》のほうに裏返す。",,dmps_official_api,https://dmps.takaratomy.co.jp/api1.0/plays/search.json
477000,無敵王剣 ギガハート,むてきおうけん ギガハート,火,6,ドラグハート・ウエポン,,-,,,PS,,,"■これを装備したクリーチャーは「スピードアタッカー」を得、攻撃中、パワーが0より大きければ、破壊されない。
■龍解：自分のドラゴンが攻撃する時、そのターン2度目のドラゴンによる攻撃であれば、攻撃の後、このドラグハートを《最強熱血 オウギンガ》のほうに裏返す。",銀河より舞い降りし剣が真の力に目覚める時、新たなる王が生まれる。,lack,,双剣王凱旋,-,0,,,"477000,477100",,,,無敵王剣 ギガハート,火,龍解,0,"■これを装備したクリーチャーは「スピードアタッカー」を得、攻撃中、パワーが0より大きければ、破壊されない。
■龍解：自分のドラゴンが攻撃する時、そのターン2度目のドラゴンによる攻撃であれば、攻撃の後、このドラグハートを《最強熱血 オウギンガ》のほうに裏返す。",,dmps_official_api,https://dmps.takaratomy.co.jp/api1.0/plays/search.json
477200,銀河剣 プロトハート,ぎんがけん プロトハート,火,4,ドラグハート・ウエポン,,-,,,PS,,,"■各ターン、これを装備したクリーチャーが初めてタップした時、アンタップする。
■龍解：自分のターン終了時、そのターン、これを装備したクリーチャーが2度攻撃していたら、このドラグハートを《星龍解 ガイギンガ・ソウル》のほうに裏返す。",マッカラン、そしてフィディックの尽力によって、ガイグレンの暴走は止まった。,lack,,双剣王凱旋,-,0,,,"477200,477300",,,,銀河剣 プロトハート,火,龍解,0,"■各ターン、これを装備したクリーチャーが初めてタップした時、アンタップする。
■龍解：自分のターン終了時、そのターン、これを装備したクリーチャーが2度攻撃していたら、このドラグハートを《星龍解 ガイギンガ・ソウル》のほうに裏返す。",,dmps_official_api,https://dmps.takaratomy.co.jp/api1.0/plays/search.json
478500,天守閣 龍王武陣　-闘魂モード-,てんしゅかく りゅうおうむじん　-とうこんモード-,火,3,ドラグハート・フォートレス,,-,,,PS,,,"■自分の火のクリーチャーがバトルする時、そのターン、そのクリーチャーのパワーは+2000される。
■龍解：自分のターン開始時、自分の火のクリーチャーが2体以上あれば、このドラグハートを《熱血龍 ガイシュカク》のほうに裏返す。",火文明の本拠地、龍王武陣。激しく熱かりし魂が集まることで、新たな姿へと変化する。,kawasumi,,双剣王凱旋,-,0,,,"478500,478600",,,landscape,天守閣 龍王武陣　-闘魂モード-,火,龍解,0,"■自分の火のクリーチャーがバトルする時、そのターン、そのクリーチャーのパワーは+2000される。
■龍解：自分のターン開始時、自分の火のクリーチャーが2体以上あれば、このドラグハートを《熱血龍 ガイシュカク》のほうに裏返す。",,dmps_official_api,https://dmps.takaratomy.co.jp/api1.0/plays/search.json
478200,斬鉄剣 ガイアール・ホーン,ざんてつけん ガイアール・ホーン,火,2,ドラグハート・ウエポン,,-,,,PS,,,"■これを装備したクリーチャーは、「パワーアタッカー+2000」を得、種族にガイアール・コマンド・ドラゴンを追加する。
■龍解：自分のターン終了時、これを装備したクリーチャーがタップされていれば、このドラグハートを《熱血龍 ザンテツビッグ・ホーン》のほうに裏返す。",武器であるドラグハートも、力を得ることで変化していく。,Yuukoo009,,双剣王凱旋,-,0,,,"478200,478300",,,,斬鉄剣 ガイアール・ホーン,火,龍解,0,"■これを装備したクリーチャーは、「パワーアタッカー+2000」を得、種族にガイアール・コマンド・ドラゴンを追加する。
■龍解：自分のターン終了時、これを装備したクリーチャーがタップされていれば、このドラグハートを《熱血龍 ザンテツビッグ・ホーン》のほうに裏返す。",,dmps_official_api,https://dmps.takaratomy.co.jp/api1.0/plays/search.json
478000,無敵剣 プロト・ギガハート,むてきけん プロト・ギガハート,火,2,ドラグハート・ウエポン,,-,,,PS,,,■龍解：相手のカードの効果によって、これを装備したクリーチャーがバトルゾーンを離れる時、かわりにこのドラグハートを《最強龍 オウギンガ・ゼロ》のほうに裏返す。,世界最強と名高い爆流剣術。その極致に達したものは、二刀流すら操れるという。,boyaking,,双剣王凱旋,-,0,,,"478000,478100",,,,無敵剣 プロト・ギガハート,火,龍解,0,■龍解：相手のカードの効果によって、これを装備したクリーチャーがバトルゾーンを離れる時、かわりにこのドラグハートを《最強龍 オウギンガ・ゼロ》のほうに裏返す。,,dmps_official_api,https://dmps.takaratomy.co.jp/api1.0/plays/search.json
479900,侵攻する神秘 ニガ=アブシューム,しんこうするしんぴ ニガ=アブシューム,自然,5,ドラグハート・フォートレス,,-,,,PS,,,"■自分のマナゾーンにあるカードをすべての文明のカードとして扱う。
■自分のドラゴンが破壊される時、かわりにマナゾーンに置く。
■龍解：自分のターン終了時、自分のマナゾーンからドラゴン5枚を手札に戻してもよい。そうした場合、このドラグハートを《五邪王 ニガ=ヴェルムート》のほうに裏返す。",ザ＝デッドマンが復活したとき、不気味な音を立ててニガ＝アブシュームがその姿を現した。,TUBAKI HALSAME,,双剣王凱旋,-,0,,,"479900,482000",,,landscape,侵攻する神秘 ニガ=アブシューム,自然,龍解,0,"■自分のマナゾーンにあるカードをすべての文明のカードとして扱う。
■自分のドラゴンが破壊される時、かわりにマナゾーンに置く。
■龍解：自分のターン終了時、自分のマナゾーンからドラゴン5枚を手札に戻してもよい。そうした場合、このドラグハートを《五邪王 ニガ=ヴェルムート》のほうに裏返す。",,dmps_official_api,https://dmps.takaratomy.co.jp/api1.0/plays/search.json
480600,神秘の集う遺跡 エウル=ブッカ,しんぴのつどういせき エウル=ブッカ,自然,3,ドラグハート・フォートレス,,-,,,PS,,,"■自分の自然のクリーチャーの召喚コストを1少なくする。ただし1より少なくならず、かつそのクリーチャーの持つ文明の数より少なくならない。
■龍解：自分のターン開始時、自分の自然のクリーチャーが2体以上あれば、このドラグハートを《遺跡類神秘目 レジル=エウル=ブッカ》のほうに裏返す。",神秘とドングリとアイドルの集う遺跡、それがエウル＝ブッカ。,nejita,,双剣王凱旋,-,0,,,"480600,480700",,,landscape,神秘の集う遺跡 エウル=ブッカ,自然,龍解,0,"■自分の自然のクリーチャーの召喚コストを1少なくする。ただし1より少なくならず、かつそのクリーチャーの持つ文明の数より少なくならない。
■龍解：自分のターン開始時、自分の自然のクリーチャーが2体以上あれば、このドラグハートを《遺跡類神秘目 レジル=エウル=ブッカ》のほうに裏返す。",,dmps_official_api,https://dmps.takaratomy.co.jp/api1.0/plays/search.json
457020,銀河大剣 ガイハート,ぎんがたいけん ガイハート,火,4,ドラグハート・ウエポン,,-,,,PS,,,"■これを装備したクリーチャーは「スピードアタッカー」を得る。
■龍解：自分のクリーチャーが攻撃する時、そのターン2度目のクリーチャーの攻撃であれば、攻撃の後、このドラグハートを《熱血星龍 ガイギンガ》のほうに裏返す。",燃え上がる熱き心が、銀河の力を呼び覚ます！,neko61,,龍解紅蓮伝,-,0,,,"457020,457120",,,,銀河大剣 ガイハート,火,龍解,0,"■これを装備したクリーチャーは「スピードアタッカー」を得る。
■龍解：自分のクリーチャーが攻撃する時、そのターン2度目のクリーチャーの攻撃であれば、攻撃の後、このドラグハートを《熱血星龍 ガイギンガ》のほうに裏返す。",,dmps_official_api,https://dmps.takaratomy.co.jp/api1.0/plays/search.json
450100,不滅槍 パーフェクト,ふめつそう パーフェクト,光,4,ドラグハート・ウエポン,,-,,,PS,,,"■これを装備したクリーチャーがバトルゾーンから墓地以外のどこかに離れる時、かわりにバトルゾーンにとどまる。
■龍解：自分のターン終了時、自分のクリーチャーが4体以上あれば、このドラグハートを《天命王 エバーラスト》のほうに裏返す。 ",決して折れることのない槍が、正義を貫く。,Daisuke Izuka,,龍解紅蓮伝,-,0,,,"450100,450200",,,,不滅槍 パーフェクト,光,龍解,0,"■これを装備したクリーチャーがバトルゾーンから墓地以外のどこかに離れる時、かわりにバトルゾーンにとどまる。
■龍解：自分のターン終了時、自分のクリーチャーが4体以上あれば、このドラグハートを《天命王 エバーラスト》のほうに裏返す。 ",,dmps_official_api,https://dmps.takaratomy.co.jp/api1.0/plays/search.json
451200,神光の龍槍 ウルオヴェリア,しんこうのりゅうそう ウルオヴェリア,光,2,ドラグハート・ウエポン,,-,,,PS,,,"■これを装備したクリーチャーは「ブロッカー」を得る。
■龍解：自分のターン終了時、これを装備したクリーチャーがタップしていれば、このドラグハートを《神光の精霊龍 ウルティマリア》のほうに裏返す。 ",精霊の力を込めた龍槍は、正義のために貫かれる。,Morechand,,龍解紅蓮伝,-,0,,,"451200,451300",,,,神光の龍槍 ウルオヴェリア,光,龍解,0,"■これを装備したクリーチャーは「ブロッカー」を得る。
■龍解：自分のターン終了時、これを装備したクリーチャーがタップしていれば、このドラグハートを《神光の精霊龍 ウルティマリア》のほうに裏返す。 ",,dmps_official_api,https://dmps.takaratomy.co.jp/api1.0/plays/search.json
452400,真理銃 エビデンス,しんりじゅう エビデンス,水,4,ドラグハート・ウエポン,,-,,,PS,,,"■バトルゾーンに出た時、またはこれを装備したクリーチャーが攻撃する時、カードを1枚引く。
■龍解：自分のターン終了時、そのターン、自分の水のクリーチャーまたは水の呪文を合計3枚以上、召喚または唱えていれば、このドラグハートを《龍素王 Q.E.D.》のほうに裏返す。",撃ち抜かれた痕こそが、揺るがぬ真理の証明となる。,TUBAKI HALSAME,,龍解紅蓮伝,-,0,,,"452400,452500",,,,真理銃 エビデンス,水,龍解,0,"■バトルゾーンに出た時、またはこれを装備したクリーチャーが攻撃する時、カードを1枚引く。
■龍解：自分のターン終了時、そのターン、自分の水のクリーチャーまたは水の呪文を合計3枚以上、召喚または唱えていれば、このドラグハートを《龍素王 Q.E.D.》のほうに裏返す。",,dmps_official_api,https://dmps.takaratomy.co.jp/api1.0/plays/search.json
453500,二丁龍銃 マルチプライ,にちょうりゅうじゅう マルチプライ,水,2,ドラグハート・ウエポン,,-,,,PS,,,"■これを装備したクリーチャーはブロックされない。
■龍解：自分のターン終了時、これを装備したクリーチャーがタップされていれば、このドラグハートを《龍素記号nb ライプニッツ》のほうに裏返す。",龍素の力を込めた龍銃は、弱者を護るために放たれる。,MATSUMOTO EIGHT,,龍解紅蓮伝,-,0,,,"453500,453600",,,,二丁龍銃 マルチプライ,水,龍解,0,"■これを装備したクリーチャーはブロックされない。
■龍解：自分のターン終了時、これを装備したクリーチャーがタップされていれば、このドラグハートを《龍素記号nb ライプニッツ》のほうに裏返す。",,dmps_official_api,https://dmps.takaratomy.co.jp/api1.0/plays/search.json
454700,滅殺刃 ゴー・トゥ・ヘル,めっさつじん ゴー・トゥ・ヘル,闇,4,ドラグハート・ウエポン,,-,,,PS,,,"■バトルゾーンに出た時、または、これを装備したクリーチャーが攻撃する時、自分の墓地からコスト5以下のファンキー・ナイトメア1枚をバトルゾーンに出してもよい。
■龍解：自分のターン終了時、このドラグハートを《魔壊王 デスシラズ》のほうに裏返してもよい。そうした場合、自分のクリーチャー3体を破壊する。",月夜を映す刃が、その罪を裁く。,Yuukoo009,,龍解紅蓮伝,-,0,,,"454700,454800",,,,滅殺刃 ゴー・トゥ・ヘル,闇,龍解,0,"■バトルゾーンに出た時、または、これを装備したクリーチャーが攻撃する時、自分の墓地からコスト5以下のファンキー・ナイトメア1枚をバトルゾーンに出してもよい。
■龍解：自分のターン終了時、このドラグハートを《魔壊王 デスシラズ》のほうに裏返してもよい。そうした場合、自分のクリーチャー3体を破壊する。",,dmps_official_api,https://dmps.takaratomy.co.jp/api1.0/plays/search.json
455800,凶乱の魔鎌 ディスカルド,きょうらんのまけん ディスカルド,闇,2,ドラグハート・ウエポン,,-,,,PS,,,"■これを装備したクリーチャーが攻撃する時、相手は自身の手札を1枚捨てる。
■龍解：自分のターン終了時、これを装備したクリーチャーがタップされていれば、このドラグハートを《凶乱の悪魔龍 ドクロカルド》のほうに裏返す。",悪魔の力を込めた龍鎌は、罪を増やすためだけに振りおろされる。,Tanaka Kenichi,,龍解紅蓮伝,-,0,,,"455800,455900",,,,凶乱の魔鎌 ディスカルド,闇,龍解,0,"■これを装備したクリーチャーが攻撃する時、相手は自身の手札を1枚捨てる。
■龍解：自分のターン終了時、これを装備したクリーチャーがタップされていれば、このドラグハートを《凶乱の悪魔龍 ドクロカルド》のほうに裏返す。",,dmps_official_api,https://dmps.takaratomy.co.jp/api1.0/plays/search.json
457000,銀河大剣 ガイハート,ぎんがたいけん ガイハート,火,4,ドラグハート・ウエポン,,-,,,PS,,,"■これを装備したクリーチャーは「スピードアタッカー」を得る。
■龍解：自分のクリーチャーが攻撃する時、そのターン2度目のクリーチャーの攻撃であれば、攻撃の後、このドラグハートを《熱血星龍 ガイギンガ》のほうに裏返す。",激しく熱かりし心に、その剣は答える！,Tanru,,龍解紅蓮伝,-,0,,,"457000,457100",,,,銀河大剣 ガイハート,火,龍解,0,"■これを装備したクリーチャーは「スピードアタッカー」を得る。
■龍解：自分のクリーチャーが攻撃する時、そのターン2度目のクリーチャーの攻撃であれば、攻撃の後、このドラグハートを《熱血星龍 ガイギンガ》のほうに裏返す。",,dmps_official_api,https://dmps.takaratomy.co.jp/api1.0/plays/search.json
457500,将龍剣 ガイアール,しょうりゅうけん ガイアール,火,4,ドラグハート・ウエポン,,-,,,PS,,,"■バトルゾーンに出た時、相手のクリーチャー1体を選び、このドラグハートを装備したクリーチャーをバトルさせる。
■龍解：自分のガイアール・コマンド・ドラゴンまたは名前に《ガイアール》とあるクリーチャーが攻撃する時、このドラグハートを《猛烈将龍 ガイバーン》のほうに裏返す。 ",かつてモルトの父、リベットが使用した伝説の剣。それがガイアールだ！,NAKAMURA 8,,龍解紅蓮伝,-,0,,,"457500,457600",,,,将龍剣 ガイアール,火,龍解,0,"■バトルゾーンに出た時、相手のクリーチャー1体を選び、このドラグハートを装備したクリーチャーをバトルさせる。
■龍解：自分のガイアール・コマンド・ドラゴンまたは名前に《ガイアール》とあるクリーチャーが攻撃する時、このドラグハートを《猛烈将龍 ガイバーン》のほうに裏返す。 ",,dmps_official_api,https://dmps.takaratomy.co.jp/api1.0/plays/search.json
458500,熱血剣 グリージーホーン,ねっけつけん グリージーホーン,火,2,ドラグハート・ウエポン,,-,,,PS,,,"■これを装備したクリーチャーはアンタップしているクリーチャーを攻撃できる。
■龍解：自分のターン終了時、これを装備したクリーチャーがタップされていれば、このドラグハートを《熱血龍 リトルビッグホーン》のほうに裏返す。",熱き思いを込めた龍剣は、熱血によってほとばしる。,lack,,龍解紅蓮伝,-,0,,,"458500,458600",,,,熱血剣 グリージーホーン,火,龍解,0,"■これを装備したクリーチャーはアンタップしているクリーチャーを攻撃できる。
■龍解：自分のターン終了時、これを装備したクリーチャーがタップされていれば、このドラグハートを《熱血龍 リトルビッグホーン》のほうに裏返す。",,dmps_official_api,https://dmps.takaratomy.co.jp/api1.0/plays/search.json
459500,始原塊 ジュダイナ,ジュラシック・ハンマー ジュダイナ,自然,4,ドラグハート・ウエポン,,-,,,PS,,,"■自分のターン中、自分のマナゾーンからドラゴン1枚を召喚してもよい。
■龍解：自分のターン終了時、自分のドラゴンが3体以上あれば、このドラグハートを《古代王 ザウルピオ》のほうに裏返す。",龍を生み出す、謎に包まれたドラグハート。,YOICHI ITO,,龍解紅蓮伝,-,0,,,"459500,459600",,,,始原塊 ジュダイナ,自然,龍解,0,"■自分のターン中、自分のマナゾーンからドラゴン1枚を召喚してもよい。
■龍解：自分のターン終了時、自分のドラゴンが3体以上あれば、このドラグハートを《古代王 ザウルピオ》のほうに裏返す。",,dmps_official_api,https://dmps.takaratomy.co.jp/api1.0/plays/search.json
460800,龍棍棒 トゲトプス,トリケラ・インパクト トゲトプス,自然,2,ドラグハート・ウエポン,,-,,,PS,,,"■これを装備したクリーチャーのパワーは+1000され、「ガードマン」を得る。
■龍解：自分のターン終了時、これを装備したクリーチャーがタップされていれば、このドラグハートを《多角類衝撃目 ブッツブ・トプス》のほうに裏返す。",古代の力を込めた龍棍は、力の限りたたきつけられる。,Shishizaru,,龍解紅蓮伝,-,0,,,"460800,460900",,,,龍棍棒 トゲトプス,自然,龍解,0,"■これを装備したクリーチャーのパワーは+1000され、「ガードマン」を得る。
■龍解：自分のターン終了時、これを装備したクリーチャーがタップされていれば、このドラグハートを《多角類衝撃目 ブッツブ・トプス》のほうに裏返す。",,dmps_official_api,https://dmps.takaratomy.co.jp/api1.0/plays/search.json
580100,真聖教会 エンドレス・ヘブン,しんせいきょうかい エンドレス・ヘブン,光,5,ドラグハート・フォートレス,,-,,,PS,,,"■自分のクリーチャーが破壊された時、自分のシールドが9つ以下なら、自分の山札の上から1枚目をシールド化する。（自分の《真聖教会 エンドレス・ヘブン》のこの効果は、各ターン中1回のみ発動する）
■龍解：自分のターン終了時、自分のシールドが相手より多ければ、このドラグハートを《真・天命王 ネバーエンド》のほうに裏返す。",鷹まってきた！――鷹嶺ルイ,Yuukoo009/アートアンフ,-,プライズ,-,-,,,"580100,580200",,,landscape,真聖教会 エンドレス・ヘブン,光,"シールド化,龍解",0,"■自分のクリーチャーが破壊された時、自分のシールドが9つ以下なら、自分の山札の上から1枚目をシールド化する。（自分の《真聖教会 エンドレス・ヘブン》のこの効果は、各ターン中1回のみ発動する）
■龍解：自分のターン終了時、自分のシールドが相手より多ければ、このドラグハートを《真・天命王 ネバーエンド》のほうに裏返す。",,dmps_official_api,https://dmps.takaratomy.co.jp/api1.0/plays/search.json
580400,龍波動空母 エビデゴラス,りゅうはどうくうぼ エビデゴラス,水,4,ドラグハート・フォートレス,,-,,,PS,,,"■自分のターン開始時、自分の手札が8枚以下なら、カードを1枚引く。
■龍解：自分がカードを引いた時、それがそのターン引く4枚目以降のカードであれば、このドラグハートを《最終龍理 Q.E.D.+》のほうに裏返す。",コヨリニウムを注入～！――博衣こより,NAKAMURA 8/アートアンフ,-,プライズ,-,-,,,"580400,580500",,,landscape,龍波動空母 エビデゴラス,水,龍解,0,"■自分のターン開始時、自分の手札が8枚以下なら、カードを1枚引く。
■龍解：自分がカードを引いた時、それがそのターン引く4枚目以降のカードであれば、このドラグハートを《最終龍理 Q.E.D.+》のほうに裏返す。",,dmps_official_api,https://dmps.takaratomy.co.jp/api1.0/plays/search.json
580700,極魔王殿 ウェルカム・ヘル,ごくまおうでん ウェルカム・ヘル,闇,5,ドラグハート・フォートレス,,-,,,PS,,,"■バトルゾーンに出た時、または自分のドラグナーが攻撃する時、自分の墓地から闇のコスト5以下のクリーチャー1枚をバトルゾーンに出してもよい。
■龍解：自分のターン終了時、自分のクリーチャー4体を破壊してもよい。そうした場合、このドラグハートを《極・魔壊王 デスゴロス》のほうに裏返す。",そこに跪け！――ラプラス・ダークネス,NAKAMURA 8/アートアンフ,-,プライズ,-,-,,,"580700,580800",,,landscape,極魔王殿 ウェルカム・ヘル,闇,龍解,0,"■バトルゾーンに出た時、または自分のドラグナーが攻撃する時、自分の墓地から闇のコスト5以下のクリーチャー1枚をバトルゾーンに出してもよい。
■龍解：自分のターン終了時、自分のクリーチャー4体を破壊してもよい。そうした場合、このドラグハートを《極・魔壊王 デスゴロス》のほうに裏返す。",,dmps_official_api,https://dmps.takaratomy.co.jp/api1.0/plays/search.json
581000,闘将銀河城 ハートバーン,とうしょうぎんがじょう ハートバーン,火,5,ドラグハート・フォートレス,,-,,,PS,,,"■自分のドラゴンはすべて「スピードアタッカー」を得る。
■龍解：自分のドラゴンがアンタップされた時、このドラグハートを《超戦覇龍 ガイNEXT》のほうに裏返す。",ばく～ん！――沙花叉クロヱ,shosuke/アートアンフ,,プライズ,-,-,,,"581000,581100",,,landscape,闘将銀河城 ハートバーン,火,龍解,0,"■自分のドラゴンはすべて「スピードアタッカー」を得る。
■龍解：自分のドラゴンがアンタップされた時、このドラグハートを《超戦覇龍 ガイNEXT》のほうに裏返す。",,dmps_official_api,https://dmps.takaratomy.co.jp/api1.0/plays/search.json
581300,侵攻する神秘 ニガ=アブシューム,しんこうするしんぴ ニガ=アブシューム,自然,5,ドラグハート・フォートレス,,-,,,PS,,,"■自分のマナゾーンにあるカードをすべての文明のカードとして扱う。
■自分のドラゴンが破壊される時、かわりにマナゾーンに置く。
■龍解：自分のターン終了時、自分のマナゾーンからドラゴン5枚を手札に戻してもよい。そうした場合、このドラグハートを《五邪王 ニガ=ヴェルムート》のほうに裏返す。",ｼﾞｬｷﾝｼﾞｬｷﾝでござる！――風真いろは,TUBAKI HALSAME/アートアンフ,-,プライズ,-,-,,,"581300,581400",,,landscape,侵攻する神秘 ニガ=アブシューム,自然,龍解,0,"■自分のマナゾーンにあるカードをすべての文明のカードとして扱う。
■自分のドラゴンが破壊される時、かわりにマナゾーンに置く。
■龍解：自分のターン終了時、自分のマナゾーンからドラゴン5枚を手札に戻してもよい。そうした場合、このドラグハートを《五邪王 ニガ=ヴェルムート》のほうに裏返す。",,dmps_official_api,https://dmps.takaratomy.co.jp/api1.0/plays/search.json
